Date,Open,High,Low,Close,Volume
2019-01-01,4253.7919921875,4253.7919921875,4253.7919921875,4253.7919921875,0
2019-01-02,4253.791708909828,4290.60336792924,4253.791708909828,4286.51318359375,35956000
2019-01-03,4253.792380550193,4270.1531204753865,4184.259235868123,4237.431640625,72358000
2019-01-04,4233.340730254863,4257.8818359375,4192.438887450468,4257.8818359375,51465000
2019-01-07,4306.96474367329,4356.04696297441,4290.60400390625,4290.60400390625,73438000
2019-01-08,4278.33281492277,4351.9561329615935,4257.881893245319,4286.51318359375,66247500
2019-01-09,4335.596334963725,4351.9570758503805,4274.243556638767,4298.78466796875,84871000
2019-01-10,4335.596334963725,4335.596334963725,4245.6122600871195,4298.78466796875,114314500
2019-01-11,4319.234464285714,4335.595200892857,4282.422806919642,4294.693359375,84826500
2019-01-14,4270.15273061899,4282.423284442608,4212.890146108774,4253.7919921875,87547500
2019-01-15,4278.3338878326995,4302.875,4245.612404942965,4302.875,87763000
2019-01-16,4302.874271966651,4323.3251953125,4290.603717959141,4323.3251953125,94972500
2019-01-17,4327.415242436679,4360.13671875,4323.325057897514,4360.13671875,91654000
2019-01-18,4368.31744311636,4437.8505859375,4347.8665187572005,4437.8505859375,100873500
2019-01-21,4437.85021961649,4581.006678313796,4409.218927877029,4536.0146484375,87118000
2019-01-22,4581.00634765625,4597.367084612165,4458.300820486886,4581.00634765625,91907000
2019-01-23,4581.006321022727,4581.006321022727,4478.751715642756,4499.20263671875,98512500
2019-01-24,4441.941795265282,4486.933839232057,4380.58900803786,4466.48291015625,106781000
2019-01-25,4417.398952414773,4515.563373579545,4417.398952414773,4499.20263671875,68944000
2019-01-28,4511.474021127161,4511.474021127161,4478.752541372839,4495.11328125,69704000
2019-01-29,4454.210812785565,4540.104685208427,4450.120628384477,4531.92431640625,77679000
2019-01-30,4548.284951030345,4548.284951030345,4495.112555020098,4515.5634765625,76285000
2019-01-31,4515.563934948979,4613.7283683174355,4515.563934948979,4609.63818359375,135904500
2019-02-01,4646.449846106921,4703.71243223852,4548.285412738464,4609.63818359375,57719500
2019-02-04,4609.637610529119,4609.637610529119,4499.20263671875,4499.20263671875,113846500
2019-02-05,4499.20263671875,4499.20263671875,4499.20263671875,4499.20263671875,0
2019-02-06,4499.203664888211,4531.925146087398,4495.113479738313,4527.8349609375,121996500
2019-02-07,4527.83432520061,4527.83432520061,4503.293217746948,4523.744140625,63697500
2019-02-08,4523.7438451794615,4527.834029487942,4499.202739328578,4515.5634765625,65268500
2019-02-11,4515.564206096451,4523.744576035032,4466.481986464968,4495.11328125,37639000
2019-02-12,4523.74551156851,4523.74551156851,4458.302538525927,4466.48291015625,95883500
2019-02-13,4466.481731794857,4491.0228402113125,4425.579884434098,4433.76025390625,103115500
2019-02-14,4421.489987511617,4421.489987511617,4401.0390625,4401.0390625,108738500
2019-02-15,4384.677734375,4425.57957891208,4364.22681210646,4384.677734375,81340000
2019-02-18,4425.579701221773,4499.203023423243,4425.579701221773,4482.84228515625,62991000
2019-02-19,4433.7605425185875,4482.842762546468,4401.0390625,4401.0390625,64469000
2019-02-20,4458.300794566761,4576.916136807528,4450.120426136364,4499.20263671875,89583000
2019-02-21,4531.924750581858,4548.285489753633,4474.662163480642,4503.29345703125,54561500
2019-02-22,4478.752394712687,4519.654243066228,4466.481840206626,4491.02294921875,48271500
2019-02-25,4491.02294921875,4499.2033188894575,4462.391655371272,4491.02294921875,47887000
2019-02-26,4499.203763149752,4544.19580078125,4495.113577910525,4544.19580078125,98446000
2019-02-27,4552.37646484375,4556.466650346754,4536.015722831733,4552.37646484375,78519500
2019-02-28,4556.466649903672,4564.647020908885,4507.384423872393,4511.474609375,99366000
2019-03-01,4552.375238411693,4581.006529219314,4527.834132005161,4531.92431640625,72589500
2019-03-04,4515.564405487805,4531.925146087398,4511.474220337906,4527.8349609375,63910500
2019-03-05,4499.20346621929,4503.29365118858,4450.121246587807,4495.11328125,46499500
2019-03-06,4544.195352078353,4544.195352078353,4491.02294921875,4491.02294921875,37777000
2019-03-07,4491.02294921875,4491.02294921875,4491.02294921875,4491.02294921875,0
2019-03-08,4536.014477449306,4556.465399349438,4450.12060546875,4450.12060546875,61126000
2019-03-11,4523.74438099597,4523.74438099597,4466.481793894754,4503.29345703125,32469000
2019-03-12,4531.924110440341,4531.924110440341,4458.300794566761,4499.20263671875,40178500
2019-03-13,4458.300794566761,4503.292820933949,4458.300794566761,4499.20263671875,17722000
2019-03-14,4458.301177755759,4495.112838856495,4458.301177755759,4482.84228515625,41096000
2019-03-15,4515.563578801895,4536.014500807339,4486.932287994275,4531.92431640625,41759500
2019-03-18,4544.195653856982,4548.285838963964,4527.834913429055,4540.10546875,42791000
2019-03-19,4531.92479757229,4536.014982407644,4486.932764383396,4491.02294921875,51527000
2019-03-20,4531.92469578382,4544.1952500142825,4470.571924631513,4474.662109375,42388500
2019-03-21,4491.02299604024,4515.564105308219,4470.572071650257,4478.75244140625,39866000
2019-03-22,4470.572364883631,4499.2036609075885,4470.572364883631,4486.93310546875,29601000
2019-03-25,4450.120560265811,4499.202772327567,4450.120560265811,4462.39111328125,23054500
2019-03-26,4482.842478861974,4507.383587322897,4462.391555144539,4474.662109375,19895500
2019-03-27,4507.3840312001485,4507.3840312001485,4466.4821797373515,4486.93310546875,17804500
2019-03-28,4466.481739888026,4486.932663605462,4437.850446683615,4474.662109375,32187500
2019-03-29,4511.473973989055,4523.744528768716,4466.48193979696,4507.3837890625,36234000
2019-04-01,4540.104478870739,4540.104478870739,4482.841899857955,4499.20263671875,21786000
2019-04-02,4523.743742009943,4556.465215731534,4482.841899857955,4499.20263671875,36853000
2019-04-03,4499.20263671875,4499.20263671875,4499.20263671875,4499.20263671875,0
2019-04-04,4531.92431640625,4548.285054010605,4491.022472395363,4531.92431640625,48112000
2019-04-05,4548.285248078661,4548.285248078661,4519.653956049389,4523.744140625,21913500
2019-04-08,4503.293207989992,4531.924499957231,4458.301177755759,4482.84228515625,39910000
2019-04-09,4527.8349609375,4540.105516387195,4511.474220337906,4527.8349609375,29447000
2019-04-10,4540.105221295249,4544.1954061792985,4511.473927106901,4519.654296875,19508500
2019-04-11,4548.2852382242245,4548.2852382242245,4482.84228515625,4482.84228515625,25356000
2019-04-12,4466.481162997159,4507.383005149148,4466.481162997159,4499.20263671875,18577000
2019-04-15,4548.285489753633,4556.465859339521,4491.022902652418,4503.29345703125,68152000
2019-04-16,4495.11328125,4503.29365118858,4478.752541372839,4495.11328125,71017000
2019-04-17,4495.11328125,4495.11328125,4495.11328125,4495.11328125,0
2019-04-18,4581.006597222222,4748.70416015625,4564.645859375,4601.45751953125,129332500
2019-04-19,4601.45751953125,4601.45751953125,4601.45751953125,4601.45751953125,0
2019-04-22,4601.45751953125,4646.449548611111,4568.736043836806,4601.45751953125,62837500
2019-04-23,4646.449697491119,4670.990805048291,4576.916559412467,4605.5478515625,48654000
2019-04-24,4655.904563998668,4655.904563998668,4622.883964253996,4647.6494140625,46975000
2019-04-25,4569.225931530664,4639.394712773682,4560.970780796191,4618.7568359375,61482500
2019-04-26,4610.501504809831,4660.032407278692,4598.118779192616,4639.39453125,66204500
2019-04-29,4631.139591750495,4701.308373443684,4618.756865569344,4693.05322265625,65480500
2019-04-30,4680.668778872283,4754.965108695652,4680.668778872283,4746.7099609375,107607500
2019-05-01,4746.7099609375,4746.7099609375,4746.7099609375,4746.7099609375,0
2019-05-02,4787.987456711741,4796.242607499175,4684.798071868816,4693.05322265625,80879500
2019-05-03,4688.9254267621145,4746.711479556719,4635.266949167126,4684.7978515625,58244500
2019-05-06,4622.8842304270465,4672.415132895907,4618.7566552213075,4639.39453125,36649500
2019-05-07,4684.79776443104,4713.690790290968,4664.159888816806,4672.4150390625,59177000
2019-05-08,4622.884046052632,4705.435546875,4618.756471011513,4705.435546875,59062000
2019-05-09,4705.435463615675,4705.435463615675,4643.521839094416,4647.6494140625,126636500
2019-05-10,4631.13916015625,4688.925210282977,4622.884010138147,4631.13916015625,76130500
2019-05-13,4688.925210282977,4701.307935310133,4622.884010138147,4631.13916015625,63720500
2019-05-14,4589.864048993403,4647.650107164183,4536.20556640625,4536.20556640625,114800500
2019-05-15,4585.735441885588,4585.735441885588,4494.9287994720125,4507.3115234375,72065000
2019-05-16,4507.310929731889,4523.8212261777935,4358.71826171875,4358.71826171875,87939000
2019-05-17,4358.719473938224,4383.484925494691,4276.16796875,4276.16796875,74207000
2019-05-20,4276.167985086548,4449.52614664411,4243.147382885107,4441.27099609375,54764500
2019-05-21,4515.566672747826,4536.204546023638,4457.780627575549,4507.3115234375,97371000
2019-05-22,4565.097568609775,4565.097568609775,4457.780627575549,4507.3115234375,38519000
2019-05-23,4490.801265611061,4627.01123046875,4408.249771757917,4627.01123046875,54926000
2019-05-24,4631.13916015625,4647.649460192458,4627.011585147198,4631.13916015625,37402000
2019-05-27,4569.225960844739,4705.435948837401,4565.098385451022,4693.05322265625,68564000
2019-05-28,4668.2878935197805,4763.222130081191,4668.2878935197805,4734.3291015625,209923000
2019-05-29,4787.986460828614,4866.410376997359,4730.2004173358555,4738.45556640625,133044500
2019-05-30,4738.45556640625,4738.45556640625,4738.45556640625,4738.45556640625,0
2019-05-31,4738.455873469717,4845.772818339239,4734.328298667042,4804.4970703125,96875000
2019-06-03,4804.4970703125,4804.4970703125,4804.4970703125,4804.4970703125,0
2019-06-04,4804.4970703125,4804.4970703125,4804.4970703125,4804.4970703125,0
2019-06-05,4804.4970703125,4804.4970703125,4804.4970703125,4804.4970703125,0
2019-06-06,4804.4970703125,4804.4970703125,4804.4970703125,4804.4970703125,0
2019-06-07,4804.4970703125,4804.4970703125,4804.4970703125,4804.4970703125,0
2019-06-10,4953.090122767857,5109.937976655506,4796.242268880208,4854.0283203125,179238000
2019-06-11,4870.538307357762,4920.069205398689,4825.134984153579,4878.79345703125,72901000
2019-06-12,4821.007190975192,4870.538086772883,4804.4968923759625,4825.134765625,69255500
2019-06-13,4858.155453441268,4858.155453441268,4779.731533632106,4792.1142578125,78802500
2019-06-14,4825.135482051455,4825.135482051455,4779.732154162177,4787.9873046875,57220500
2019-06-17,4796.241610325442,4821.007057538826,4779.731312183186,4783.85888671875,83624000
2019-06-18,4783.85853871491,4870.53759765625,4783.85853871491,4870.53759765625,78788000
2019-06-19,4870.538967145412,4920.069871896044,4862.283816353641,4903.5595703125,66944500
2019-06-20,4870.538307357762,4903.558906051713,4792.1143854596285,4878.79345703125,59504500
2019-06-21,4878.79377092634,4899.431646437872,4821.007719494048,4854.0283203125,144149000
2019-06-24,4866.40970994016,4870.537283909574,4841.644266123671,4849.8994140625,30084000
2019-06-25,4895.303756378225,4920.069205398689,4849.900433174043,4878.79345703125,40561500
2019-06-26,4903.5586387068415,4903.5586387068415,4837.517444919544,4841.64501953125,59334500
2019-06-27,4829.262382680866,4899.43115234375,4792.114210506397,4899.43115234375,77525000
2019-06-28,4936.579677400438,4948.96240234375,4920.069377476022,4948.96240234375,80919000
2019-07-01,4948.9620473412715,4973.727495451403,4924.196599231141,4944.83447265625,56612500
2019-07-02,4944.834206542969,4953.08935546875,4911.813610839844,4953.08935546875,48563500
2019-07-03,4911.813610839844,4953.08935546875,4903.558461914063,4953.08935546875,43640000
2019-07-04,4953.089622026294,4961.344771396338,4924.196599231141,4944.83447265625,28224500
2019-07-05,4969.599965975713,4969.599965975713,4928.32421875,4928.32421875,32722500
2019-07-08,4899.431646437872,4920.069521949405,4841.645595005581,4854.0283203125,38361000
2019-07-09,4845.772419433594,4953.08935546875,4845.772419433594,4953.08935546875,47740500
2019-07-10,4953.08935546875,4986.109951171875,4948.96178100586,4953.08935546875,52183500
2019-07-11,4969.59947646525,4973.72705078125,4936.578881937241,4973.72705078125,34279500
2019-07-12,4953.089577267055,4977.85502515339,4948.962002619332,4961.3447265625,29838000
2019-07-15,5002.620383522728,5048.023703835228,4981.982510653409,5039.7685546875,61453500
2019-07-16,5019.130726170913,5039.768599222602,5010.875576950237,5023.25830078125,38075000
2019-07-17,5019.130945121951,5076.9169921875,4990.237921589177,5076.9169921875,45487000
2019-07-18,5035.641376690907,5093.427425275885,4998.4932026005645,5072.78955078125,43625500
2019-07-19,5114.064320422757,5126.447042748236,5076.91615344632,5118.19189453125,43973500
2019-07-22,5167.723322299782,5192.48876953125,5118.192427836844,5192.48876953125,37314500
2019-07-23,5151.214001102646,5192.48975431661,5122.320973852872,5147.08642578125,39129500
2019-07-24,5167.7234109374995,5171.850985546875,5089.2994933593745,5159.46826171875,51343500
2019-07-25,5175.97856015625,5180.106134765625,5118.192515625,5159.46826171875,53477500
2019-07-26,5159.468754729116,5159.468754729116,5109.937854683717,5114.0654296875,51797500
2019-07-29,5134.703929599152,5142.959080611369,5085.173023525848,5109.9384765625,68509500
2019-07-30,5122.320400422026,5159.468574155949,5109.937675844052,5134.703125,38225500
2019-07-31,5109.9384765625,5151.214231623586,5101.6833255502825,5109.9384765625,64129000
2019-08-01,5109.936968473228,5175.978157080313,5105.809394185286,5126.447265625,78228000
2019-08-02,5085.172717710868,5122.320895031808,5085.172717710868,5089.30029296875,62989500
2019-08-05,5130.5750573730475,5130.5750573730475,4953.08935546875,4953.08935546875,90924000
2019-08-06,4854.0283203125,4915.941946847098,4759.09409295945,4854.0283203125,183296000
2019-08-07,4932.451704028442,4994.36532374428,4874.665658960326,4961.3447265625,92102000
2019-08-08,4961.345348602727,5019.131400915903,4936.579897611366,4957.2177734375,58295500
2019-08-09,4998.493385057064,5052.151860701772,4998.493385057064,5006.74853515625,48118500
2019-08-12,5010.875800328538,5019.1309499172185,4953.0897532077815,4986.1103515625,52705000
2019-08-13,4953.090418485037,4986.111021274937,4953.090418485037,4965.47314453125,84406000
2019-08-14,4986.110174448835,5002.620473039725,4936.579278676165,4961.3447265625,81942000
2019-08-15,4887.0481640625,4953.08935546875,4837.517270507813,4953.08935546875,52561500
2019-08-16,4986.11004024224,4986.11004024224,4920.06884765625,4920.06884765625,49821500
2019-08-19,4977.855870577462,4977.855870577462,4924.197391043875,4965.47314453125,30619000
2019-08-20,4981.983271574118,4981.983271574118,4940.70751953125,4940.70751953125,58393500
2019-08-21,4953.090513859833,4957.218089288049,4932.45263671875,4932.45263671875,55927500
2019-08-22,4891.175738525391,4953.08935546875,4887.0481640625,4953.08935546875,65888000
2019-08-23,4887.048777627189,4948.96240234375,4874.666052683878,4948.96240234375,33083500
2019-08-26,4903.55872580603,4953.089622026294,4837.51753084568,4944.83447265625,41388500
2019-08-27,4986.110799594088,4986.110799594088,4911.814446620005,4957.2177734375,123780000
2019-08-28,4953.089977324854,4969.60027724927,4940.707252381542,4948.96240234375,55688000
2019-08-29,4944.8350479418195,4973.728074098408,4940.707472776593,4957.2177734375,51525500
2019-08-30,5019.132274590164,5035.642578125,4957.218636334529,5035.642578125,73650000
2019-09-02,5035.640844726563,5035.640844726563,4953.08935546875,4953.08935546875,42429000
2019-09-03,4953.08984052436,4998.4931640625,4953.08984052436,4998.4931640625,42743500
2019-09-04,5002.620696311774,5002.620696311774,4957.217373160429,4969.60009765625,41979000
2019-09-05,5023.2585247115585,5023.2585247115585,4965.472477590801,4986.1103515625,53650500
2019-09-06,5002.620070993257,5002.620070993257,4973.72705078125,4973.72705078125,54349000
2019-09-09,4994.366124365679,4998.493699675072,4936.580070034175,4981.9833984375,25912000
2019-09-10,4969.6001399927745,4998.4931640625,4940.707115923049,4998.4931640625,40291000
2019-09-11,4994.36681928791,5035.642578125,4961.346212218238,5035.642578125,45243500
2019-09-12,5035.641294967297,5039.768869799237,4961.344947992369,4969.60009765625,40034000
2019-09-13,5019.131711235489,5027.386862076337,4961.345655349554,4977.85595703125,28419500
2019-09-16,4953.0901982722735,4965.472923767954,4940.707472776593,4957.2177734375,77289000
2019-09-17,4944.835353667859,4981.983532451673,4940.707778247434,4977.85595703125,92037500
2019-09-18,4944.8346036191015,4986.1103515625,4944.8346036191015,4986.1103515625,28667000
2019-09-19,4965.473230769978,4990.238683292521,4953.0905045087065,4977.85595703125,61988500
2019-09-20,4994.365368876513,4994.365368876513,4944.83447265625,4944.83447265625,133433000
2019-09-23,4977.854625097251,4977.854625097251,4953.089179201245,4973.72705078125,47231500
2019-09-24,4936.579056389298,4953.089354236754,4903.558460694387,4907.68603515625,79718500
2019-09-25,4870.538129541385,4899.43115234375,4771.4763370761375,4899.43115234375,88620000
2019-09-26,4953.089224938119,5002.6201171875,4928.323778813428,5002.6201171875,109859000
2019-09-27,4957.217985401437,5015.004040185467,4953.09041005972,5010.87646484375,48010000
2019-09-30,5010.87646484375,5010.87646484375,4957.217985401437,5010.87646484375,73391000
2019-10-01,4961.344902796461,5006.748225534199,4961.344902796461,4986.1103515625,40057000
2019-10-02,4961.344637784091,5010.875532670455,4961.344637784091,4994.365234375,52376500
2019-10-03,4961.344902796461,4990.23792635684,4911.814005264383,4986.1103515625,50269000
2019-10-04,4936.579805107526,5006.74858160153,4936.579805107526,4990.23828125,56890500
2019-10-07,5010.87646484375,5019.131615527183,4994.366163476884,5010.87646484375,56705500
2019-10-08,5019.132274590164,5035.642578125,4965.473788101946,5035.642578125,46997500
2019-10-09,5035.641916894049,5035.641916894049,4994.366163476884,5010.87646484375,41496500
2019-10-10,4969.600136814648,5043.896484375,4969.600136814648,5043.896484375,65806500
2019-10-11,5019.131122448979,5081.044746492346,5019.131122448979,5056.279296875,40863500
2019-10-14,5060.405857012349,5118.19189453125,5060.405857012349,5118.19189453125,37514500
2019-10-15,5109.937411437247,5109.937411437247,5072.789239625506,5097.5546875,40935000
2019-10-16,5118.192958693685,5130.57568359375,5097.555083860242,5130.57568359375,65776500
2019-10-17,5105.809478485282,5126.447350265739,5039.768288787816,5048.0234375,45666500
2019-10-18,5085.171875,5093.427024147728,5068.661576704546,5085.171875,41008500
2019-10-21,5118.192825562702,5163.596149015274,5105.810100984727,5134.703125,59971500
2019-10-22,5175.978206380209,5200.74365234375,5138.8300374348955,5200.74365234375,67259500
2019-10-23,5200.744319596613,5204.871894453437,5167.723720742032,5180.1064453125,62219000
2019-10-24,5192.488503689236,5217.253949652778,5175.978206380209,5200.74365234375,73101000
2019-10-25,5217.25367313508,5221.381247243574,5097.554023988785,5118.19189453125,61929500
2019-10-28,5118.1927377115235,5159.468485596293,5118.1927377115235,5122.3203125,43249500
2019-10-29,5122.320400422026,5151.213424437299,5076.917076969454,5134.703125,79861500
2019-10-30,5184.234287709497,5188.361862779329,5118.193086592179,5171.8515625,60738000
2019-10-31,5175.978471376938,5200.743918608407,5159.468173222625,5192.48876953125,58420500
2019-11-01,5200.743963068182,5221.3818359375,5180.106090198864,5221.3818359375,42080500
2019-11-04,5242.020068164841,5266.785517305777,5167.723720742032,5180.1064453125,43794500
2019-11-05,5242.019753126228,5250.27490234375,5175.978559386055,5250.27490234375,66161500
2019-11-06,5266.785471170076,5266.785471170076,5196.61669921875,5196.61669921875,63393000
2019-11-07,5229.637074569909,5229.637074569909,5159.468305613564,5188.361328125,61972000
2019-11-08,5213.126909972756,5213.126909972756,5159.468438215316,5184.23388671875,90040500
2019-11-11,5229.637297784079,5233.7648726047455,5171.851250294752,5196.61669921875,70207000
2019-11-12,5134.703386871508,5184.234287709497,5134.703386871508,5171.8515625,47635500
2019-11-13,5171.851162467034,5188.361461469322,5171.851162467034,5184.23388671875,40083500
2019-11-14,5171.851428943007,5184.234153832735,5126.448104347338,5175.97900390625,37862000
2019-11-15,5184.234020169323,5192.489169882969,5163.59614588521,5180.1064453125,47138000
2019-11-18,5155.340863464744,5188.361461469322,5126.447840210739,5184.23388671875,65599000
2019-11-19,5225.5101669202795,5242.020467605651,5200.744715892221,5213.12744140625,60115000
2019-11-20,5163.596578955463,5242.0205078125,5163.596578955463,5242.0205078125,43229500
2019-11-21,5242.019395616319,5242.019395616319,5200.74365234375,5200.74365234375,57523500
2019-11-22,5184.234195331087,5208.999645308783,5175.979045338521,5204.8720703125,56035000
2019-11-25,5225.50976873755,5229.637343594372,5180.1064453125,5180.1064453125,55133500
2019-11-26,5225.509499925418,5225.509499925418,5175.978604191528,5188.361328125,192783500
2019-11-27,5175.978206380209,5200.74365234375,5151.212760416666,5200.74365234375,58833500
2019-11-28,5196.616433203125,5196.616433203125,5155.340687109375,5159.46826171875,44248000
2019-11-29,5142.958139213028,5196.616610970466,5138.830564462455,5184.23388671875,52954500
2019-12-02,5184.233925097276,5303.93359375,5175.97877553502,5303.93359375,49909000
2019-12-03,5299.805886948529,5299.805886948529,5237.892266773897,5262.65771484375,42823000
2019-12-04,5250.2752571435585,5283.29585624509,5246.147682255867,5254.40283203125,37552000
2019-12-05,5250.274947013013,5270.912820232404,5225.5094991497435,5233.7646484375,54168000
2019-12-06,5250.32799061767,5295.875,5233.765441751369,5295.875,69920500
2019-12-09,5275.171813917123,5295.875,5266.890539483972,5295.875,51667500
2019-12-10,5295.874092479625,5300.014728986645,5266.889636930479,5271.0302734375,57654000
2019-12-11,5271.0307261308535,5287.593273581382,5258.608815542957,5283.45263671875,48469000
2019-12-12,5300.015772870663,5304.156410193218,5250.328125,5250.328125,79198500
2019-12-13,5295.874104049971,5316.577286630307,5258.608375405365,5266.8896484375,70822500
2019-12-16,5250.327102373231,5295.874104049971,5250.327102373231,5266.8896484375,78684000
2019-12-17,5295.874747596154,5382.828125,5271.030925480769,5382.828125,102914500
2019-12-18,5382.827065310418,5631.265237555514,5333.139430861399,5593.99951171875,181804000
2019-12-19,5548.453361742424,5565.015909090909,5457.359351325757,5465.640625,74171000
2019-12-20,5531.890671921921,5581.578312687688,5473.921757695195,5515.328125,99453000
2019-12-23,5531.890671921921,5573.297039226726,5507.0468515390385,5515.328125,46558500
2019-12-26,5515.328078218563,5569.156355258234,5515.328078218563,5531.890625,38188500
2019-12-27,5523.60931665422,5548.453136669155,5523.60931665422,5544.3125,29945000
2019-12-30,5531.890125397345,5565.015215968587,5523.608852754534,5536.03076171875,61168000
2020-01-02,5544.313000324061,5614.70383005185,5531.891089195628,5540.17236328125,49445000
2020-01-03,5589.859744801241,5631.26611328125,5569.156560561237,5631.26611328125,47755500
2020-01-06,5565.015590200445,5589.859409799555,5540.171770601337,5577.4375,27300000
2020-01-07,5577.43700048973,5606.421454092869,5573.29636426071,5581.57763671875,45022500
2020-01-08,5523.6093516092815,5585.718902039671,5523.6093516092815,5531.890625,53692500
2020-01-09,5581.57763671875,5593.999545405809,5573.29636426071,5581.57763671875,40363500
2020-01-10,5602.2813429368025,5651.968982342008,5556.734340148699,5569.15625,73362000
2020-01-13,5581.578601336639,5598.141149115086,5577.4379643920265,5585.71923828125,67855000
2020-01-14,5585.718465702329,5701.65628411572,5581.577829330422,5689.234375,93582000
2020-01-15,5689.234455010973,5846.578639356254,5631.265544989027,5660.25,75623500
2020-01-16,5635.406632427578,5705.797457373404,5627.12535890454,5672.67236328125,88931500
2020-01-17,5664.391517045454,5705.797887784091,5631.266420454545,5693.3759765625,38249500
2020-01-20,5755.484637893196,5776.187820043891,5656.109363569861,5660.25,93554500
2020-01-21,5701.656868036809,5709.938141628729,5651.96922648529,5656.10986328125,103984500
2020-01-22,5676.813512969435,5709.938610054596,5660.250964426855,5664.3916015625,94311500
2020-01-23,5701.657335783306,5709.938610054596,5656.11032729121,5664.3916015625,87728000
2020-01-24,5647.828636942456,5697.516278909691,5639.54736328125,5639.54736328125,69653500
2020-01-27,5685.094787240725,5747.204344275402,5643.688415884274,5664.3916015625,39679000
2020-01-28,5660.251578104865,5668.532853274001,5594.001376751772,5622.98583984375,82615000
2020-01-29,5631.266638264555,5668.532373370717,5606.422814860446,5618.8447265625,43821000
2020-01-30,5668.530997528166,5668.530997528166,5573.29636426071,5581.57763671875,71990000
2020-01-31,5631.266396604939,5635.407033661266,5366.265625,5366.265625,163136500
2020-02-03,5366.264248107532,5453.217603979644,5275.1702562415085,5333.13916015625,149797000
2020-02-04,5440.796803977273,5482.203172348485,5399.39043560606,5465.640625,113316500
2020-02-05,5614.703241084696,5614.703241084696,5507.046689264487,5573.296875,123002500
2020-02-06,5581.57763671875,5614.702726550909,5531.890001970512,5581.57763671875,154693500
2020-02-07,5556.735228769878,5614.704150679549,5552.594591490616,5598.1416015625,82609000
2020-02-10,5598.14154039241,5618.8447265625,5490.484972307941,5618.8447265625,66578500
2020-02-11,5618.843761522861,5618.843761522861,5585.71866933997,5614.703125,77526500
2020-02-12,5631.26611328125,5631.26611328125,5598.141018497243,5631.26611328125,69971500
2020-02-13,5647.82966535116,5647.82966535116,5581.579463998067,5622.98583984375,49737000
2020-02-14,5614.703358907186,5627.1252689932635,5527.749988304641,5531.890625,147028500
2020-02-17,5531.890531994048,5589.859444754464,5531.890531994048,5565.015625,115319000
2020-02-18,5536.0312266616875,5565.01568334578,5523.60931665422,5544.3125,98436500
2020-02-19,5519.468679985063,5598.140776699029,5519.468679985063,5544.3125,74594000
2020-02-20,5540.172595390684,5544.313232606971,5436.656664983534,5461.50048828125,136724500
2020-02-21,5465.640102395125,5515.327739689626,5461.499465953916,5478.06201171875,98261000
2020-02-24,5436.656837059985,5465.6412984913795,5391.109826239224,5403.53173828125,84910000
2020-02-25,5424.232953525795,5432.514225210567,5391.107866786706,5407.67041015625,86446500
2020-02-26,5382.827825338298,5411.8122828593505,5316.57763671875,5316.57763671875,92824500
2020-02-27,5357.98381762967,5362.124454273897,5134.3894388414155,5208.9208984375,129254500
2020-02-28,5134.3894388414155,5208.9208984375,4997.748429581926,5208.9208984375,169946500
2020-03-02,5208.920899240594,5208.920899240594,4997.748430352462,5035.01416015625,144871500
2020-03-03,5134.389370302611,5258.608467971222,5134.389370302611,5233.7646484375,114663500
2020-03-04,5229.623260308497,5382.826792083172,5184.076264375485,5333.13916015625,83025000
2020-03-05,5415.95337995338,5415.95337995338,5250.327894327895,5329.0,77583000
2020-03-06,5258.6092529296875,5258.6092529296875,5134.39013671875,5134.39013671875,77835500
2020-03-09,4968.764179991357,5001.889274524633,4790.716796875,4790.716796875,140889500
2020-03-10,4836.2639570147685,4977.045613297732,4836.2639570147685,4906.65478515625,133667000
2020-03-11,4927.357655582266,4952.2014756944445,4794.857281650641,4844.544921875,93204500
2020-03-12,4637.512786645683,4670.6378779788665,4521.574966979541,4604.3876953125,129845500
2020-03-13,4604.3876953125,4604.3876953125,4604.3876953125,4604.3876953125,0
2020-03-16,4604.3876953125,4604.3876953125,4604.3876953125,4604.3876953125,0
2020-03-17,4550.559452056885,4558.840724945068,4240.01171875,4240.01171875,212200000
2020-03-18,4240.012500000001,4455.325634765625,3946.0272583007813,4140.63720703125,180053500
2020-03-19,4136.495651934224,4136.495651934224,3850.791748046875,3850.791748046875,264419000
2020-03-20,3809.3861474557816,4459.466174793344,3581.6511060317944,3921.183349609375,335132000
2020-03-23,3941.885493086907,4140.636022150113,3647.900335514249,3668.603515625,217843500
2020-03-24,3685.1666314019094,4136.496027832031,3685.1666314019094,3726.572998046875,253971000
2020-03-26,3850.7920005104756,4467.74684790409,3850.7920005104756,4372.51220703125,331633000
2020-03-27,4438.762349705082,4881.810457371541,4434.621713184834,4562.9814453125,269683000
2020-03-30,4538.138147605779,4600.247702545638,4268.996742866385,4550.56005859375,159964500
2020-03-31,4687.200505514706,4728.606870404412,4542.278228400735,4575.4033203125,182638500
2020-04-01,4604.387385236086,4761.731558472571,4492.590209515425,4538.13720703125,152831500
2020-04-02,4529.856092414221,4529.856092414221,4438.762094212107,4480.16845703125,136623500
2020-04-03,4521.575599621816,4579.544517565685,4442.9034966979925,4550.56005859375,110506000
2020-04-06,4571.264099280732,4753.452161208587,4550.560910425294,4749.3115234375,78184000
2020-04-07,4749.3102450990555,5051.576721029509,4620.950508745026,4683.06005859375,149153500
2020-04-08,4683.059615371284,4687.200251635981,4538.1373461069215,4666.4970703125,106111500
2020-04-09,4637.513195375335,4716.185294225453,4554.700459743633,4633.37255859375,89997000
2020-04-13,4587.825287642046,4649.934835759943,4538.137649147727,4554.7001953125,58043000
2020-04-14,4558.841284688775,4629.232112881064,4509.153641258925,4567.12255859375,95796000
2020-04-15,4567.123121652803,4662.357783301049,4509.154197171262,4542.279296875,95342000
2020-04-16,4542.277891668655,4571.262344942748,4293.839720747853,4339.38671875,176990500
2020-04-17,4389.074425763249,4509.15287703413,4372.5118807603685,4492.59033203125,160935500
2020-04-20,4496.7316231179975,4554.700539069795,4413.918886044001,4434.6220703125,90744000
2020-04-21,4511.284270530523,4511.284270530523,4347.0078125,4347.0078125,73431000
2020-04-22,4347.006764759475,4410.190002619352,4250.125800040999,4334.3701171875,107263500
2020-04-23,4363.8566608428955,4418.6154799461365,4313.31005859375,4313.31005859375,105419500
2020-04-24,4313.309959349594,4330.158826378302,4144.8212890625,4144.8212890625,131149500
2020-04-27,4161.670662172379,4229.066138482863,4090.0629685924896,4178.51953125,151103500
2020-04-28,4178.519353325569,4191.156004595707,4047.940623534145,4069.001708984375,180488000
2020-04-29,4064.789500442977,4085.8505859375,4043.7284149484535,4085.8505859375,121161000
2020-04-30,4111.12309598646,4422.827101214942,4111.12309598646,4355.431640625,174081000
2020-05-04,4338.584129362727,4464.950657402418,4212.217601323036,4397.55517578125,114497500
2020-05-05,4397.554654239593,4498.647864681882,4380.705785832545,4452.3134765625,118643500
2020-05-06,4477.586445385446,4523.920830050771,4464.949795022176,4511.2841796875,86395500
2020-05-08,4502.859566774905,4549.193949594853,4338.583118595091,4418.615234375,123028000
2020-05-11,4418.616106733947,4486.011585959632,4418.616106733947,4460.73828125,40615500
2020-05-12,4498.648398213003,4498.648398213003,4237.490906930974,4397.55517578125,118660000
2020-05-13,4347.007911876223,4355.432345813968,4283.824657343139,4304.8857421875,94973000
2020-05-14,4271.18779177782,4304.885525835239,4132.184638790968,4144.8212890625,131268000
2020-05-15,4144.820906396943,4208.004151921287,3942.634520719044,4031.091064453125,205790000
2020-05-18,4043.729177597062,4081.639138637034,4001.606998663759,4014.24365234375,139997500
2020-05-19,4077.426455245059,4178.519673143696,3942.635498046875,3942.635498046875,128504500
2020-05-20,3976.3336913037774,4043.729177597062,3951.060383943796,4014.24365234375,119158000
2020-05-26,4022.6669096610913,4212.216659330986,4022.6669096610913,4186.943359375,176076500
2020-05-27,4186.944639822507,4212.217947507553,4090.0636270298337,4182.732421875,151753500
2020-05-28,4212.217451605288,4481.799368508026,4212.217451605288,4460.73828125,229233000
2020-05-29,4460.7378070809245,4460.7378070809245,4372.28125,4372.28125,399414000
2020-06-02,4431.252242814249,4633.438656935051,4414.403374970849,4515.49658203125,181369500
2020-06-03,4557.618245161116,4869.322265625,4549.193812175606,4869.322265625,279673500
2020-06-04,4869.323611560881,5046.236753157384,4717.683775906736,4877.748046875,236158500
2020-06-05,4877.746606338701,4932.505419708652,4705.045733402702,4822.98779296875,88157500
2020-06-08,4848.26219999669,4991.477590787209,4848.26219999669,4970.41650390625,173557500
2020-06-09,5004.1136446220935,5050.448030220446,4881.959355317345,4890.3837890625,100110000
2020-06-10,4886.1708984375,4940.9297102303335,4713.470030475485,4886.1708984375,115382500
2020-06-11,4844.0501468282355,4894.596757056008,4721.895838777784,4785.0791015625,85187500
2020-06-12,4785.077752976191,4785.077752976191,4616.589099702381,4776.6533203125,96044000
2020-06-15,4785.077776988636,4810.351075106534,4633.43798828125,4633.43798828125,100844500
2020-06-16,4700.83430480957,4881.959640926785,4700.83430480957,4852.47412109375,91518500
2020-06-17,4886.171840854458,4886.171840854458,4785.078630354021,4818.7763671875,79800000
2020-06-18,4818.776745747538,4835.625615487914,4705.046875,4705.046875,68032000
2020-06-19,4717.683155829596,4759.805326863789,4671.348767691984,4696.6220703125,110071000
2020-06-22,4713.471108557085,4768.229932874549,4658.712284239621,4667.13671875,51590500
2020-06-23,4692.4095697912035,4768.229473073287,4650.287401301157,4734.53173828125,69954000
2020-06-24,4759.804777367714,4852.473542944785,4751.380344133435,4806.13916015625,57333000
2020-06-25,4801.926710903384,4839.836658621043,4751.380113946507,4822.98779296875,51415000
2020-06-26,4818.776025520372,4852.4737599645705,4751.380556631975,4755.5927734375,57467500
2020-06-29,4751.380207186124,4797.714588639179,4705.045825733067,4780.86572265625,48796500
2020-06-30,4801.9280378895955,4835.625778506365,4768.230297272827,4797.7158203125,74474000
2020-07-01,4801.9265726023705,4886.1708984375,4780.865491143588,4886.1708984375,63959000
2020-07-02,4865.11141879392,4945.1435546875,4852.474765758092,4945.1435546875,75585500
2020-07-03,4945.1435546875,4974.629078437766,4919.870248615844,4945.1435546875,52219000
2020-07-06,4936.718596975043,4999.90185546875,4928.294162509214,4999.90185546875,67800000
2020-07-07,5004.114155102254,5050.448545427274,4970.416416684057,5046.236328125,74168000
2020-07-08,5046.236288747479,5277.908238564768,5037.8118542086695,5223.1494140625,106444500
2020-07-09,5231.573559970543,5256.846862192622,5079.933746638063,5138.90478515625,93543500
2020-07-10,5138.905068674395,5256.8471522177415,5122.056199596774,5223.1494140625,67224000
2020-07-13,5248.422769325658,5256.847203947368,5172.602857730263,5202.08837890625,86006000
2020-07-14,5202.0883277154735,5223.1494140625,5147.3295032132055,5223.1494140625,45616500
2020-07-15,5223.149517276423,5256.847256097561,5181.02734375,5181.02734375,61468000
2020-07-16,5181.026990575698,5223.1491612307855,5172.602556444681,5206.30029296875,66520500
2020-07-17,5168.390068502988,5206.300020105698,5088.357948452819,5155.75341796875,73348000
2020-07-20,5155.753670857085,5189.451407267916,5105.207066240839,5172.6025390625,59794500
2020-07-21,5138.905068674395,5252.634934948336,5138.905068674395,5223.1494140625,84159500
2020-07-22,5231.573595361802,5265.271331885872,5164.178122313663,5206.30029296875,44725500
2020-07-23,5206.300544984879,5235.786065870716,5172.602806829637,5223.1494140625,84026500
2020-07-24,5223.149125896516,5223.149125896516,5138.90478515625,5138.90478515625,58366500
2020-07-27,5138.90478515625,5172.602521452356,5054.660444415983,5138.90478515625,41972500
2020-07-28,5155.752905214228,5223.148368027486,5105.206308104284,5210.51171875,65279000
2020-07-29,5210.513290243607,5210.513290243607,5138.9055894076,5168.39111328125,50262500
2020-07-30,5168.389644916241,5256.84619140625,5100.9941809238535,5256.84619140625,80533500
2020-08-03,5239.997635858484,5252.63428610573,4907.232512680975,5164.177734375,137079000
2020-08-04,5185.239341551555,5239.998164817331,5164.178255680103,5231.57373046875,79357000
2020-08-05,5223.1491110999195,5239.997979200241,5138.904770598308,5227.361328125,49393000
2020-08-06,5235.785846941768,5303.18132043418,5210.512544382113,5273.69580078125,55258500
2020-08-07,5277.9079830823985,5294.756851344433,5189.451424706715,5206.30029296875,43621000
2020-08-10,5206.300020105698,5223.148887484682,5143.116767434513,5155.75341796875,37774500
2020-08-11,5172.602857730263,5223.149465460526,5164.178423108552,5202.08837890625,38795500
2020-08-12,5202.088110195562,5273.69580078125,5189.451458915734,5273.69580078125,35612000
2020-08-13,5273.696303013393,5307.39404296875,5206.300823102679,5307.39404296875,48581000
2020-08-14,5307.393538678279,5395.85009765625,5256.8469335480095,5395.85009765625,57316000
2020-08-18,5395.849893821861,5412.698761562132,5307.393338185437,5357.93994140625,81563500
2020-08-19,5357.938823681872,5400.060984245409,5315.816663118336,5332.66552734375,58793500
2020-08-24,5341.091359238915,5374.789096521179,5290.544753315518,5320.0302734375,66882500
2020-08-25,5324.2419051944225,5374.788505560192,5311.60525510298,5362.15185546875,49211000
2020-08-26,5379.001262676829,5383.213479797171,5311.605788751356,5341.09130859375,42983000
2020-08-27,5362.1522649591625,5560.12646484375,5341.091179865057,5560.12646484375,68326000
2020-08-28,5526.428250096228,5560.125983328522,5412.698400437235,5471.66943359375,52292500
2020-08-31,5475.8827969372505,5509.580537226096,5286.3330078125,5286.3330078125,97032000
2020-09-01,5290.543600819594,5492.72998046875,5256.845870878068,5492.72998046875,67446000
2020-09-02,5492.730732808857,5526.428467365967,5362.152011400058,5421.123046875,66065000
2020-09-03,5446.396804011419,5475.88232421875,5307.393637319712,5475.88232421875,68208500
2020-09-04,5433.76010237069,5433.76010237069,5277.908068426725,5374.7890625,80613500
2020-09-07,5336.879990801512,5357.9410799522675,5223.15010938743,5294.7578125,64249500
2020-09-08,5294.7562520810725,5357.939500912589,5294.7562520810725,5336.87841796875,39649000
2020-09-09,5307.393469463071,5324.242337620096,5231.573562756455,5261.05908203125,49285000
2020-09-10,5239.996942569384,5239.996942569384,4894.59521484375,4894.59521484375,175735000
2020-09-11,4886.171378863251,5033.598963570333,4734.531577450254,4974.6279296875,403032500
2020-09-14,5054.660543646694,5151.541537399922,5042.023892287578,5096.78271484375,138115000
2020-09-15,5088.358071805674,5138.904675167982,4936.71826171875,4936.71826171875,170087000
2020-09-16,4936.718583559783,4945.143018002717,4839.837587466032,4844.0498046875,158565500
2020-09-17,4844.049013934894,4932.505561145878,4772.441332859335,4848.26123046875,138796000
2020-09-18,4801.926594762988,4831.4121089413575,4692.408970671903,4742.95556640625,316912000
2020-09-21,4751.380537048394,4831.412656023501,4713.470585954923,4721.89501953125,112443000
2020-09-22,4650.287937213303,4688.197893223194,4574.468025193521,4591.31689453125,163442500
2020-09-23,4591.3160088839695,4705.04585497559,4570.25492627441,4637.650390625,100517000
2020-09-24,4574.467353757747,4662.923904797262,4540.769620028409,4587.10400390625,88618500
2020-09-25,4616.589304116533,4738.743583148814,4599.740438043114,4726.10693359375,100705000
2020-09-28,4759.805550735211,4797.715506449031,4633.439031689143,4646.07568359375,93522000
2020-09-29,4696.621421931767,4747.168020194709,4599.740441927793,4637.650390625,117778500
2020-09-30,4688.19675347022,4688.19675347022,4566.04248046875,4566.04248046875,107377000
2020-10-01,4620.8024608673695,4692.41015625,4616.590243491921,4692.41015625,56893000
2020-10-02,4683.984772366031,4688.196988887943,4582.891575840145,4637.650390625,66848000
2020-10-05,4646.0748927904215,4683.984842051631,4599.740510360055,4650.287109375,58291000
2020-10-06,4742.956209738212,4814.563896741365,4717.682908442983,4801.92724609375,141955500
2020-10-07,4717.682517919201,4848.26123046875,4700.833651783775,4848.26123046875,89937500
2020-10-08,4877.74669861051,4886.171131596021,4810.351234726428,4869.322265625,77384500
2020-10-09,4844.049267789502,4865.1103515625,4818.775967261905,4865.1103515625,54250500
2020-10-12,4919.869209009394,4949.354726529142,4911.444775432323,4932.505859375,82918500
2020-10-13,4919.869209009394,4936.718076163535,4860.8981739698975,4932.505859375,48250500
2020-10-14,4919.869895391949,4970.41650390625,4894.596591134799,4970.41650390625,83117500
2020-10-15,4949.35506360739,4953.5672806828,4852.474070872947,4873.53515625,82067000
2020-10-16,4873.535206688774,4877.747423807779,4827.20081837972,4852.47412109375,89051500
2020-10-19,4844.049982620498,4970.41650390625,4810.352243610964,4970.41650390625,56871500
2020-10-20,4953.567042151163,4953.567042151163,4873.53492157219,4890.3837890625,74995500
2020-10-21,4936.717729509083,4940.929946001838,4827.200100697448,4869.322265625,77944000
2020-10-22,4835.624302936422,4886.1708984375,4806.138788894127,4886.1708984375,96872500
2020-10-23,4919.869475736568,4919.869475736568,4844.049569432409,4860.8984375,66328000
2020-10-26,4822.989165026467,4915.657952476758,4822.989165026467,4898.80908203125,70452500
2020-10-27,4898.809135160298,4911.445788131477,4848.262523275583,4877.748046875,89482000
2020-11-02,4852.473421391753,4907.232236042874,4818.7756892987545,4903.02001953125,151006500
2020-11-03,4919.869528597199,4966.203916280905,4915.657311535044,4961.99169921875,78152000
2020-11-04,4970.415483717246,5004.113215810245,4873.534503949876,4903.02001953125,78626000
2020-11-05,4970.416476117886,5206.3006478658535,4970.416476117886,5181.02734375,161090000
2020-11-06,5189.451953125,5307.39404296875,5105.207603236607,5307.39404296875,137303500
2020-11-09,5307.394465990454,5391.638822593477,5235.786762877884,5294.7578125,82739500
2020-11-10,5387.425514503761,5560.126410590278,5374.788863570602,5459.033203125,191073500
2020-11-11,5509.580078125,5530.641164050555,5459.03347190367,5509.580078125,131383500
2020-11-12,5400.061407071407,5471.6690856363175,5395.849190685237,5408.48583984375,83082500
2020-11-13,5408.487171728287,5433.7604762690735,5324.242823258999,5383.2138671875,82374500
2020-11-16,5463.24542010272,5463.24542010272,5379.001080548322,5459.033203125,54905000
2020-11-17,5475.881739026718,5530.6405564169845,5467.457305582061,5518.00390625,119784000
2020-11-18,5518.004159680603,5539.0652442595365,5509.57972584903,5534.85302734375,99789000
2020-11-19,5492.7305779950875,5593.823778817083,5488.518361294171,5572.7626953125,147346500
2020-11-20,5593.824200994319,5602.2486350319605,5518.0042946555395,5560.12646484375,68468500
2020-11-23,5560.12646484375,5568.550898881393,5518.0042946555395,5560.12646484375,75265500
2020-11-24,5560.1266333063595,5560.1266333063595,5513.792244695473,5530.64111328125,72349500
2020-11-25,5543.277886115445,5547.490103354134,5374.789196567863,5400.0625,170140500
2020-11-26,5349.515561704283,5467.45763708044,5307.393391927084,5459.033203125,64339000
2020-11-27,5459.032602045811,5467.4570350736585,5374.788271767326,5379.00048828125,87361500
2020-11-30,5379.001141027901,5391.637792103143,5168.390289773872,5227.361328125,393091500
2020-12-01,5239.998179730258,5421.123518740227,5239.998179730258,5387.42578125,114563500
2020-12-02,5442.18468840843,5463.245774663881,5341.091474382268,5433.76025390625,93897500
2020-12-03,5475.881816285314,5496.9429001941035,5412.698564558945,5442.18408203125,98210000
2020-12-04,5442.184911116002,5446.397128539466,5357.940562646714,5383.2138671875,64995500
2020-12-07,5475.881115497988,5543.276575381039,5459.032250527224,5492.72998046875,96636000
2020-12-08,5492.731311392527,5492.731311392527,5412.699183389108,5467.4580078125,70561500
2020-12-10,5568.5191681024235,5576.96912131654,5526.269402031844,5555.84423828125,151420500
2020-12-11,5576.969089295658,5729.068246276448,5572.744112712858,5691.04345703125,214160000
2020-12-14,5745.96825742302,5771.3181173822395,5741.74328076315,5762.8681640625,179785500
2020-12-15,5771.317878284932,5830.467549072625,5581.193936467346,5737.51806640625,164024500
2020-12-16,5796.667708801709,5872.71728515625,5779.767802945144,5872.71728515625,138674000
2020-12-17,5885.392339793056,5914.967175671413,5762.868019725576,5860.04248046875,91920000
2020-12-18,5860.042631620519,5860.042631620519,5707.943471751493,5745.96826171875,147238500
2020-12-21,5822.0175888486,5822.0175888486,5745.968012216325,5771.31787109375,93692500
2020-12-22,5695.268437616343,5762.868062988645,5669.918578101731,5674.1435546875,61790500
2020-12-23,5834.692412218285,5834.692412218285,5593.868757260688,5682.59326171875,76948000
2020-12-28,5737.5183127074115,5762.868172704646,5627.668919386062,5729.068359375,60234000
2020-12-29,5724.843508205146,5754.418345516907,5695.268670893385,5716.3935546875,34212500
2020-12-30,5745.967042097489,5745.967042097489,5661.467526772526,5720.6171875,52675500
2021-01-04,5745.969104334309,5792.443854442895,5678.3694678127285,5775.5439453125,47937000
2021-01-05,5796.6676850096965,5991.0166015625,5788.217732116097,5991.0166015625,104831000
2021-01-06,5957.216691414687,5978.341573299136,5813.567494600432,5868.4921875,89753500
2021-01-07,5914.96692446608,5957.2166882122665,5838.917349722945,5885.39208984375,71360000
2021-01-08,5944.541867519947,5982.566655585107,5893.842150099735,5957.216796875,75033500
2021-01-11,6041.716632674225,6219.165652654867,6037.491656008019,6206.49072265625,169034500
2021-01-12,6206.490638434554,6236.065474696666,6050.16650390625,6050.16650390625,95235000
2021-01-13,6121.990617730645,6147.340475360999,5974.116448220243,6016.3662109375,76581500
2021-01-14,5957.217047275641,5991.016860309829,5910.742304353632,5931.8671875,89319500
2021-01-15,5995.241726247978,5999.466702799245,5779.767922133357,5876.9423828125,89853500
2021-01-18,5876.941993970549,6020.5911872092265,5783.992515992582,6016.3662109375,86343000
2021-01-19,6016.366581879845,6016.366581879845,5919.192121638808,5995.24169921875,73777000
2021-01-20,6054.391370669816,6164.2407605075105,5974.1168165576555,5995.24169921875,107216000
2021-01-21,6151.565332376325,6168.465237135601,5965.666380024293,5978.34130859375,66428000
2021-01-22,5978.341917910818,6050.166520458157,5978.341917910818,5982.56689453125,80829000
2021-01-25,6083.966218017057,6083.966218017057,5914.967156405472,5944.5419921875,76836500
2021-01-26,5876.942533878986,5914.967323817815,5762.8681640625,5762.8681640625,98658000
2021-01-27,5762.867925315261,5855.817407981636,5665.693466164051,5737.51806640625,97920000
2021-01-28,5737.518287194293,5851.592656674592,5737.518287194293,5830.4677734375,104627000
2021-01-29,5830.467803774501,5914.967337162537,5712.16845703125,5712.16845703125,132762500
2021-02-01,5712.168444144061,5847.367697259897,5572.744214368356,5762.8681640625,113129000
2021-02-02,5885.39249159869,5898.067421587775,5745.96826171875,5745.96826171875,86741000
2021-02-03,5914.9664463141025,5914.9664463141025,5767.09228515625,5767.09228515625,67291000
2021-02-04,5847.367073532094,5914.966692879286,5775.542477975702,5792.4423828125,80950500
2021-02-05,5805.116818905911,5872.7164325176245,5792.441891353715,5843.1416015625,51602000
2021-02-08,5957.21756598853,5961.442542985685,5813.56834808526,5847.3681640625,45604000
2021-02-09,5914.968268714183,5940.318132722959,5876.943472701021,5898.068359375,75574000
2021-02-10,5957.21756598853,5957.21756598853,5830.46825607388,5847.3681640625,44984500
2021-02-11,5902.2923807543375,5902.2923807543375,5779.768057889716,5813.56787109375,36926000
2021-02-15,5771.318121696921,5822.017841653263,5678.368635110293,5745.96826171875,83922000
2021-02-16,5813.567374369596,5868.492066133263,5771.317611474468,5864.26708984375,47221000
2021-02-17,5822.0178201426625,5881.167493206522,5788.218006963315,5830.4677734375,66011500
2021-02-18,5788.217918435645,5830.467684263642,5691.04345703125,5691.04345703125,91204000
2021-02-19,5729.067500858517,5788.217165321657,5712.16759672619,5767.09228515625,70487500
2021-02-22,5830.467549072625,5864.267360951307,5737.51806640625,5737.51806640625,68913000
2021-02-23,5762.8673091231685,5783.992189288576,5724.842524825435,5767.09228515625,58360000
2021-02-24,5767.092789774048,5775.542742579577,5682.59326171875,5682.59326171875,71869000
2021-02-25,5695.2681942114095,5720.618052642617,5644.568477348993,5665.693359375,78688000
2021-02-26,5665.693968453102,5754.418482500466,5614.9942461403225,5669.9189453125,173631500
2021-03-01,5771.318188875089,5952.9921875,5745.968328601845,5952.9921875,205539000
2021-03-02,6016.367092836778,6050.166907965075,5914.967647451888,5927.642578125,81446500
2021-03-03,5969.891488560268,5986.791393694197,5914.966796875,5914.966796875,84470000
2021-03-04,5834.693291073753,5914.967854817708,5678.369140625,5678.369140625,120802500
2021-03-05,5678.368635110293,5851.592678294462,5678.368635110293,5745.96826171875,111871500
2021-03-08,5872.718084426153,5872.718084426153,5678.369140625,5678.369140625,90883000
2021-03-09,5661.4679042865255,5674.14283243045,5576.968383327025,5581.193359375,135582000
2021-03-10,5678.368288590604,5678.368288590604,5593.868760486577,5665.693359375,50302000
2021-03-12,5809.343043381606,5813.568020140428,5674.14378709927,5716.3935546875,74328000
2021-03-15,5758.642846991045,5762.867823401163,5631.8935546875,5631.8935546875,57416000
2021-03-16,5669.918349056604,5669.918349056604,5593.868773584906,5598.09375,70755500
2021-03-17,5619.218757387008,5631.893686914948,5581.193968803186,5585.4189453125,71474500
2021-03-18,5593.868760486577,5678.368288590604,5585.418807676175,5665.693359375,70067500
2021-03-19,5720.618410370053,5720.618410370053,5598.094086957401,5712.16845703125,125853000
2021-03-22,5610.769047394259,5644.568860932779,5585.41918724037,5593.869140625,67523500
2021-03-23,5678.368811881188,5678.368811881188,5538.944577660891,5547.39453125,127762500
2021-03-24,5505.144176412073,5534.719010821041,5424.869625873447,5441.76953125,152050000
2021-03-25,5407.969976452119,5441.769788804945,5348.820304834674,5382.6201171875,119101500
2021-03-26,5382.619744982463,5445.994388761691,5323.470077455183,5420.64453125,134467500
2021-03-29,5416.420177531692,5505.1446890201205,5374.17041015625,5374.17041015625,113370500
2021-03-30,5382.619747636093,5454.444343954628,5382.619747636093,5403.74462890625,83115500
2021-03-31,5399.520179410951,5403.745156077157,5192.4963227668695,5251.64599609375,223390500
2021-04-01,5251.646237685115,5298.120983151355,5200.946515358308,5260.09619140625,112286000
2021-04-05,5281.220350102813,5315.020160343471,5200.94580078125,5200.94580078125,73311500
2021-04-06,5184.04613723198,5213.620972570711,5137.571395985401,5209.39599609375,80215000
2021-04-07,5200.946148437501,5302.3455859375,5184.0462421875,5281.220703125,107908000
2021-04-08,5312.410445955583,5325.263051873218,5248.14741636741,5256.7158203125,123697500
2021-04-09,5410.946298906881,5415.230500252016,5265.283453172253,5312.40966796875,116961000
2021-04-12,5393.809086861733,5393.809086861733,5192.451638821621,5196.73583984375,110411500
2021-04-13,5183.884008789062,5192.452412109375,5123.905185546875,5141.0419921875,119211500
2021-04-14,5231.009874820331,5402.3779296875,5192.452062475218,5402.3779296875,135519500
2021-04-15,5402.378038540008,5406.66223999801,5295.273002089968,5380.95703125,102686500
2021-04-16,5458.073175267679,5458.073175267679,5325.262917470742,5376.67333984375,79293500
2021-04-19,5376.672873367723,5380.9570748604465,5338.115059933213,5372.388671875,47095000
2021-04-20,5312.4100027566155,5355.252018907879,5299.557397911237,5342.3994140625,72721000
2021-04-21,5312.410311486213,5333.831320806721,5282.4208984375,5282.4208984375,68397000
2021-04-22,5312.409603152655,5376.6726225456305,5295.272797981194,5325.26220703125,63758000
2021-04-23,5380.9570404196,5479.4936741215515,5333.830824301276,5475.20947265625,108498500
2021-04-26,5479.493642632508,5483.77784407319,5380.957009496818,5385.2412109375,108742000
2021-04-27,5458.072601818648,5513.767220204552,5445.219997575747,5488.06201171875,132650000
2021-04-28,5483.777195411392,5488.061396345308,5410.945779534835,5415.22998046875,87660000
2021-04-29,5535.188697469774,5535.188697469774,5449.504661905226,5492.3466796875,57355000
2021-04-30,5526.6198244474535,5526.6198244474535,5466.641004647248,5488.06201171875,65829500
2021-05-03,5552.32509903169,5552.32509903169,5436.65165946853,5475.20947265625,42065500
2021-05-04,5440.9348487854,5509.48205947876,5432.3664474487305,5483.77685546875,50123500
2021-05-05,5500.914041220817,5509.482443154183,5483.777237354086,5505.1982421875,51685000
2021-05-06,5483.777237354086,5526.619247020914,5483.777237354086,5505.1982421875,38115500
2021-05-07,5535.1872634887695,5535.1872634887695,5470.924253463745,5483.77685546875,48864000
2021-05-10,5483.7782320872275,5500.9150390625,5479.494030343409,5500.9150390625,68180500
2021-05-11,5483.7779706790125,5552.3251953125,5402.378141426746,5552.3251953125,70680000
2021-05-17,5569.4619140625,5569.4619140625,5462.3568772536055,5569.4619140625,129058500
2021-05-18,5483.777875586854,5530.904091705179,5453.788465329739,5475.20947265625,73563000
2021-05-19,5466.6407758323485,5483.777580772262,5428.082964717543,5436.6513671875,64912500
2021-05-20,5475.209516280123,5513.767329775053,5440.93590428463,5466.64111328125,64950000
2021-05-21,5526.620022755749,5526.620022755749,5363.820363170696,5449.50439453125,92620000
2021-05-24,5445.219365658967,5466.640370244565,5389.524753736413,5419.51416015625,59210000
2021-05-25,5398.093513350708,5518.051146980723,5398.093513350708,5445.2197265625,87470000
2021-05-27,5518.051522627591,5552.325134569378,5372.388671875,5372.388671875,537971500
2021-05-28,5423.799272507147,5458.0728856035585,5423.799272507147,5432.36767578125,102108500
2021-05-31,5449.5038419117645,5475.2090487132355,5419.514433976716,5462.3564453125,101442000
2021-06-02,5569.460594607985,5582.313195980158,5500.913387289733,5539.47119140625,141732500
2021-06-03,5565.176803311435,5655.14501953125,5509.482193270596,5655.14501953125,133810500
2021-06-04,5672.282889971979,5672.282889971979,5569.46205208729,5638.00927734375,62108500
2021-06-07,5620.872200421133,5629.440603165677,5509.482964742056,5595.1669921875,62576000
2021-06-08,5633.725248013462,5633.725248013462,5509.4833984375,5509.4833984375,64348000
2021-06-09,5449.504145530244,5599.451193559772,5449.504145530244,5595.1669921875,77198000
2021-06-10,5616.588096042414,5672.28271484375,5560.893477241078,5672.28271484375,73262500
2021-06-11,5629.4403715767485,5638.008773968798,5535.1879452642,5543.75634765625,72780500
2021-06-14,5586.599118808502,5586.599118808502,5483.778276131045,5492.3466796875,61478500
2021-06-15,5522.335341676126,5543.75634765625,5488.061732107926,5543.75634765625,87799000
2021-06-16,5500.914703345243,5513.767307792311,5449.504285556969,5470.92529296875,48984000
2021-06-17,5475.209243557464,5475.209243557464,5376.672613978574,5423.798828125,68448500
2021-06-18,5398.093155570652,5436.650963824728,5380.956351902174,5419.51416015625,118043000
2021-06-21,5398.0934765625,5398.0934765625,5320.97785546875,5355.25146484375,60823500
2021-06-22,5355.252046314324,5475.209692151765,5346.683643040221,5432.36767578125,65824000
2021-06-23,5393.8098556004215,5432.367670294943,5338.115234375,5338.115234375,52451000
2021-06-24,5406.662053548964,5406.662053548964,5312.409624723229,5320.97802734375,56010000
2021-06-25,5338.115411071284,5363.820621718497,5303.841796875,5303.841796875,68939500
2021-06-28,5226.7257818951275,5269.567796500825,5188.16796875,5188.16796875,84420500
2021-06-29,5183.882833501344,5218.156439012097,5175.314432123656,5179.5986328125,53704000
2021-06-30,5141.04236903527,5201.021196674014,5141.04236903527,5162.46337890625,65795000
2021-07-01,5192.452792725622,5205.30539864821,5141.04236903527,5162.46337890625,58153000
2021-07-02,5201.020378137808,5260.99919633709,5175.3151703381145,5226.7255859375,67392500
2021-07-05,5226.725542783347,5252.430750370806,5201.020335195888,5235.2939453125,39710500
2021-07-06,5235.294184816267,5235.294184816267,5188.16796875,5188.16796875,34279500
2021-07-07,5295.272463352741,5295.272463352741,5166.74643268884,5196.73583984375,35595000
2021-07-08,5141.041926433915,5175.3155392768085,5123.905120012469,5153.89453125,47297000
2021-07-09,5149.610307763185,5158.1787109375,5132.473501414555,5158.1787109375,40707500
2021-07-12,5201.020560834937,5295.272992744631,5158.1785463305305,5286.70458984375,65981500
2021-07-13,5286.703650033602,5290.987850722446,5153.893428679436,5179.5986328125,65946500
2021-07-14,5158.178352266799,5166.746754845315,5123.904741952734,5132.47314453125,59321000
2021-07-15,5141.0410172219945,5239.57763671875,5136.75681637431,5239.57763671875,49724000
2021-07-16,5286.704360487418,5286.704360487418,5188.167731402158,5235.2939453125,47998500
2021-07-19,5235.294903173137,5235.294903173137,5145.32666015625,5145.32666015625,47119000
2021-07-21,5183.883473020227,5243.862290063436,5149.60986328125,5149.60986328125,55009500
2021-07-22,5239.57795364541,5273.8515625,5183.883339256702,5273.8515625,60792000
2021-07-23,5295.272594436102,5303.840996692471,5162.462359462381,5171.03076171875,79938000
2021-07-26,5175.316074495212,5192.452882688905,5145.32666015625,5145.32666015625,48171500
2021-07-27,5145.32666015625,5192.452882688905,5141.042458107827,5145.32666015625,53107500
2021-07-28,5145.325301460597,5149.609502377717,5115.335895040761,5123.904296875,74133000
2021-07-29,5188.167544737557,5213.872751400171,5123.904528081022,5175.31494140625,84605000
2021-07-30,5175.315244844011,5226.725661183522,5106.768023057998,5115.33642578125,105685000
2021-08-02,5192.451597892198,5196.735798880558,5059.641367253041,5106.767578125,119981500
2021-08-03,5162.4623757246745,5295.272611116761,5128.188766591233,5265.283203125,110071500
2021-08-04,5265.282330282374,5269.566530713848,5192.450922947304,5243.861328125,41112000
2021-08-05,5286.704035683284,5406.661663721478,5260.998829675099,5398.09326171875,93768000
2021-08-06,5449.504289899553,5449.504289899553,5256.7152230399,5278.13623046875,67285000
2021-08-09,5256.715050481981,5312.40966796875,5231.009842411165,5312.40966796875,52858500
2021-08-10,5355.251251705109,5398.09326171875,5239.5778246682785,5398.09326171875,60446000
2021-08-12,5243.862025669643,5415.230065724207,5243.862025669643,5398.09326171875,118325500
2021-08-13,5440.936258348771,5513.767688578637,5419.515249457634,5492.3466796875,86929000
2021-08-16,5500.9150390625,5500.9150390625,5402.378398954683,5500.9150390625,69282000
2021-08-18,5586.597807173295,5792.23944424716,5535.18739790483,5655.14501953125,186354500
2021-08-19,5655.14501953125,5655.14501953125,5595.16620871804,5655.14501953125,100926000
2021-08-20,5655.14501953125,5655.14501953125,5578.029405628551,5655.14501953125,120163500
2021-08-23,5582.314130814919,5646.5771484375,5582.314130814919,5646.5771484375,68253000
2021-08-24,5629.439814897018,5655.14501953125,5569.461004083807,5655.14501953125,59561500
2021-08-25,5655.14501953125,5659.429220303622,5642.292417214134,5655.14501953125,80751500
2021-08-26,5620.8720703125,5638.008875404917,5543.756447396628,5620.8720703125,74337000
2021-08-27,5560.893467681932,5595.167079193068,5560.893467681932,5578.0302734375,71572500
2021-08-30,5595.167326881426,5638.009343166888,5586.598923624333,5625.15673828125,74564500
2021-08-31,5586.598503101145,5629.440516161737,5582.314301795086,5612.3037109375,115373500
2021-09-01,5612.304133395611,5655.146149681073,5599.451528509972,5625.15673828125,67362500
2021-09-02,5590.883234706494,5633.725251830681,5530.904410732631,5603.73583984375,53257000
2021-09-03,5620.871413352273,5655.14501953125,5582.313606400923,5655.14501953125,35764500
2021-09-06,5655.145615494297,5659.429816718156,5612.303603255704,5633.724609375,36780000
2021-09-07,5650.8609457495,5659.429347486801,5629.43994140625,5629.43994140625,53902000
2021-09-08,5612.303698048087,5650.861509714067,5500.914464346371,5518.05126953125,77888000
2021-09-09,5492.345513609446,5629.43994140625,5492.345513609446,5629.43994140625,110074000
2021-09-10,5565.177139375839,5625.1559538109905,5565.177139375839,5586.59814453125,41483500
2021-09-13,5620.873069221968,5620.873069221968,5590.883654980692,5616.5888671875,29929000
2021-09-14,5646.5778347915875,5650.86203648718,5565.1780025753205,5608.02001953125,51990500
2021-09-15,5608.019749266263,5612.3039507553885,5556.609331396748,5565.177734375,44514000
2021-09-16,5638.009137620193,5638.009137620193,5552.325108173077,5569.4619140625,58672500
2021-09-17,5560.892938344757,5599.450747624497,5552.324536282592,5586.59814453125,117540000
2021-09-20,5629.4408523455295,5646.577658593157,5578.030433602648,5642.29345703125,73157500
2021-09-21,5578.029870925222,5599.4508765739365,5543.756261887279,5560.89306640625,57115500
2021-09-22,5569.462644808352,5638.009877359839,5569.462644808352,5616.5888671875,68722000
2021-09-23,5616.5882694511065,5646.577680500807,5608.019866294049,5638.00927734375,60998500
2021-09-24,5569.462030478834,5642.29345703125,5569.462030478834,5642.29345703125,60539500
2021-09-27,5642.293478922278,5650.861882079335,5616.5882694511065,5638.00927734375,55052500
2021-09-28,5603.7349486555795,5620.871752779908,5569.461340406921,5586.59814453125,80186000
2021-09-29,5586.598858401406,5638.00927734375,5582.314656822877,5638.00927734375,74079000
2021-09-30,5655.145731026785,5997.8818359375,5650.861529715401,5997.8818359375,156848000
2021-10-01,5912.1978723650145,5912.1978723650145,5749.3982208071375,5792.240234375,103954500
2021-10-04,5775.1035352684985,5963.6083984375,5775.1035352684985,5963.6083984375,74719000
2021-10-05,5920.765477355562,5950.7548828125,5877.923469559935,5950.7548828125,54986500
2021-10-06,5980.745697956563,6152.11376953125,5972.177294377829,6152.11376953125,174312000
2021-10-07,6147.828677726191,6147.828677726191,6066.428855512395,6134.97607421875,107263500
2021-10-08,6169.250096450617,6254.934125567987,6147.829089171275,6246.36572265625,94643500
2021-10-11,6203.522885617677,6246.364894496252,6194.954483841962,6216.37548828125,47201000
2021-10-12,6216.375699069331,6272.0703125,6207.8072970030735,6272.0703125,91067000
2021-10-13,6340.617628737541,7068.931815822259,6340.617628737541,6447.72265625,210893300
2021-10-14,6511.986164314516,6769.038249747984,6511.986164314516,6640.51220703125,138811900
2021-10-15,6683.3536688112745,6747.616684857537,6383.459593928717,6554.82763671875,142378200
2021-10-18,6554.827683762458,6576.24868926495,6404.880645245016,6447.72265625,116644300
2021-10-19,6404.880751953125,6447.722763671875,6297.77572265625,6426.3017578125,134601200
2021-10-21,6426.302688186233,6469.144706107475,6297.776634422508,6340.61865234375,106120100
2021-10-22,6383.459639742525,6469.143661752491,6362.038634240033,6447.72265625,96730700
2021-10-25,6340.617628737541,6447.72265625,6340.617628737541,6447.72265625,60329800
2021-10-26,6511.985672757475,6511.985672757475,6426.301650747509,6447.72265625,70103000
2021-10-27,6490.56400089136,6490.56400089136,6362.037981071729,6383.458984375,57067000
2021-10-28,6297.776257944915,6362.03928098517,6297.776257944915,6319.197265625,75271900
2021-10-29,6383.459366508152,6404.88037109375,6319.196352751358,6404.88037109375,60639200
2021-11-01,6469.144706107475,6469.144706107475,6340.61865234375,6340.61865234375,38593400
2021-11-02,6319.197103421982,6362.0391176824705,6212.092067770762,6254.93408203125,90535400
2021-11-03,6254.934351084184,6340.618383290816,6212.092334980867,6297.7763671875,61621500
2021-11-04,6362.03928098517,6404.881296345339,6319.197265625,6319.197265625,61081400
2021-11-05,6404.879987678272,6404.879987678272,6319.195974465185,6383.458984375,43120400
2021-11-08,6426.301922184406,6511.985947813531,6383.459909369843,6490.56494140625,85441700
2021-11-09,6511.986003664495,6576.2490234375,6490.564997073494,6576.2490234375,101785800
2021-11-10,6576.248642067504,6576.248642067504,6490.564620672488,6554.82763671875,47503900
2021-11-11,6597.670030028502,6640.512043210505,6511.986003664495,6576.2490234375,55790000
2021-11-12,6640.511705772426,6640.511705772426,6447.72265625,6447.72265625,52590100
2021-11-15,6533.406787109375,6533.406787109375,6426.3017578125,6426.3017578125,67344200
2021-11-16,6340.617357336956,6404.88037109375,6276.354343580163,6404.88037109375,98616900
2021-11-17,6447.866065903465,6512.3447265625,6383.387405244431,6512.3447265625,61968100
2021-11-18,6383.388398041597,6447.867068728885,6361.8955078125,6361.8955078125,78839600
2021-11-19,6383.38818359375,6404.8810731008,6340.402404579651,6383.38818359375,68203700
2021-11-22,6383.387759001358,6469.359311311141,6361.894870923913,6426.37353515625,66328300
2021-11-23,6361.894870923913,6447.866423233695,6361.894870923913,6426.37353515625,43477500
2021-11-24,6512.345087466032,6512.345087466032,6383.387759001358,6426.37353515625,35181400
2021-11-25,6404.8810731008,6469.359741621949,6383.38818359375,6383.38818359375,40216100
2021-11-26,6361.8951084621995,6404.8808862220785,6232.93777518256,6254.4306640625,113288400
2021-11-29,6254.431056667018,6383.388398041597,6168.459495750633,6361.8955078125,87907900
2021-11-30,6297.416441822379,6383.387997342139,6254.4306640625,6254.4306640625,144923700
2021-12-01,6254.430938302654,6404.881167059075,6254.430938302654,6275.923828125,76538100
2021-12-02,6340.402254231771,6447.86669921875,6275.923587239584,6447.86669921875,66831000
2021-12-03,6469.359181342691,6469.359181342691,6318.908967823093,6340.40185546875,63283700
2021-12-06,6404.881228077168,6426.374118104272,6318.90966796875,6318.90966796875,56944100
2021-12-07,6404.881228077168,6426.374118104272,6318.90966796875,6318.90966796875,51258200
2021-12-08,6404.8810731008,6426.3739626078495,6361.895294086701,6383.38818359375,74775000
2021-12-09,6361.8954480229595,6404.881228077168,6318.90966796875,6318.90966796875,54886400
2021-12-10,6297.416080177437,6340.40185546875,6254.430304886123,6340.40185546875,91092400
2021-12-13,6340.402497592037,6361.895387414384,6275.923828125,6275.923828125,59977100
2021-12-14,6275.923828125,6340.402497592037,6254.430938302654,6275.923828125,49763600
2021-12-15,6275.923828125,6340.402497592037,6254.430938302654,6275.923828125,52477600
2021-12-16,6340.402219582259,6361.8951084621995,6254.4306640625,6254.4306640625,95171400
2021-12-17,6297.416476236979,6447.86669921875,6275.923587239584,6447.86669921875,107096800
2021-12-20,6318.908967823093,6361.894743114407,6297.416080177437,6340.40185546875,74753000
2021-12-21,6297.416080177437,6361.894743114407,6297.416080177437,6340.40185546875,52386100
2021-12-22,6383.388555220777,6383.388555220777,6297.4169921875,6297.4169921875,33232000
2021-12-23,6297.416717947346,6318.909607769691,6275.923828125,6275.923828125,37136400
2021-12-24,6275.923828125,6318.909607769691,6275.923828125,6275.923828125,30802100
2021-12-27,6275.9238879145405,6318.90966796875,6275.9238879145405,6318.90966796875,20722100
2021-12-28,6340.402557995854,6361.8954480229595,6297.416777941646,6318.90966796875,39343800
2021-12-29,6318.909607769691,6340.402497592037,6275.923828125,6275.923828125,42079500
2021-12-30,6318.909607769691,6318.909607769691,6275.923828125,6275.923828125,49954700
2022-01-03,6297.4169921875,6361.895664462458,6275.924101429181,6297.4169921875,54287400
2022-01-04,6297.416837125212,6404.8812882706925,6297.416837125212,6361.8955078125,70624000
2022-01-05,6404.88037109375,6469.3590325477135,6340.401709639786,6404.88037109375,76164900
2022-01-06,6447.866423233695,6469.359311311141,6383.387759001358,6426.37353515625,63657100
2022-01-07,6490.852178436478,6619.809506484885,6447.866402420343,6576.82373046875,143433300
2022-01-10,6512.345489501953,6576.824157714844,6490.852600097656,6533.83837890625,45351900
2022-01-11,6576.823793881899,6619.8095703125,6555.3309056665985,6619.8095703125,110334600
2022-01-12,6619.8095703125,6619.8095703125,6576.823793881899,6619.8095703125,62606000
2022-01-13,6619.8095703125,6662.795346743101,6576.823793881899,6619.8095703125,50025200
2022-01-14,6619.810235867834,6748.767578125,6576.824455115446,6748.767578125,65898700
2022-01-17,6791.752740675403,6791.752740675403,6619.809633316532,6662.79541015625,63902600
2022-01-18,6684.288944803542,6684.288944803542,6490.852930323697,6598.3173828125,71476300
2022-01-19,6576.8244923147395,6641.303163808021,6512.345820821458,6598.3173828125,60389700
2022-01-20,6641.301825324055,6684.28759765625,6555.330280659667,6684.28759765625,59925500
2022-01-21,6684.288545044713,6834.73876953125,6619.809877407625,6834.73876953125,63370500
2022-01-24,6727.274138621795,6748.76702724359,6684.288361378205,6705.78125,40278300
2022-01-25,6598.3160529918605,6684.28759765625,6555.330280659667,6684.28759765625,106796900
2022-01-26,6619.8095703125,6662.795346743101,6576.823793881899,6619.8095703125,53350200
2022-01-27,6555.3310296474365,6705.78125,6555.3310296474365,6705.78125,71945100
2022-01-28,6705.780483822347,6727.273369988445,6619.808939157958,6684.28759765625,70595000
2022-01-31,6684.288884797644,6684.288884797644,6555.33154296875,6555.33154296875,68122000
2022-02-02,6684.288361378205,6705.78125,6598.316806891026,6705.78125,65308100
2022-02-03,6705.781894720874,6727.274785409082,6619.810331968042,6641.30322265625,35100600
2022-02-04,6662.796113344459,6705.781894720874,6619.810331968042,6641.30322265625,39324700
2022-02-07,6684.288361378205,6705.78125,6619.809695512821,6705.78125,56813200
2022-02-08,6662.796113344459,6748.76767609729,6641.30322265625,6641.30322265625,61883100
2022-02-09,6748.7672126818,6834.73876953125,6705.7814342570755,6834.73876953125,108922200
2022-02-10,6834.738517515121,6834.738517515121,6662.79541015625,6662.79541015625,93277000
2022-02-11,6598.317077051717,6727.2744140625,6576.82418754992,6727.2744140625,71968800
2022-02-14,6662.795346743101,6684.288234958401,6619.8095703125,6619.8095703125,57710700
2022-02-15,6662.795805431548,6770.26025390625,6641.302915736607,6770.26025390625,55617000
2022-02-16,6748.767002596003,6856.2314453125,6727.274114052704,6856.2314453125,77055100
2022-02-17,6748.767636842365,6813.246308531942,6705.781855715981,6791.75341796875,48704600
2022-02-18,6834.738983635647,6834.738983635647,6748.76742409306,6813.24609375,56813400
2022-02-21,6813.245880318887,6856.231658743613,6791.752991106525,6834.73876953125,43821700
2022-02-22,6791.75341796875,6834.739199095135,6748.767636842365,6791.75341796875,80095500
2022-02-23,6791.752632472826,6963.695737092391,6770.25974439538,6920.7099609375,99240300
2022-02-24,6985.188064575195,7006.680950927735,6813.244973754882,6877.7236328125,124947700
2022-02-25,6834.738408627717,7028.174401324728,6813.245520550272,6920.7099609375,135899900
2022-03-01,6877.724184782608,7028.174401324728,6877.724184782608,6920.7099609375,136616800
2022-03-02,7071.160330745494,7071.160330745494,6856.2314453125,6856.2314453125,100301000
2022-03-04,6856.232089658327,6899.217870784711,6791.75341796875,6791.75341796875,132983400
2022-03-07,6705.781123173701,6748.766899604301,6619.8095703125,6619.8095703125,130990900
2022-03-08,6619.809506484885,6748.766834533292,6576.82373046875,6576.82373046875,119256500
2022-03-09,6619.810235867834,6834.739139629777,6576.824455115446,6748.767578125,132814500
2022-03-10,6813.24609375,6856.231873521293,6705.781644321766,6813.24609375,86484000
2022-03-11,6641.302766619988,6834.73876953125,6641.302766619988,6834.73876953125,61053900
2022-03-14,6920.710722837654,6963.696503724845,6834.739161063274,6942.20361328125,78432100
2022-03-15,7006.681640625,7049.66741756135,6942.202975220476,7006.681640625,111214500
2022-03-16,7114.1461464486465,7114.1461464486465,6942.203037168922,7049.66748046875,149761300
2022-03-17,7135.638269042968,7135.638269042968,6877.7236328125,6877.7236328125,132439400
2022-03-18,6877.724980221519,6963.6965424742875,6791.75341796875,6791.75341796875,143981700
2022-03-21,6705.781855715981,6834.739199095135,6705.781855715981,6791.75341796875,85485500
2022-03-22,6791.753203864353,6834.738983635647,6770.260313978707,6813.24609375,60010900
2022-03-23,6813.246308531942,6834.739199095135,6727.274746279173,6791.75341796875,82208000
2022-03-24,6748.76742409306,6834.738983635647,6705.781644321766,6813.24609375,95245100
2022-03-25,6791.752991106525,6834.73876953125,6791.752991106525,6834.73876953125,85101200
2022-03-28,6830.374460727353,6895.84130859375,6808.552178105221,6895.84130859375,83911500
2022-03-29,6874.019060074143,6895.841342804538,6830.374494613356,6852.19677734375,62180600
2022-03-30,6895.840835813492,6895.840835813492,6830.373992435516,6874.0185546875,71430600
2022-03-31,6917.663540544181,6983.130387931035,6874.018975619612,6961.30810546875,112691900
2022-04-01,7048.5967721066645,7048.5967721066645,6852.196242852919,6917.6630859375,105575400
2022-04-04,6917.663591215882,6917.663591215882,6830.374460727353,6895.84130859375,57321200
2022-04-05,6895.84130859375,6895.84130859375,6852.196743349486,6895.84130859375,48528300
2022-04-06,6830.374070690525,6852.196352066532,6764.9072265625,6764.9072265625,119263000
2022-04-07,6743.084945186492,6830.374070690525,6721.262663810484,6764.9072265625,68619400
2022-04-08,6808.552211882961,6874.019060074143,6786.729929152568,6852.19677734375,69791600
2022-04-11,6830.374086645429,6874.018649499393,6743.0849609375,6743.0849609375,62776200
2022-04-12,6743.08491398738,6808.5517578125,6721.26263271234,6808.5517578125,73471300
2022-04-13,6808.5517578125,6852.19632036258,6764.90719526242,6808.5517578125,57622100
2022-04-14,6808.551821225649,6808.551821225649,6721.2626953125,6721.2626953125,93342900
2022-04-18,6721.2626953125,6743.084976790787,6655.795850877637,6721.2626953125,68464700
2022-04-19,6721.262743340164,6721.262743340164,6655.7958984375,6655.7958984375,98632000
2022-04-20,6743.085501876531,6743.085501876531,6655.796369166156,6677.61865234375,124388800
2022-04-21,6808.5516807965305,6917.6630859375,6764.907118740142,6917.6630859375,129323400
2022-04-22,6852.196273561508,6917.663116939484,6808.551711309524,6874.0185546875,85956100
2022-04-25,6874.018478393555,6983.1298828125,6830.373916625977,6983.1298828125,91279600
2022-04-26,6917.663918269231,7092.2421875,6917.663918269231,7092.2421875,128360900
2022-04-27,7048.597086092321,7157.70849609375,7048.597086092321,7157.70849609375,89463100
2022-04-28,7201.353605769231,7201.353605769231,7048.597620192308,7092.2421875,133730600
2022-05-09,6874.018731368215,6895.841013055099,6633.9736328125,6633.9736328125,456796600
2022-05-10,6328.461265183762,6633.973188330565,6328.461265183762,6568.50634765625,268445700
2022-05-11,6568.50723645578,6721.263218698938,6503.040386922999,6677.61865234375,156535200
2022-05-12,6568.5064986710695,6590.328779397551,6350.28369140625,6350.28369140625,240529600
2022-05-13,6328.461864067833,6524.862404676835,6328.461864067833,6393.9287109375,212968600
2022-05-17,6350.284097207559,6524.862354175465,6350.284097207559,6459.3955078125,159657600
2022-05-18,6546.684521967823,6612.1513671875,6437.573113268359,6612.1513671875,153514300
2022-05-19,6459.394990037752,6524.861831152999,6437.572709666003,6503.03955078125,140908900
2022-05-20,6481.217789933488,6524.862354175465,6459.3955078125,6459.3955078125,86520200
2022-05-23,6503.039595471398,6524.861875993114,6415.7504733845335,6437.57275390625,71603500
2022-05-24,6393.928207708866,6524.861891143177,6393.928207708866,6415.75048828125,108710800
2022-05-25,6459.395034427966,6503.039595471398,6415.7504733845335,6437.57275390625,76747400
2022-05-27,6568.506803707714,6612.1513671875,6524.86224022793,6612.1513671875,84336900
2022-05-30,6612.1513671875,6633.973648927393,6524.86224022793,6612.1513671875,105411400
2022-05-31,6633.973538306452,6764.9072265625,6568.506694178428,6764.9072265625,286292700
2022-06-02,6655.795930667286,6699.440494147071,6568.506803707714,6612.1513671875,149226300
2022-06-03,6633.9736328125,6699.44047787315,6612.151351125617,6633.9736328125,80563100
2022-06-06,6590.328672268247,6612.150952639996,6481.217270409501,6503.03955078125,81140300
2022-06-07,6372.105912341101,6524.861875993114,6372.105912341101,6437.57275390625,129242500
2022-06-08,6546.6845060649675,6633.9736328125,6481.217661004318,6633.9736328125,108910500
2022-06-09,6546.6845703125,6612.151416015626,6546.6845703125,6546.6845703125,107828300
2022-06-10,6459.395049426021,6503.039610570791,6415.75048828125,6415.75048828125,111768600
2022-06-13,6372.10592713648,6459.395049426021,6350.283646564095,6415.75048828125,85539500
2022-06-14,6372.1063793285475,6459.3955078125,6328.461815086571,6459.3955078125,80865100
2022-06-15,6372.10642864761,6437.573275517278,6372.10642864761,6393.9287109375,130367100
2022-06-16,6459.395395008251,6633.973648927393,6437.573113268359,6612.1513671875,132666300
2022-06-17,6481.217724609375,6590.329134114584,6481.217724609375,6546.6845703125,117839400
2022-06-20,6633.973616803279,6677.618180071721,6546.684490266393,6655.7958984375,88138700
2022-06-21,6633.974085988562,6677.61865234375,6590.329519633374,6677.61865234375,44295700
2022-06-22,6655.795979817709,6677.618261718751,6546.6845703125,6546.6845703125,53041800
2022-06-23,6503.039506981935,6612.150908105793,6503.039506981935,6568.50634765625,60443000
2022-06-24,6633.974210911371,6633.974210911371,6524.86279296875,6524.86279296875,57956600
2022-06-27,6524.861891143177,6546.684171715561,6415.75048828125,6415.75048828125,76354100
2022-06-28,6372.10693359375,6459.396069670377,6372.10693359375,6372.10693359375,146078100
2022-06-29,6393.928252859214,6459.39509503866,6350.28369140625,6350.28369140625,98517800
2022-06-30,6372.10647898707,6459.395608836207,6328.4619140625,6328.4619140625,101343900
2022-07-01,6372.10647898707,6393.928761449354,6328.4619140625,6328.4619140625,68738800
2022-07-04,6328.462052582004,6350.284335521941,6110.239223182624,6153.8837890625,102238600
2022-07-05,6197.5282192887935,6393.928761449354,6197.5282192887935,6328.4619140625,69172900
2022-07-06,6372.10693359375,6393.9292176129065,6262.995513497967,6372.10693359375,66801100
2022-07-07,6306.639237524758,6328.46151862346,6197.52783203125,6197.52783203125,86126800
2022-07-08,6219.350568864729,6262.995134260271,6175.706003469187,6241.1728515625,64312400
2022-07-11,6284.817434210526,6284.817434210526,6219.3505859375,6219.3505859375,36830800
2022-07-12,6262.99365234375,6328.460484946647,6241.171374809452,6262.99365234375,34269000
2022-07-13,6197.527894810268,6219.350176130022,6110.23876953125,6110.23876953125,71988200
2022-07-14,6132.06103515625,6197.5278789479535,6110.2387538923485,6132.06103515625,83316300
2022-07-15,6197.527894810268,6197.527894810268,6110.23876953125,6110.23876953125,57419900
2022-07-18,6132.061438073645,6241.1728515625,6132.061438073645,6241.1728515625,60077700
2022-07-19,6197.526819740854,6262.99365234375,6197.526819740854,6262.99365234375,59641000
2022-07-20,6284.817250844595,6459.3955078125,6262.994968723607,6459.3955078125,105792900
2022-07-21,6459.3955078125,6459.3955078125,6328.461815086571,6459.3955078125,64337100
2022-07-22,6459.395557807167,6459.395557807167,6372.10642864761,6393.9287109375,38956500
2022-07-25,6415.751501632064,6437.5737856512205,6372.10693359375,6372.10693359375,31247600
2022-07-26,6328.462365555437,6437.5737856512205,6328.462365555437,6372.10693359375,44379900
2022-07-27,6393.9287109375,6415.750993227389,6350.2841463577215,6393.9287109375,58465500
2022-07-28,6437.572768853635,6503.039610570791,6393.928207708866,6415.75048828125,86909700
2022-07-29,6459.395049426021,6524.861891143177,6415.75048828125,6415.75048828125,131553000
2022-08-01,6415.75087890625,6546.6845703125,6415.75087890625,6546.6845703125,104841600
2022-08-02,6633.9736328125,6655.795914499384,6546.6845060649675,6633.9736328125,106466900
2022-08-03,6655.7958984375,6655.7958984375,6612.151335169057,6655.7958984375,60170600
2022-08-04,6699.4403514373,6808.5517578125,6677.61807016226,6808.5517578125,164221000
2022-08-05,6830.373992435516,6874.0185546875,6743.084867931548,6874.0185546875,118734200
2022-08-08,6874.0185546875,6917.663116939484,6764.90714905754,6874.0185546875,84328900
2022-08-09,6874.019025971617,6961.308156460146,6874.019025971617,6895.84130859375,92875800
2022-08-10,6808.552178105221,6895.84130859375,6743.085330238825,6895.84130859375,104376300
2022-08-11,6852.196709782823,6939.48583984375,6830.37442726759,6939.48583984375,73204700
2022-08-12,6917.6630859375,6961.307647993888,6852.196242852919,6917.6630859375,59381200
2022-08-15,6939.48583984375,6961.3081223589825,6895.841274813287,6939.48583984375,81411000
2022-08-16,6939.485823006466,6961.30810546875,6852.196693157328,6961.30810546875,83556700
2022-08-18,6895.840759277344,7004.952163696289,6874.018478393555,6983.1298828125,86136900
2022-08-19,7026.775004326542,7026.775004326542,6895.84130859375,6895.84130859375,58194900
2022-08-22,6852.196197509766,6983.1298828125,6830.373916625977,6983.1298828125,97293300
2022-08-23,6983.130439082278,6983.130439082278,6895.84130859375,6895.84130859375,71671800
2022-08-24,6939.48583984375,7004.9526873894465,6895.841274813287,6939.48583984375,108892400
2022-08-25,6983.130321207431,7070.419450222524,6895.841192192338,7048.59716796875,99503500
2022-08-26,7004.952163696289,7092.241287231445,6983.1298828125,6983.1298828125,80472400
2022-08-29,6983.130272239264,7114.06396484375,6939.485708037769,7114.06396484375,57762100
2022-08-30,7070.419384317661,7223.1753586702025,7048.5971022672975,7135.88623046875,124467000
2022-08-31,7048.597086092321,7179.530778094036,7026.774804092035,7157.70849609375,137659900
2022-09-01,7114.06396484375,7201.353093246741,7092.2416827430025,7114.06396484375,74960800
2022-09-02,7114.063915867211,7179.53076171875,7114.063915867211,7179.53076171875,71430600
2022-09-05,7179.530243934101,7244.997085064199,7157.707963557402,7223.1748046875,62906000
2022-09-06,7244.997085064199,7288.641645817598,7201.352524310801,7223.1748046875,67079900
2022-09-07,7201.353428171642,7310.46484375,7201.353428171642,7310.46484375,117931700
2022-09-08,7332.286653255988,7419.575780080464,7288.64208984375,7288.64208984375,132777400
2022-09-09,7419.576259328358,7419.576259328358,7223.175711287314,7310.46484375,91234600
2022-09-12,7266.820277518657,7354.109409981344,7266.820277518657,7310.46484375,52395300
2022-09-13,7310.464740652493,7485.043003115836,7310.464740652493,7441.3984375,124485200
2022-09-14,7310.46475758272,7550.5098690257355,7310.46475758272,7419.576171875,116642400
2022-09-15,7419.576478794644,7746.910735212054,7419.576478794644,7637.79931640625,190404800
2022-09-16,7594.152962046967,7615.975240673539,7375.93017578125,7375.93017578125,363127600
2022-09-19,7397.754266110458,7637.7993897895585,7375.931982139631,7550.51025390625,102530600
2022-09-20,7463.220703125,7550.509834155701,7463.220703125,7463.220703125,89238400
2022-09-21,7441.398472068584,7506.86532079646,7354.109340431416,7397.75390625,90933700
2022-09-22,7310.464774612831,7441.398472068584,7310.464774612831,7397.75390625,61908500
2022-09-23,7310.46484375,7397.753976212687,7310.46484375,7310.46484375,60567600
2022-09-26,7157.707877410979,7419.575238779673,7157.707877410979,7354.1083984375,106228200
2022-09-27,7310.46489669616,7375.93174651732,7244.998046875,7244.998046875,89567100
2022-09-28,7201.352978955518,7354.108951236392,7201.352978955518,7266.81982421875,89153400
2022-09-29,7266.820277518657,7375.931693097015,7266.820277518657,7310.46484375,62643700
2022-09-30,7310.464723821272,7485.042985882675,7223.17559279057,7463.220703125,176524800
2022-10-03,7375.9316061580885,7441.398454733456,7375.9316061580885,7419.576171875,115079600
2022-10-04,7441.398420367324,7528.687551398026,7441.398420367324,7463.220703125,80524500
2022-10-05,7441.397011660965,7463.219290287537,7354.107897154678,7375.93017578125,63788000
2022-10-06,7397.752958665616,7419.575238779673,7354.1083984375,7354.1083984375,43967400
2022-10-07,7266.819906095179,7310.464470095751,7157.70849609375,7157.70849609375,112043400
2022-10-10,7114.064347232681,7310.46489669616,7092.242063958961,7244.998046875,80238200
2022-10-11,7157.708463541667,7244.997591145834,7114.063899739584,7201.35302734375,64060000
2022-10-12,7157.708415446697,7266.81982421875,7135.886133692286,7266.81982421875,47569700
2022-10-13,7223.1748046875,7310.4639261942975,7223.1748046875,7223.1748046875,62282800
2022-10-14,7244.997591145834,7288.642154947917,7201.35302734375,7201.35302734375,70642900
2022-10-17,7201.35302734375,7244.997591145834,7135.886181640625,7201.35302734375,56387500
2022-10-18,7223.175763601281,7397.75402979104,7201.353480327561,7244.998046875,85665300
2022-10-19,7201.352524310801,7288.641645817598,7179.530243934101,7223.1748046875,66753500
2022-10-20,7201.353343290441,7419.576171875,7201.353343290441,7419.576171875,91812300
2022-10-21,7375.931982139631,7615.977105818732,7375.931982139631,7550.51025390625,122777800
2022-10-24,7637.7996894750695,7768.7333984375,7615.977404647998,7768.7333984375,89416500
2022-10-25,7703.265709186423,7746.910274110992,7594.154296875001,7594.154296875,84696300
2022-10-26,7528.687551398026,7550.509834155701,7463.220703125,7463.220703125,98962100
2022-10-27,7463.2206021012935,7594.154296875001,7463.2206021012935,7594.154296875,77003400
2022-10-28,7550.5101813616075,7637.799316406251,7550.5101813616075,7637.79931640625,84980600
2022-10-31,7725.088414972479,7725.088414972479,7659.621563998136,7681.44384765625,138922800
2022-11-01,7856.0221169211645,7856.0221169211645,7615.976996681907,7681.44384765625,118118400
2022-11-02,7681.443883928572,7703.266167689732,7615.97703264509,7637.79931640625,68323600
2022-11-03,7594.154713023793,7703.266131314364,7594.154713023793,7681.44384765625,81856300
2022-11-04,7659.62109375,7681.443376068376,7572.331964476496,7659.62109375,84458300
2022-11-07,7615.975998355844,7725.08740234375,7572.331436760682,7725.08740234375,94794000
2022-11-08,7725.088451450893,7746.910735212054,7615.97703264509,7637.79931640625,42525500
2022-11-09,7572.332853763204,7746.9111328125,7572.332853763204,7746.9111328125,96599500
2022-11-10,7615.976996681907,7681.44384765625,7615.976996681907,7681.44384765625,89463000
2022-11-11,7768.7319639389125,7790.554244736493,7703.265121546168,7725.08740234375,59597900
2022-11-14,7746.910735212054,7768.733018973215,7637.799316406251,7637.79931640625,49208200
2022-11-15,7659.621563998136,7725.088414972479,7637.799280340021,7681.44384765625,59092900
2022-11-16,7528.687517033067,7572.3320823492,7463.220669058866,7506.865234375,143424800
2022-11-17,7528.687915528743,7703.266186033758,7506.8656317156165,7615.97705078125,72679800
2022-11-18,7615.976978853134,7768.732964102337,7615.976978853134,7703.26611328125,83556900
2022-11-21,7746.910753660011,7768.733037473138,7615.97705078125,7615.97705078125,35901000
2022-11-22,7768.7333984375,7812.377968091643,7725.088828783356,7768.7333984375,84684200
2022-11-23,7768.733417693662,7834.200272337148,7746.9111328125,7746.9111328125,84642100
2022-11-24,7834.199689398872,7856.02197265625,7812.377406141493,7856.02197265625,53520800
2022-11-25,7856.0224799791085,7856.0224799791085,7768.733341312674,7834.2001953125,75048300
2022-11-28,7899.666521489785,7943.311087906855,7834.1996718641785,7877.84423828125,96209700
2022-11-29,7834.2001953125,7921.489333978934,7790.555625979283,7834.2001953125,91562100
2022-11-30,7746.908490580898,8205.176316784275,7725.086213142641,8117.88720703125,644359600
2022-12-01,8096.0670884874135,8161.533938259548,7856.02197265625,7856.02197265625,155775400
2022-12-02,7799.06298828125,7864.785429193733,7799.06298828125,7799.06298828125,130982100
2022-12-05,7711.4323806980055,7799.062294115028,7689.524902343749,7689.52490234375,114656300
2022-12-06,7645.709485320605,7667.616962355908,7514.26462310879,7601.89453125,180553800
2022-12-07,7448.542003744453,7514.264433189257,7404.72705078125,7404.72705078125,229308700
2022-12-08,7339.005572150735,7514.265406709558,7317.098092830882,7448.54296875,172590100
2022-12-09,7448.5436691417635,7536.173594661079,7404.728706382106,7514.26611328125,90851300
2022-12-12,7470.4503805226295,7623.802734375,7426.635422279095,7623.802734375,102851800
2022-12-13,7558.080297009698,7623.802734375,7492.357859644397,7623.802734375,104580200
2022-12-14,7536.172599637681,7623.802513586957,7470.450164175724,7558.080078125,118164300
2022-12-15,7514.265406709558,7536.1728860294115,7448.54296875,7448.54296875,113255700
2022-12-16,7382.820975370185,7579.988301121911,7360.913494731104,7536.17333984375,181516700
2022-12-19,7579.98779296875,7623.80275130961,7536.172834627891,7579.98779296875,67482900
2022-12-20,7492.358631901421,7579.988557420736,7492.358631901421,7514.26611328125,41243700
2022-12-21,7536.172100144093,7623.802008285303,7514.26462310879,7601.89453125,33617700
2022-12-22,7579.988557420736,7601.896038800564,7514.26611328125,7514.26611328125,59591500
2022-12-23,7470.450448069852,7514.265406709558,7448.54296875,7448.54296875,47393000
2022-12-26,7448.5436691417635,7558.081076040908,7448.5436691417635,7514.26611328125,20495900
2022-12-27,7536.17333984375,7579.988301121911,7514.265859204669,7536.17333984375,27193800
2022-12-28,7579.98779296875,7579.98779296875,7492.35787628703,7579.98779296875,40420200
2022-12-29,7470.451150521592,7536.173594661079,7448.5436691417635,7514.26611328125,47020900
2022-12-30,7514.265389425712,7579.9878272341,7492.357910156249,7492.35791015625,44681400
2023-01-02,7514.265389425712,7536.172868695175,7448.542951617324,7492.35791015625,10653900
2023-01-03,7492.357910156249,7536.172868695175,7470.450430886787,7492.35791015625,27399100
2023-01-04,7470.450500853762,7514.26545980305,7317.09814453125,7317.09814453125,90918800
2023-01-05,7317.098180042613,7339.005659623579,7141.838343394886,7229.46826171875,128838500
2023-01-06,7098.023366905121,7295.1906826524855,7098.023366905121,7273.283203125,69286600
2023-01-09,7295.189668373244,7404.72705078125,7295.189668373244,7404.72705078125,86916900
2023-01-10,7360.912413990825,7382.819891413417,7141.837639764908,7163.7451171875,101759100
2023-01-11,7054.208227163461,7141.8381430288455,7010.393269230769,7119.9306640625,96069100
2023-01-12,7141.837639764908,7251.375026877867,7119.930162342316,7163.7451171875,103804600
2023-01-13,7141.838415299884,7163.745895101417,7032.301016292217,7054.20849609375,119748200
2023-01-16,7054.207977856595,7185.652847009203,7054.207977856595,7141.837890625,105710700
2023-01-17,7163.745077597128,7339.004896009291,7141.837600295608,7295.18994140625,88695900
2023-01-18,7185.653285015061,7295.1906826524855,7163.745805487576,7273.283203125,96814600
2023-01-19,7317.09741870777,7317.09741870777,7229.467509501689,7295.18994140625,66391800
2023-01-20,7251.375723597515,7295.1906826524855,7229.468244070031,7273.283203125,96859500
2023-01-24,7273.282490738981,7317.097445502469,7207.56005859375,7207.56005859375,42474500
2023-01-25,7273.282744616997,7273.282744616997,7185.65283203125,7185.65283203125,66124500
2023-01-26,7207.5604676553285,7426.63525390625,7207.5604676553285,7426.63525390625,77582300
2023-01-27,7623.802734375,7755.247609105604,7492.357859644397,7623.802734375,196804700
2023-01-30,7645.710213496768,7689.5251717403025,7514.265338766164,7623.802734375,68544300
2023-01-31,7558.080125656803,7601.895082906987,7426.63525390625,7426.63525390625,200589000
2023-02-01,7514.265406709558,7514.265406709558,7404.728010110294,7448.54296875,77396200
2023-02-02,7382.819574299649,7470.449480226054,7360.912097818047,7404.72705078125,99109500
2023-02-03,7492.357859644397,7623.802734375,7448.542901400862,7623.802734375,71716700
2023-02-06,7667.617929015938,7667.617929015938,7579.988009827185,7645.71044921875,117757700
2023-02-07,7689.524637513242,7755.2470703125,7667.617159913489,7755.2470703125,116014700
2023-02-08,7733.34033203125,7755.2478117253895,7711.4328523371105,7733.34033203125,54495500
2023-02-09,7733.340547368767,7799.06298828125,7711.433067064607,7799.06298828125,72381700
2023-02-10,7777.155291419529,7799.0627711136685,7623.802933560552,7733.34033203125,62060900
2023-02-13,7777.15576171875,7799.063242737676,7689.525837643046,7777.15576171875,63775000
2023-02-14,7755.247043034218,7842.876953125,7733.339565511523,7842.876953125,81678200
2023-02-15,7777.15576171875,7799.063242737676,7667.61835662412,7777.15576171875,38037000
2023-02-16,7733.340129983837,7755.247609105604,7623.802734375,7623.802734375,66040400
2023-02-17,7689.525408813127,7755.247848204692,7645.71044921875,7645.71044921875,43588900
2023-02-20,7645.71068359375,7733.34060546875,7623.803203125,7667.6181640625,40077000
2023-02-21,7689.5251717403025,7711.43265086207,7623.802734375,7623.802734375,25390500
2023-02-22,7623.802008285303,7667.616962355908,7558.079577179395,7601.89453125,38671900
2023-02-23,7558.080530029996,7667.617929015938,7558.080530029996,7645.71044921875,53412300
2023-02-24,7689.524439391211,7755.246870497119,7601.89453125,7601.89453125,44123400
2023-02-27,7601.894988926727,7689.524902343749,7579.987510572471,7689.52490234375,59983900
2023-02-28,7689.525644531251,7689.525644531251,7601.895722656251,7667.6181640625,106349400
2023-03-01,7645.710743039153,7667.618223678233,7536.17333984375,7536.17333984375,67034700
2023-03-02,7536.172599637681,7623.802513586957,7536.172599637681,7558.080078125,56672000
2023-03-03,7579.987604281895,7601.895082906987,7426.63525390625,7426.63525390625,95376900
2023-03-06,7492.358459472656,7492.358459472656,7360.91357421875,7360.91357421875,92652000
2023-03-07,7317.097392549147,7426.634778665152,7317.097392549147,7382.81982421875,106115600
2023-03-08,7360.913743622449,7514.26611328125,7360.913743622449,7514.26611328125,79350900
2023-03-09,7579.988557420736,7579.988557420736,7492.358631901421,7514.26611328125,54201400
2023-03-10,7448.542003744453,7492.356956707656,7404.72705078125,7404.72705078125,59580100
2023-03-13,7404.727993078399,7558.080347964637,7404.727993078399,7492.35791015625,82077700
2023-03-14,7382.819850612331,7426.634805215372,7295.18994140625,7295.18994140625,90495300
2023-03-15,7404.727327913852,7426.634805215372,7295.18994140625,7295.18994140625,86747400
2023-03-16,7273.283203125,7317.09816217997,7229.468244070031,7273.283203125,105894000
2023-03-17,7339.0048828125,7404.72731459888,7295.189928288246,7339.0048828125,198558600
2023-03-20,7360.91357421875,7426.636016845703,7339.006093343099,7360.91357421875,37277900
2023-03-21,7360.913051470588,7448.54296875,7339.005572150735,7448.54296875,91617400
2023-03-24,7623.802933560552,7733.34033203125,7558.080494478133,7733.34033203125,145603600
2023-03-27,7733.340129983837,7733.340129983837,7623.802734375,7623.802734375,110692800
2023-03-28,7711.431916426513,7711.431916426513,7601.89453125,7601.89453125,98296600
2023-03-29,7753.84346147017,7865.5703125,7709.152721058238,7865.5703125,101068200
2023-03-30,7954.951636641289,7954.951636641289,7865.570157577904,7887.91552734375,118912100
2023-03-31,7887.915503627232,7910.260873325893,7798.534024832589,7820.87939453125,97146900
2023-04-03,7887.915682705966,7887.915682705966,7820.879572088068,7865.5703125,60288900
2023-04-04,7887.915347889957,7887.915347889957,7731.4977630876065,7843.224609375,60975800
2023-04-05,7843.224919972242,7865.570290114613,7798.5341796875,7798.5341796875,36922100
2023-04-06,7776.1886551339285,7843.224764229911,7776.1886551339285,7820.87939453125,45489400
2023-04-10,7798.534201882102,7865.5703125,7776.188831676136,7865.5703125,32996000
2023-04-11,7887.91552734375,7887.91552734375,7820.879418046211,7887.91552734375,44554300
2023-04-12,7954.951171875,7954.951171875,7887.915066494031,7954.951171875,91903600
2023-04-13,7999.643223695728,7999.643223695728,7932.607107296044,7977.2978515625,51726500
2023-04-14,8044.3330078125,8044.3330078125,7999.642268880209,8044.3330078125,110354200
2023-04-17,8066.6787109375,8089.024081327908,7954.951858985457,8066.6787109375,83946900
2023-04-18,8089.023948523116,8200.750798640838,8066.678578499572,8156.06005859375,91178700
2023-04-26,8156.0595968495245,8223.095703125,8044.332753057066,8223.095703125,186928200
2023-04-27,8133.714048625342,8200.750153421704,8111.368680359888,8178.40478515625,54842400
2023-04-28,8133.714665702693,8156.060035663415,8089.023925781249,8089.02392578125,145775300
2023-05-02,8133.714665702693,8133.714665702693,7954.951706016919,8089.02392578125,83645900
2023-05-03,8089.024712228642,8089.024712228642,7932.607107296044,7977.2978515625,83728800
2023-05-04,7977.296899414063,8066.678377278646,7932.606160481771,8044.3330078125,67565000
2023-05-05,8044.3330078125,8089.023746744792,7999.642268880209,8044.3330078125,64815100
2023-05-08,8044.3330078125,8111.369116210938,7999.642268880209,8044.3330078125,84754500
2023-05-09,7999.643223695728,8021.988595828957,7954.952479429272,7977.2978515625,40929600
2023-05-10,7977.2978515625,7999.643223695728,7954.952479429272,7977.2978515625,45322600
2023-05-11,7954.951636641289,7954.951636641289,7865.570157577904,7887.91552734375,81993900
2023-05-12,7820.879572088068,7932.606423117898,7798.534201882102,7865.5703125,96525600
2023-05-15,7932.606086404914,7932.606086404914,7798.533870860042,7843.224609375,64830300
2023-05-16,7865.56945941092,7887.914827193337,7776.18798828125,7776.18798828125,49497000
2023-05-17,7843.224609374999,7910.260717147436,7820.879240117521,7843.224609375,69996100
2023-05-19,7954.951529947917,8044.3330078125,7887.915421549479,8044.3330078125,123592500
2023-05-22,8044.3330078125,8111.369116210938,7977.296899414063,8044.3330078125,91000000
2023-05-23,8089.023948523116,8178.405428617294,8066.678578499572,8156.06005859375,102980500
2023-05-24,8223.09630367036,8223.09630367036,8066.6787109375,8066.6787109375,77392900
2023-05-25,8133.714665702693,8178.405405624137,8089.023925781249,8089.02392578125,76325700
2023-05-26,8200.750153421704,8223.095521687159,8133.714048625342,8178.40478515625,55675900
2023-05-29,8267.786258218068,8267.786258218068,8111.368680359888,8178.40478515625,79148200
2023-05-30,8223.09539695946,8334.822236592061,8178.40466110642,8267.7861328125,97189500
2023-05-31,8312.477625388467,8334.822995349188,8089.023925781249,8089.02392578125,722827900
2023-06-05,8178.404965608017,8334.82254691746,8133.714228091033,8223.095703125,163535600
2023-06-06,8089.023312094433,8223.095521687159,8089.023312094433,8178.40478515625,74872200
2023-06-07,8156.0597245771805,8200.750462794042,8111.3689863603195,8133.71435546875,87492200
2023-06-08,8111.369318546661,8156.06005859375,8111.369318546661,8156.06005859375,53188400
2023-06-09,8200.750462794042,8200.750462794042,8133.71435546875,8133.71435546875,44632400
2023-06-12,8178.40478515625,8178.40478515625,8133.714048625342,8178.40478515625,38082300
2023-06-13,8200.750153421704,8200.750153421704,8133.714048625342,8178.40478515625,45552600
2023-06-14,8133.714020532026,8156.0593887203,8089.023284155475,8111.36865234375,72223700
2023-06-15,8133.714665702693,8133.714665702693,8089.023925781249,8089.02392578125,59073000
2023-06-16,8133.714665702693,8133.714665702693,8021.987815899084,8089.02392578125,112769400
2023-06-19,8044.3330078125,8089.023746744792,8044.3330078125,8044.3330078125,32330600
2023-06-20,8066.678555820527,8089.023925781249,7999.6424459383625,8089.02392578125,54990100
2023-06-21,8089.023948523116,8156.06005859375,8044.333208476027,8156.06005859375,42676300
2023-06-22,8156.060035663415,8178.405405624137,8089.023925781249,8089.02392578125,48291100
2023-06-23,8066.678555820527,8178.405405624137,8066.678555820527,8089.02392578125,47813500
2023-06-26,8066.6779159672005,8156.0593887203,8066.6779159672005,8111.36865234375,36389900
2023-06-27,8089.023312094433,8178.40478515625,8089.023312094433,8178.40478515625,36225100
2023-07-03,8066.6779159672005,8111.36865234375,8066.6779159672005,8111.36865234375,108855900
2023-07-04,8178.405405624137,8178.405405624137,8089.023925781249,8089.02392578125,35049300
2023-07-05,8089.023925781249,8111.369295741972,8066.678555820527,8089.02392578125,44609200
2023-07-06,8089.023284155475,8133.714020532026,8066.6779159672005,8111.36865234375,52532400
2023-07-07,8066.6787109375,8133.7148221087255,8066.6787109375,8066.6787109375,37641300
2023-07-10,8133.714665702693,8133.714665702693,8089.023925781249,8089.02392578125,28981500
2023-07-11,8133.7148221087255,8133.7148221087255,8066.6787109375,8066.6787109375,43703500
2023-07-12,8111.369494529121,8200.7509765625,8089.024124020776,8200.7509765625,61566500
2023-07-13,8223.096168664384,8245.441538687928,8156.06005859375,8156.06005859375,65230900
2023-07-14,8200.750334366508,8223.095703125,8156.0595968495245,8223.095703125,55554500
2023-07-17,8223.096347070845,8267.787088087534,8200.7509765625,8200.7509765625,62550100
2023-07-18,8223.095521687159,8267.786258218068,8133.714048625342,8178.40478515625,52924600
2023-07-20,8223.095521687159,8245.440889952613,8156.059416890796,8178.40478515625,83476600
2023-07-21,8178.40478515625,8200.750153421704,8156.059416890796,8178.40478515625,42667800
2023-07-24,8223.095831902472,8223.095831902472,8133.71435546875,8133.71435546875,62061200
2023-07-25,8200.750153421704,8312.476994748975,8178.40478515625,8178.40478515625,122802700
2023-07-26,8200.750386447193,8357.16796875,8156.05964864639,8357.16796875,113868700
2023-07-27,8401.857998814363,8401.857998814363,8245.4404296875,8245.4404296875,77848400
2023-07-28,8223.096168664384,8245.441538687928,8156.06005859375,8156.06005859375,74510200
2023-07-31,8200.750798640838,8223.096168664384,8133.714688570205,8156.06005859375,80868000
2023-08-01,8200.750798640838,8200.750798640838,8133.714688570205,8156.06005859375,49756400
2023-08-02,8156.0595968495245,8223.095703125,8156.0595968495245,8223.095703125,60629900
2023-08-03,8178.40466110642,8312.47686866554,8178.40466110642,8267.7861328125,64596100
2023-08-04,8267.786258218068,8290.13162648352,8156.059416890796,8178.40478515625,52675900
2023-08-07,8178.405955188679,8290.1328125,8178.405955188679,8290.1328125,55589300
2023-08-08,8290.131809400476,8312.477178158968,8223.095703125,8223.095703125,43373400
2023-08-09,8290.131558032746,8401.8583984375,8267.786189951796,8401.8583984375,77056800
2023-08-10,8401.8583984375,8424.20376651845,8357.167662275599,8401.8583984375,76738100
2023-08-11,8424.20376651845,8446.549134599401,8379.51303035655,8401.8583984375,68898600
2023-08-14,8334.822599849598,8357.16796875,8245.441124247995,8357.16796875,75495400
2023-08-15,8334.821929603495,8379.512663810483,8312.4765625,8312.4765625,59303700
2023-08-16,8290.131195396505,8334.821929603495,8267.78582829301,8312.4765625,53440000
2023-08-18,8267.7861328125,8357.167604518581,8267.7861328125,8267.7861328125,79328900
2023-08-21,8245.44171757919,8267.787088087534,8200.7509765625,8200.7509765625,73573000
2023-08-22,8178.404359879032,8334.821929603495,8178.404359879032,8312.4765625,65664600
2023-08-23,8312.4765625,8334.821929603495,8290.131195396505,8312.4765625,63749800
2023-08-24,8267.786440641985,8334.82254691746,8223.095703125,8223.095703125,53725900
2023-08-25,8223.096698113208,8290.1328125,8200.751326650943,8290.1328125,50379000
2023-08-28,8267.786440641985,8267.786440641985,8223.095703125,8223.095703125,44423100
2023-08-29,8290.13150073902,8312.47686866554,8223.09539695946,8267.7861328125,45428500
2023-08-30,8312.477178158968,8312.477178158968,8223.095703125,8223.095703125,56227000
2023-08-31,8223.096347070845,8245.44171757919,8133.714865037466,8200.7509765625,136107200
2023-09-01,8223.095062669376,8290.131163723747,8200.749695651253,8245.4404296875,42152700
2023-09-04,8245.4404296875,8290.131163723747,8200.749695651253,8245.4404296875,40610600
2023-09-05,8267.785796705622,8267.785796705622,8223.095062669376,8245.4404296875,42007200
2023-09-06,8223.095521687159,8267.786258218068,8178.40478515625,8178.40478515625,49318400
2023-09-07,8156.06023554581,8200.7509765625,8133.714865037466,8200.7509765625,61405200
2023-09-08,8133.714688570205,8178.405428617294,8089.023948523116,8156.06005859375,80732300
2023-09-11,8111.369318546661,8156.06005859375,8111.369318546661,8156.06005859375,53155900
2023-09-12,8133.71435546875,8156.0597245771805,8111.3689863603195,8133.71435546875,66479000
2023-09-13,8089.023284155475,8111.36865234375,8044.332547778926,8111.36865234375,69490200
2023-09-14,8044.332879035028,8156.0597245771805,8044.332879035028,8133.71435546875,112757900
2023-09-15,8089.023746744792,8133.714485677084,8044.3330078125,8044.3330078125,121005300
2023-09-18,8089.023746744792,8111.369116210938,8044.3330078125,8044.3330078125,34272200
2023-09-19,8044.332547778926,8111.36865234375,8021.987179590651,8111.36865234375,33325800
2023-09-20,8156.059416890796,8200.750153421704,8111.368680359888,8178.40478515625,54305500
2023-09-21,8156.06005859375,8178.405428617294,8111.369318546661,8156.06005859375,40607000
2023-09-22,8156.0593887203,8178.404756908575,8111.36865234375,8111.36865234375,42445300
2023-09-25,8111.369116210938,8111.369116210938,8044.3330078125,8044.3330078125,56132200
2023-09-26,8044.332336766759,8066.677704368889,7999.641601562499,7999.6416015625,73544700
2023-09-27,7954.951325924296,8044.332801496479,7932.60595703125,7932.60595703125,84345000
2023-09-29,7887.91552734375,7954.951636641289,7887.91552734375,7887.91552734375,118960000
2023-10-02,7954.951075025827,8133.714020532026,7932.605706837552,8111.36865234375,93663000
2023-10-03,8111.368859332541,8223.095703125,8066.6781218155575,8223.095703125,98380200
2023-10-04,8223.095703125,8267.786440641985,8156.0595968495245,8223.095703125,112582800
2023-10-05,8223.095493285124,8223.095493285124,8111.36865234375,8111.36865234375,72855700
2023-10-06,8133.7148221087255,8133.7148221087255,8066.6787109375,8066.6787109375,53344400
2023-10-09,8066.678555820527,8156.060035663415,8066.678555820527,8089.02392578125,43774500
2023-10-10,8044.333967962185,8044.333967962185,7977.2978515625,7977.2978515625,71966100
2023-10-11,7977.2978515625,8066.679340095413,7977.2978515625,7977.2978515625,84305800
2023-10-12,8044.333185859806,8133.714665702693,8044.333185859806,8089.02392578125,71064500
2023-10-13,8133.714020532026,8156.0593887203,8066.6779159672005,8111.36865234375,62941800
2023-10-16,8156.0597245771805,8156.0597245771805,8089.023617251889,8133.71435546875,29429200
2023-10-17,8089.023071971019,8111.368439573149,7999.641601562499,7999.6416015625,59606000
2023-10-18,7977.29685017214,7999.642219500353,7910.2607421875,7910.2607421875,50919200
2023-10-19,7887.915503627232,7910.260873325893,7820.87939453125,7820.87939453125,89509700
2023-10-20,7798.535518040564,8066.680005766888,7798.535518040564,8021.9892578125,64554500
2023-10-23,7932.606111515714,7977.29685017214,7910.2607421875,7910.2607421875,50633500
2023-10-24,7843.224609374999,7932.606086404914,7843.224609374999,7843.224609375,76963200
2023-10-25,7887.915219245158,7977.296694817342,7887.915219245158,7932.60595703125,54748400
2023-10-26,7977.297140826468,7999.64251096884,7798.5341796875,7798.5341796875,63199400
2023-10-27,7798.533356063667,7865.56945941092,7776.18798828125,7776.18798828125,52450700
2023-10-30,7776.18852621822,7910.2607421875,7776.18852621822,7910.2607421875,51958200
2023-10-31,7865.5701339285715,7887.915503627232,7798.534024832589,7820.87939453125,64907600
2023-11-01,7820.8793462708945,7843.224715831669,7686.80712890625,7686.80712890625,67027600
2023-11-02,7798.533895546434,7954.951480843926,7798.533895546434,7910.2607421875,56050900
2023-11-03,7977.296540335323,7999.6419087956465,7910.260434954354,7954.951171875,60414100
2023-11-06,8021.987815899084,8089.023925781249,7999.6424459383625,8089.02392578125,84994200
2023-11-07,8044.334631789694,8066.680005766888,7954.95313588092,8021.9892578125,60648200
2023-11-08,7999.642268880209,8044.3330078125,7954.951529947917,8044.3330078125,31829300
2023-11-09,7954.951529947917,8089.023746744792,7954.951529947917,8044.3330078125,46076800
2023-11-10,7999.642376172982,8044.333115704674,7887.91552734375,7887.91552734375,50754600
2023-11-13,7932.60595703125,7977.296694817342,7910.260588138204,7932.60595703125,20827700
2023-11-14,7954.952479429272,7999.643223695728,7932.607107296044,7977.2978515625,37195700
2023-11-15,8021.987815899084,8089.023925781249,7999.6424459383625,8089.02392578125,84977900
2023-11-16,8089.023284155475,8111.36865234375,7999.641811402376,8111.36865234375,48714300
2023-11-17,8066.6779159672005,8111.36865234375,8021.987179590651,8111.36865234375,57050500
2023-11-20,8021.987432603433,8066.678170389525,7932.60595703125,7932.60595703125,49216000
2023-11-21,7887.915347889957,7954.951455662393,7843.224609374999,7843.224609375,107614800
2023-11-22,7843.224481459067,7932.60595703125,7843.224481459067,7932.60595703125,40364800
2023-11-23,7910.261735162815,8021.988595828957,7910.261735162815,7977.2978515625,55542100
2023-11-24,7977.2978515625,8021.988595828957,7954.952479429272,7977.2978515625,43631900
2023-11-27,7954.951325924296,7999.642063710387,7932.60595703125,7932.60595703125,35679000
2023-11-28,7932.60595703125,7999.642063710387,7910.260588138204,7932.60595703125,69070600
2023-11-29,7954.951171875,7999.6419087956465,7954.951171875,7954.951171875,54715600
2023-11-30,7977.298509858113,8021.9892578125,7954.95313588092,8021.9892578125,205312100
2023-12-01,7977.29623396037,8021.986969164629,7954.95086635824,7999.6416015625,80566400
2023-12-04,8037.8103827468485,8105.166335674894,8015.358398437499,8015.3583984375,54747400
2023-12-05,8037.809235647823,8037.809235647823,7925.549330122016,7992.9052734375,94363900
2023-12-06,7948.002602317116,8037.810541326349,7903.0986328125,7903.0986328125,81852800
2023-12-07,7858.194825601983,7925.55078125,7835.742840385978,7925.55078125,91322500
2023-12-08,7903.0978125,7948.00177734375,7858.19384765625,7858.19384765625,43891600
2023-12-11,7790.837900390625,7880.645830078125,7790.837900390625,7858.19384765625,78642800
2023-12-12,7813.2900390625,7858.194004804239,7813.2900390625,7813.2900390625,87589300
2023-12-13,7813.289873018733,7858.193837806196,7790.837890625,7790.837890625,51560500
2023-12-14,7880.6468148415925,8127.61865234375,7858.194829614124,8127.61865234375,115332800
2023-12-15,8194.974289147189,8284.7822265625,8150.070320439533,8284.7822265625,275013500
2023-12-18,8262.3291015625,8284.781082816746,8217.425139054008,8262.3291015625,111712200
2023-12-19,8194.973487647805,8307.2333984375,8194.973487647805,8307.2333984375,65174500
2023-12-20,8307.234700520834,8352.138671875,8284.78271484375,8352.138671875,72938100
2023-12-21,8352.136886310322,8374.5888671875,8307.232924555965,8374.5888671875,88116700
2023-12-22,8329.684905433143,8397.040848064678,8329.684905433143,8374.5888671875,64449600
2023-12-27,8419.4931640625,8441.945145833333,8374.589200520833,8419.4931640625,64464700
2023-12-28,8374.59033462849,8464.398273873836,8374.59033462849,8441.9462890625,70184600
2023-12-29,8464.398273873836,8486.850258685174,8397.042319439828,8441.9462890625,79903400
2024-01-02,8441.946452254642,8464.3984375,8397.042481763927,8464.3984375,30545200
2024-01-03,8464.397943996491,8464.397943996491,8374.590008251169,8397.0419921875,34603300
2024-01-04,8441.946776055409,8509.302734375,8419.494789948878,8509.302734375,56501800
2024-01-05,8531.75342689295,8621.56135770235,8509.301444190602,8599.109375,85290100
2024-01-08,8621.56135770235,8644.013340404701,8509.301444190602,8599.109375,50896000
2024-01-09,8621.561688311689,8644.013671875,8599.109704748376,8644.013671875,59848600
2024-01-10,8666.465155636452,8666.465155636452,8576.6572265625,8576.6572265625,52774900
2024-01-11,8644.013340404701,8666.46532310705,8599.109375,8599.109375,39381500
2024-01-12,8666.466147511275,8711.3701171875,8621.56217783505,8711.3701171875,68253400
2024-01-15,8756.273271810733,8756.273271810733,8666.465340817802,8733.8212890625,88399500
2024-01-16,8711.3701171875,8756.274086863725,8688.918132349389,8711.3701171875,44869200
2024-01-17,8756.2734375,8756.2734375,8666.465504807693,8756.2734375,107706100
2024-01-18,8688.9169921875,8756.272937863372,8644.013028403586,8688.9169921875,71048900
2024-01-19,8778.725573254871,8778.725573254871,8621.561688311689,8644.013671875,63176500
2024-01-22,8621.561688311689,8666.465655438313,8554.205737621754,8644.013671875,52868300
2024-01-23,8486.8505859375,8621.5625,8486.8505859375,8621.5625,92348600
2024-01-24,8621.562007874016,8621.562007874016,8509.30208589649,8554.2060546875,84906000
2024-01-25,8486.848966899672,8599.108873869243,8486.848966899672,8531.7529296875,63212700
2024-01-26,8441.94596006016,8486.84992793282,8352.13802431484,8397.0419921875,78977300
2024-01-29,8441.94533295157,8576.6572265625,8419.493350683082,8576.6572265625,73452800
2024-01-30,8531.75487775259,8666.466796875,8509.30289123219,8666.466796875,73136400
2024-01-31,8711.36912017343,8711.36912017343,8576.6572265625,8576.6572265625,102581200
2024-02-01,8666.466147511275,8733.822102025611,8599.110192996939,8711.3701171875,104208700
2024-02-02,8778.726071701836,8801.178056539948,8644.014162673164,8711.3701171875,99324000
2024-02-05,8688.9173058094,8688.9173058094,8554.2054095953,8599.109375,57983300
2024-02-06,8756.273589691558,8756.273589691558,8644.013671875,8644.013671875,87651000
2024-02-07,8711.3701171875,8733.822102025611,8666.466147511275,8711.3701171875,92953500
2024-02-12,8756.272794762437,8801.1767578125,8711.368831712372,8801.1767578125,87949400
2024-02-13,8756.273271810733,8801.177237307198,8711.369306314267,8733.8212890625,66072400
2024-02-15,8935.889970653552,8958.34195550444,8846.08203125,8846.08203125,164748900
2024-02-16,8958.341632478801,8980.7936165201,8868.5336963136,8935.8896484375,142277200
2024-02-19,8890.986164952532,8958.342120747628,8823.630209157436,8868.5341796875,53341300
2024-02-20,8846.081237336346,9003.2451171875,8846.081237336346,9003.2451171875,63997700
2024-02-21,8935.88981242168,8980.79378132832,8846.081874608397,8958.341796875,75371600
2024-02-22,8958.342120747628,8958.342120747628,8868.5341796875,8868.5341796875,66913000
2024-02-23,8890.985836116412,8913.43782055105,8801.177898377862,8823.6298828125,55192300
2024-02-26,8756.272794762437,8868.532702387596,8733.820813237404,8801.1767578125,41356000
2024-02-27,8756.274253362342,8890.986164952532,8756.274253362342,8868.5341796875,43735800
2024-02-28,8958.34196044922,8980.7939453125,8890.986005859375,8980.7939453125,54043100
2024-02-29,8980.794106012658,8980.794106012658,8846.082194422468,8868.5341796875,126671200
2024-03-01,8890.985836116412,8913.43782055105,8801.177898377862,8823.6298828125,51520600
2024-03-04,8801.177403846154,8823.629387019231,8756.2734375,8756.2734375,43822900
2024-03-05,8890.984683912628,8890.984683912628,8778.724776287469,8801.1767578125,61952900
2024-03-06,8890.9856803549,8980.7936165201,8778.725760148398,8935.8896484375,70242200
2024-03-07,9025.697757523149,9137.957679880401,8980.793788580248,9093.0537109375,118369300
2024-03-08,9205.312812692426,9250.21677763239,9093.052900342518,9115.5048828125,100947200
2024-03-13,9340.025703125,9340.025703125,8980.7939453125,8980.7939453125,141622600
2024-03-14,9025.698083762107,9272.669921875,9003.246098479116,9272.669921875,110681100
2024-03-15,9160.408847752464,9250.21677763239,9025.696952932574,9115.5048828125,154176800
2024-03-18,9137.956865282482,9227.764795162408,9115.5048828125,9115.5048828125,62444100
2024-03-19,9115.505048372237,9205.312979883292,9115.505048372237,9137.95703125,55004800
2024-03-20,9070.60172646605,9115.50569540895,9048.149741994599,9093.0537109375,66269700
2024-03-21,9137.957679880401,9182.861648823302,9025.697757523149,9093.0537109375,90279400
2024-03-22,8980.794593131188,9093.054525545329,8935.890620165532,9070.6025390625,91968200
2024-03-25,9256.6533203125,9256.6533203125,9118.83714184631,9256.6533203125,66971000
2024-03-26,9233.6845703125,9233.6845703125,9141.807111901431,9233.6845703125,65742700
2024-03-27,9210.714594157103,9256.6533203125,9187.745231079405,9256.6533203125,39514100
2024-03-28,9210.714594157103,9279.622683390198,9164.775868001707,9256.6533203125,79229700
2024-04-01,9256.653969701776,9279.623334390863,9026.960322810914,9049.9296875,79248700
2024-04-02,9118.837528113163,9141.806892163826,9003.990707859848,9095.8681640625,76763100
2024-04-03,8958.052411417322,9003.991141732284,8751.328125,8751.328125,177418400
2024-04-04,8797.266675920051,9049.9296875,8797.266675920051,9049.9296875,75993500
2024-04-05,9141.807768765904,9141.807768765904,9026.9609375,9026.9609375,70428600
2024-04-16,8590.54281930244,8797.267111745547,8498.665355994393,8705.3896484375,283265900
2024-04-17,8774.29749015748,8889.144315944883,8751.328125,8751.328125,95620700
2024-04-18,8751.328380091523,8797.267111745547,8682.420282610488,8705.3896484375,127134000
2024-04-19,8590.54281930244,8728.359014264512,8544.604087648417,8705.3896484375,147784300
2024-04-22,8636.48071941845,8659.450083033924,8590.5419921875,8590.5419921875,128908000
2024-04-23,8636.480318123393,8981.020756346401,8636.480318123393,8935.08203125,178833000
2024-04-24,9026.95982353172,9141.806640625,8958.051733275754,9141.806640625,132832700
2024-04-25,9187.745764066496,9187.745764066496,8912.113391144501,8981.021484375,104874100
2024-04-26,8912.113169642857,9026.959988839286,8843.205078125,8843.205078125,100932900
2024-04-29,8751.327243104273,9049.928960060586,8751.327243104273,9003.990234375,90063500
2024-04-30,9233.683862802933,9233.683862802933,9003.990234375,9003.990234375,109623000
2024-05-02,9095.866952306937,9095.866952306937,8728.357176456151,8774.2958984375,97079400
2024-05-03,8958.052228743654,9049.9296875,8889.144134676395,9049.9296875,81200400
2024-05-06,9049.928960060586,9072.89832290338,8981.020871532206,9003.990234375,53076200
2024-05-07,8912.11328125,8958.052009503866,8843.2051888692,8912.11328125,66746800
2024-05-08,8820.235999999999,8912.113458333333,8613.51171875,8613.51171875,112808900
2024-05-13,8452.726377952757,8751.328125,8452.726377952757,8751.328125,145469900
2024-05-14,8843.203981409522,8889.142703390871,8751.326537446826,8774.2958984375,95363500
2024-05-15,8728.3583984375,8820.235855263158,8659.450305818256,8728.3583984375,54741900
2024-05-16,8797.266962687174,8889.144424438477,8751.328231811523,8820.236328125,61126000
2024-05-17,8820.236538461539,9049.930198317308,8797.267172475962,8958.052734375,99848500
2024-05-20,8912.113940880607,9003.991404188655,8705.3896484375,8705.3896484375,87890100
2024-05-21,8682.4198125,8797.266635416667,8613.51171875,8613.51171875,75311400
2024-05-22,8705.389904882295,8797.267370896883,8567.573705860412,8659.451171875,121712700
2024-05-27,8544.603515625,8613.511608492943,8521.634151335686,8544.603515625,128578500
2024-05-28,8544.603515625,8636.480972782258,8544.603515625,8544.603515625,73945700
2024-05-29,8521.633927809085,8567.57265518272,8406.787109375,8406.787109375,117351600
2024-05-30,8268.970703125,8498.664333767361,8062.246435546876,8268.970703125,207115100
2024-05-31,8360.848849239865,8498.6650390625,8291.940754328547,8498.6650390625,756431600
2024-06-03,8590.542863460243,8590.542863460243,8475.69603373484,8521.634765625,72197700
2024-06-04,8751.327537495823,8751.327537495823,8590.5419921875,8590.5419921875,75353100
2024-06-05,8728.35865162037,8728.35865162037,8544.603732638889,8682.419921875,82087300
2024-06-06,8751.328380091523,8751.328380091523,8682.420282610488,8705.3896484375,44991300
2024-06-07,8728.357804121984,8728.357804121984,8567.572265625,8567.572265625,51599800
2024-06-10,8728.35875984252,8751.328125,8682.420029527559,8751.328125,45584700
2024-06-11,8774.297158518146,8774.297158518146,8544.603515625,8544.603515625,68690900
2024-06-12,8544.603769003379,8567.573133973818,8498.6650390625,8498.6650390625,49785700
2024-06-13,8705.388578995415,8705.388578995415,8452.7255859375,8452.7255859375,84652200
2024-06-14,8452.7255859375,8498.66431194803,8360.84813391644,8452.7255859375,52986300
2024-06-19,8498.666074974102,8498.666074974102,8314.9111328125,8314.9111328125,100051000
2024-06-20,8406.78814033488,8659.451171875,8360.849407327587,8659.451171875,81474800
2024-06-21,8705.389500935873,8889.144424438477,8636.481404622396,8820.236328125,166841200
2024-06-24,8820.236328125,8958.052520751953,8797.266962687174,8820.236328125,79592300
2024-06-25,8820.236328125,8820.236328125,8682.420135498047,8820.236328125,80029000
2024-06-26,8751.327762643916,8866.174583675987,8682.419670024672,8728.3583984375,77913200
2024-06-27,8797.267172475962,8958.052734375,8774.297806490384,8958.052734375,89150700
2024-06-28,9003.990101542822,9164.775639070373,8981.020739038886,9118.8369140625,166172300
2024-07-01,9049.93004845728,9095.868779667722,9026.960682852057,9072.8994140625,68634600
2024-07-02,9187.745620265152,9187.745620265152,9049.929435961174,9095.8681640625,78848500
2024-07-03,9164.776728515624,9187.74609375,9118.837998046874,9187.74609375,55860200
2024-07-04,9164.777135019083,9187.746501272264,9026.9609375,9026.9609375,67054000
2024-07-05,9118.837277206343,9164.776004043655,9072.898550369033,9141.806640625,36946900
2024-07-08,9187.745841106966,9233.6845703125,9141.807111901431,9233.6845703125,72903600
2024-07-09,9279.622683390198,9325.561409545597,9256.6533203125,9256.6533203125,61853200
2024-07-10,9348.532122621442,9394.470855410736,9233.685290648205,9279.6240234375,62325900
2024-07-11,9187.745231079405,9302.592046467898,9187.745231079405,9256.6533203125,55908400
2024-07-12,9233.683957234802,9279.622683390198,9210.714594157103,9256.6533203125,62646500
2024-07-15,9233.6845703125,9256.653934915268,9141.807111901431,9233.6845703125,36682600
2024-07-16,9164.776004043655,9210.714730880967,9141.806640625,9141.806640625,37192700
2024-07-17,9095.867685746174,9141.80641143176,9003.990234375,9003.990234375,90666000
2024-07-18,9003.991626701732,9279.6240234375,9003.991626701732,9279.6240234375,65383200
2024-07-19,9233.684678819445,9302.5927734375,9164.776584201389,9302.5927734375,53880300
2024-07-22,9302.593389832147,9325.562756226795,9279.6240234375,9279.6240234375,31285300
2024-07-23,9371.500614250614,9371.500614250614,9302.592521498771,9348.53125,39321100
2024-07-24,9302.592046467898,9348.530772623295,9256.6533203125,9256.6533203125,24658000
2024-07-25,9394.469837966473,9463.3779296875,9371.500474059465,9463.3779296875,98088100
2024-07-26,9532.286385820218,9555.255750605327,9463.378291464891,9486.34765625,75565800
2024-07-29,9555.255640243902,9578.225004763719,9348.531359565548,9417.439453125,69092500
2024-07-30,9463.378071253072,9463.378071253072,9348.53125,9348.53125,32122900
2024-07-31,9509.317275889598,9509.317275889598,9394.4704488861,9440.4091796875,82519900
2024-08-01,9371.500583584337,9532.2861328125,9371.500583584337,9532.2861328125,61176200
2024-08-02,9440.409071978402,9509.317167394302,9371.5009765625,9371.5009765625,55699900
2024-08-05,9187.746242088608,9325.562435719938,9072.8994140625,9072.8994140625,126328300
2024-08-06,9256.654189453126,9256.654189453126,9141.80736328125,9187.74609375,78473900
2024-08-07,9187.74655785891,9279.6240234375,9187.74655785891,9279.6240234375,52327400
2024-08-08,9325.56163565862,9394.4697265625,9256.653544754738,9394.4697265625,54162100
2024-08-09,9394.468629733683,9417.437990686576,9279.621824969212,9325.560546875,47062400
2024-08-12,9279.623516007967,9371.5009765625,9256.654150869332,9371.5009765625,40364100
2024-08-13,9417.439201873483,9463.3779296875,9348.531110152457,9463.3779296875,55207100
2024-08-14,9463.378437117035,9463.378437117035,9371.5009765625,9371.5009765625,47999100
2024-08-15,9371.500362927873,9463.377817466382,9348.530999293247,9394.4697265625,33396600
2024-08-16,9463.378291464891,9486.34765625,9417.439561894673,9486.34765625,40731400
2024-08-19,9486.347404461596,9578.224861163404,9440.408676110692,9532.2861328125,51054400
2024-08-20,9486.34715508843,9601.193972946643,9463.377791516787,9578.224609375,60304400
2024-08-21,9647.13270008993,9647.13270008993,9578.224609375,9578.224609375,84848800
2024-08-22,9509.317021035109,9555.255750605327,9394.470197109564,9486.34765625,56611600
2024-08-23,9486.34765625,9532.286385820218,9463.378291464891,9486.34765625,46651600
2024-08-26,9440.408926679782,9532.286385820218,9417.439561894673,9486.34765625,35145600
2024-08-27,9440.409071978402,9463.378437117035,9348.531611423867,9371.5009765625,60448400
2024-08-28,9463.378651494566,9509.3173828125,9417.43992017663,9509.3173828125,38489900
2024-08-29,9647.1327265434,9647.1327265434,9394.4697265625,9394.4697265625,53004700
2024-08-30,9486.34765625,9486.34765625,9371.500832324455,9486.34765625,158403700
2024-09-02,9532.286641290297,9532.286641290297,9371.5010834854,9440.4091796875,72008600
2024-09-03,9486.347435503685,9486.347435503685,9325.561885749385,9348.53125,50950200
2024-09-04,9325.561746245448,9463.3779296875,9302.59238233844,9463.3779296875,44817000
2024-09-05,9509.316911204269,9509.316911204269,9417.439453125,9417.439453125,39332900
2024-09-06,9394.469837966473,9463.3779296875,9394.469837966473,9463.3779296875,31541800
2024-09-09,9463.378545088199,9509.317275889598,9371.5010834854,9440.4091796875,36185100
2024-09-10,9509.3173828125,9509.3173828125,9440.409285835598,9509.3173828125,55093100
2024-09-11,9578.224609375,9578.224609375,9509.316518660073,9578.224609375,64621300
2024-09-12,9601.194697195704,9647.133427804296,9532.286601282816,9624.1640625,70759100
2024-09-13,9555.255245803357,9578.224609375,9486.34715508843,9578.224609375,70057100
2024-09-17,9601.194084821429,9647.1328125,9509.316629464285,9647.1328125,89745000
2024-09-18,9647.132674632352,9761.9794921875,9601.193947610294,9761.9794921875,65420200
2024-09-19,9830.888627078555,10014.6435546875,9784.94989517632,10014.6435546875,140886600
2024-09-20,10014.642718604988,10014.642718604988,9899.7958984375,9899.7958984375,142194600
2024-09-23,9853.85869943279,10060.5830078125,9853.85869943279,10060.5830078125,72553800
2024-09-24,9899.796260127316,10060.581814236111,9899.796260127316,9922.765625,105191100
2024-09-25,9807.917590725807,9968.703125,9670.101418490784,9968.703125,158369100
2024-09-26,9991.67423426548,9991.67423426548,9807.919305819218,9830.888671875,84960100
2024-09-27,9647.133032570422,9876.826676203053,9555.255575117371,9784.94921875,93027400
2024-09-30,9624.163844960654,9693.07193931598,9486.34765625,9486.34765625,144692100
2024-10-01,9555.255109597156,9693.0712890625,9532.285746352933,9693.0712890625,59797700
2024-10-02,9486.347265625,9693.071540178571,9486.347265625,9647.1328125,86746200
2024-10-03,9601.1943359375,9670.102429257626,9555.255607057417,9601.1943359375,60887000
2024-10-04,9555.255966587112,9624.1640625,9509.31723597852,9624.1640625,58500400
2024-10-07,9509.316657501517,9532.286021408525,9417.439201873483,9463.3779296875,91867900
2024-10-08,9371.499981219953,9647.132333608773,9325.561255821814,9555.2548828125,99622900
2024-10-09,9555.255245803357,9670.10206366157,9555.255245803357,9578.224609375,56835200
2024-10-10,9578.224720982143,9647.1328125,9555.255357142858,9647.1328125,51080000
2024-10-11,9716.041046216114,9716.041046216114,9532.2861328125,9532.2861328125,44632100
2024-10-14,9532.28599330357,9647.1328125,9532.28599330357,9647.1328125,31738600
2024-10-15,9693.071401654412,9761.9794921875,9601.193947610294,9761.9794921875,66635200
2024-10-16,9830.888350238663,9853.85771554296,9624.1640625,9624.1640625,63255900
2024-10-17,9693.071869536714,9922.765515734265,9647.133140297203,9853.857421875,66993300
2024-10-18,9991.672987827034,9991.672987827034,9853.856808684593,9876.826171875,56299600
2024-10-21,9968.704501793032,9968.704501793032,9807.9189453125,9807.9189453125,36472500
2024-10-22,9624.163448660714,9739.010267857142,9624.163448660714,9647.1328125,94799500
2024-10-23,9624.16366820716,9784.94921875,9624.16366820716,9784.94921875,48903000
2024-10-24,9853.858037930782,9968.704868209697,9830.888671875,9830.888671875,85341200
2024-10-25,9784.948719113372,9876.826171875,9761.979355922966,9876.826171875,34847500
2024-10-28,9945.735026809403,9945.735026809403,9739.0107421875,9739.0107421875,39061500
2024-10-29,9670.102176339286,9716.040904017857,9647.1328125,9647.1328125,49680100
2024-10-30,9440.409285835598,9555.256114130434,9440.409285835598,9509.3173828125,114484100
2024-10-31,9486.347546684452,9624.163733803354,9417.439453125,9417.439453125,97553400
2024-11-01,9440.408427945144,9578.224609375,9440.408427945144,9578.224609375,47710000
2024-11-04,9578.224861163404,9647.13295368976,9463.378040286145,9532.2861328125,49275700
2024-11-05,9463.377901785714,9716.040904017857,9463.377901785714,9647.1328125,50296500
2024-11-06,9624.163700377543,9647.133064817584,9532.286242617374,9601.1943359375,50324900
2024-11-07,9486.347435503685,9601.194256756757,9348.53125,9348.53125,131579100
2024-11-08,9371.500135700993,9394.469498778692,9233.683957234802,9256.6533203125,92166100
2024-11-11,9003.990924284826,9233.6845703125,9003.990924284826,9233.6845703125,128707600
2024-11-12,9279.621824969212,9394.468629733683,9187.744381157636,9325.560546875,80378500
2024-11-13,9394.468629733683,9417.437990686576,9325.560546875,9325.560546875,62933100
2024-11-14,9302.593389832147,9348.532122621442,9233.685290648205,9279.6240234375,56381400
2024-11-15,9233.684428746928,9440.408707002456,9233.684428746928,9348.53125,63598200
2024-11-18,9256.654189453126,9302.592919921875,9187.74609375,9187.74609375,65716200
2024-11-19,9095.867551558566,9210.714364078243,9095.867551558566,9118.8369140625,85295300
2024-11-20,9210.714594157103,9325.561409545597,9187.745231079405,9256.6533203125,58584400
2024-11-21,9233.570947017766,9233.570947017766,9095.0673828125,9095.0673828125,93181200
2024-11-22,9164.319164915132,9187.403092282677,9095.0673828125,9095.0673828125,58396100
2024-11-25,9187.402862023955,9418.242129914004,9141.235008445945,9395.158203125,165369400
2024-11-26,9464.4095703125,9464.4095703125,9233.5703125,9233.5703125,62310100
2024-11-28,9210.48638671875,9302.82208984375,9164.31853515625,9233.5703125,57443500
2024-11-29,9233.5703125,9325.906015625,9187.402460937501,9233.5703125,76886000
2024-12-02,9233.569711538461,9279.737560096155,9002.73046875,9002.73046875,87879600
2024-12-03,9256.65373918122,9441.325135474111,9141.23411649816,9418.2412109375,126087100
2024-12-04,9395.157286400889,9464.409060010723,9279.737663717831,9418.2412109375,97876300
2024-12-05,9464.41015625,9556.745865091463,9441.326229039634,9464.41015625,96904400
2024-12-06,9325.90619184243,9395.157970494727,9279.738339407568,9302.822265625,68247200
2024-12-09,9256.653141040157,9556.744140625,9233.56921799517,9556.744140625,64458400
2024-12-10,9533.660217580013,9556.744140625,9487.492371490036,9556.744140625,61230400
2024-12-11,9441.324705860312,9625.99609375,9441.324705860312,9625.99609375,37934300
2024-12-12,9510.577837070025,9579.829617437039,9395.158203125,9395.158203125,44780100
2024-12-13,9348.990059468284,9441.325763759329,9256.65435517724,9279.73828125,75126400
2024-12-16,9233.570544554455,9348.990176361387,9233.570544554455,9325.90625,57746100
2024-12-17,9187.402225378788,9279.737926136364,9141.234375,9141.234375,99845900
2024-12-18,9141.234135841836,9256.653758769133,9048.8984375,9048.8984375,84868500
2024-12-19,8956.563418523901,9025.815197533107,8818.059860505491,8933.4794921875,104254100
2024-12-20,8910.3955078125,9002.731212556671,8887.311581626458,8910.3955078125,91576900
2024-12-23,8956.56364889706,9095.06721047794,8956.56364889706,9025.8154296875,43292100
2024-12-24,9095.066165865384,9141.234014423077,9002.73046875,9002.73046875,32415700
2024-12-27,9048.8984375,9071.982362085459,8979.646663743622,9048.8984375,24016700
2024-12-30,9048.899123869509,9071.98305020591,8933.4794921875,8933.4794921875,56350100
2025-01-02,8910.39512310606,9141.234375,8910.39512310606,9141.234375,38124800
2025-01-03,9095.0673828125,9164.319164915132,9071.983455444955,9095.0673828125,41916000
2025-01-06,9095.066976542312,9118.150902878715,8910.395565851099,8933.4794921875,41593900
2025-01-07,8933.479138471948,8979.646989316765,8794.9755859375,8794.9755859375,71318600
2025-01-08,8933.4794921875,9025.815197533107,8841.143786841893,8933.4794921875,55943100
2025-01-09,9002.731673342321,9118.151310180045,8979.647745974778,9095.0673828125,42733800
2025-01-10,9048.898256748073,9164.317877369858,8979.646484375,8979.646484375,72531300
2025-01-13,8887.311639514695,8979.647344860303,8887.311639514695,8933.4794921875,88270100
2025-01-14,8864.227362204725,8979.646989316765,8794.9755859375,8794.9755859375,70942600
2025-01-15,8841.143116230867,9048.8984375,8818.059191645409,9048.8984375,77098000
2025-01-16,9095.066165865384,9164.317938701923,9002.73046875,9002.73046875,76979000
2025-01-17,9002.730823863636,9141.234375,8910.39512310606,9141.234375,71033100
2025-01-20,9095.066857751623,9118.150783786527,8887.3115234375,8887.3115234375,112111200
2025-01-21,8864.227480417754,8933.479257608518,8818.059628957246,8841.1435546875,124547900
2025-01-22,8910.39539082845,8933.479316711426,8841.143613179524,8864.2275390625,90154800
2025-01-23,8864.2275390625,9002.731094360352,8864.2275390625,8864.2275390625,120515400
2025-01-24,8887.31086282169,8910.394787140709,8633.3876953125,8633.3876953125,152057000
2025-01-30,8448.716796875,8564.136425247609,8448.716796875,8448.716796875,154645800
2025-01-31,8541.053189070768,8771.892464451059,8517.969261532739,8725.724609375,112982800
2025-02-03,8679.555543950535,8679.555543950535,8517.968073717413,8633.3876953125,90439900
2025-02-04,8633.387266902248,8679.555113249318,8471.7998046875,8471.7998046875,94607700
2025-02-05,8402.548886986302,8471.800663527398,8402.548886986302,8425.6328125,98229900
2025-02-06,8379.464543688897,8402.548468051677,8171.709224423882,8264.044921875,171477800
2025-02-07,8264.044906208223,8633.3876953125,8148.625284613135,8633.3876953125,131162200
2025-02-10,8333.297168502391,8541.052499573087,8333.297168502391,8448.716796875,76209100
2025-02-11,8333.297964553203,8402.549748192148,8310.214036673553,8379.4658203125,71188300
2025-02-12,8264.045391478825,8448.716796875,8264.045391478825,8448.716796875,121172600
2025-02-13,8402.549576822916,8448.717431640625,8310.2138671875,8310.2138671875,90439700
2025-02-14,8310.212830779943,8379.464604369778,8264.044981720055,8287.12890625,116274500
2025-02-17,8287.12877272537,8610.3037109375,8287.12877272537,8610.3037109375,89096400
2025-02-18,8610.303650558635,8841.142890519994,8541.051878570228,8587.2197265625,107318300
2025-02-19,8517.968089865572,8541.052014228351,8264.044921875,8264.044921875,154438200
2025-02-20,8287.129939778646,8333.297794596354,8264.046012369792,8310.2138671875,119260800
2025-02-21,8264.046012369792,8310.2138671875,8240.962084960936,8310.2138671875,106054700
2025-02-24,8240.9619140625,8287.129767922794,8194.794060202206,8240.9619140625,108530300
2025-02-25,8217.877755400143,8310.213460516998,8148.6259765625,8148.6259765625,101592700
2025-02-26,8125.541444088319,8217.877142316596,8056.289670417112,8102.45751953125,117843500
2025-02-27,8125.541330645161,8125.541330645161,7848.534239827713,7871.6181640625,199991600
2025-02-28,7871.618908800075,8010.122467312685,7779.283203125,7779.283203125,293095000
2025-03-03,7940.870583274148,8217.877696644176,7894.70273104581,8125.5419921875,192944300
2025-03-04,8217.878304864054,8240.962232686707,8010.122954460187,8171.71044921875,125418500
2025-03-05,8148.626375325521,8471.80135904948,8148.626375325521,8310.2138671875,155207900
2025-03-06,8494.884227019498,8494.884227019498,8287.12890625,8287.12890625,96270100
2025-03-07,8310.21369485294,8310.21369485294,8240.9619140625,8240.9619140625,82295300
2025-03-10,8079.37442555147,8287.129767922794,8056.290498621323,8240.9619140625,97652100
2025-03-11,8264.045840992647,8356.381548713236,8194.794060202206,8240.9619140625,109295600
2025-03-12,8333.297110445206,8425.6328125,8287.129259417808,8425.6328125,87968900
2025-03-13,8448.71637795961,8471.800302489553,8287.12890625,8287.12890625,83030700
2025-03-14,8125.541875,8240.96150390625,8079.3740234375,8079.3740234375,111397800
2025-03-17,8079.373665743096,8102.457590502362,7894.7022676689685,7940.8701171875,151365700
2025-03-18,7848.534185570407,7894.702033720821,7456.107476291887,7663.86279296875,417305700
2025-03-19,7663.862853087463,7756.198550112613,7594.6110803186,7686.94677734375,214108200
2025-03-20,7802.367012593283,7825.450938666045,7710.031308302238,7733.115234375,152917300
2025-03-21,7875.879777739319,7875.879777739319,7518.966796875,7518.966796875,377916400
2025-03-24,7447.584663055228,7709.3208652712265,7257.231061443593,7566.5556640625,331836800
2025-03-25,7685.526621942934,7756.909222146739,7614.14402173913,7661.732421875,136341700
2025-03-26,7899.6739884989,8232.792771146444,7875.879789738362,8113.82177734375,283104600
2025-03-27,8018.644749540441,8161.409937959558,7971.056353400735,8090.02734375,122943900
2025-04-08,7043.0826341438915,7614.143388263666,6924.111643702271,7399.99560546875,533073600
2025-04-09,7328.61343528194,7566.555429933951,7304.819235816739,7542.76123046875,136753900
2025-04-10,8090.02769400646,8232.792888606573,7780.703105706212,7828.29150390625,144148600
2025-04-11,7804.497285687311,7923.46828089596,7661.732091436934,7875.8798828125,82603000
2025-04-14,7852.085876464844,7994.85107421875,7852.085876464844,7994.85107421875,83319300
2025-04-15,8161.41064453125,8185.204844661078,8042.439643882106,8161.41064453125,83431800
2025-04-16,8090.02759725295,8137.615994883849,8018.6450008066,8066.2333984375,76874900
2025-04-17,8042.438947610293,8090.027343749999,7947.262155330882,8090.02734375,83540600
2025-04-21,8090.02741434488,8090.02741434488,7899.673828125,7899.673828125,40683800
2025-04-22,7923.467957261029,8090.027343749999,7923.467957261029,8090.02734375,56537100
2025-04-23,8137.616381626074,8304.17578125,8137.616381626074,8304.17578125,92329600
2025-04-24,8423.146380669248,8423.146380669248,8066.2333984375,8066.2333984375,143675300
2025-04-25,8232.792988621912,8232.792988621912,8161.41039045467,8185.20458984375,58297000
2025-04-28,8327.96947337963,8351.763671875,8232.792679398148,8351.763671875,73235400
2025-04-29,8375.558381088826,8399.3525810351,8280.381581303725,8304.17578125,60315700
2025-04-30,8375.558339235127,8494.52933837199,8256.587340098265,8399.3525390625,164597500
2025-05-02,8565.911385793872,8565.911385793872,8423.14619603064,8542.1171875,92219000
2025-05-05,8565.911385793872,8613.499782381616,8542.1171875,8542.1171875,86385600
2025-05-06,8613.500254284972,8613.500254284972,8542.117655492555,8589.7060546875,48860500
2025-05-07,8637.294921875,8661.089122761708,8565.912319214876,8637.294921875,77382000
2025-05-08,8637.293980675488,8756.264972144847,8494.528790912256,8542.1171875,99614500
2025-05-09,8613.500509982638,8613.500509982638,8542.11790907118,8565.912109375,47167500
2025-05-14,8803.85423685984,8851.44263814016,8708.677434299192,8827.6484375,149002900
2025-05-15,8827.6484375,8946.619440700808,8803.85423685984,8827.6484375,101401300
2025-05-16,8851.44140625,8875.235603578629,8780.058814264114,8851.44140625,63007500
2025-05-19,8827.64714740954,9041.794921875,8803.85295024671,9041.794921875,111597200
2025-05-20,9041.796153529023,9208.35555635719,9018.001953125,9018.001953125,160614800
2025-05-21,9232.1494140625,9255.943613583278,9089.384216937822,9232.1494140625,169739200
2025-05-22,9327.326728465026,9327.326728465026,9184.5615234375,9184.5615234375,103113000
2025-05-23,9208.35546875,9232.149668927648,9160.767068394702,9208.35546875,48521800
2025-05-26,9136.972402597403,9184.560800527597,9041.795606737012,9160.7666015625,56625300
2025-05-27,9089.384812127977,9136.973214285714,8994.2080078125,8994.2080078125,93212000
2025-05-28,8994.207540309175,9089.384339677526,8946.619140625,8946.619140625,236950800
2025-06-02,8589.705298119849,8732.470483130151,8589.705298119849,8661.087890625,264428700
2025-06-03,8613.5009765625,8684.883581340642,8518.324170191643,8613.5009765625,128318100
2025-06-04,8661.08817896936,8684.882377263231,8518.322989206128,8542.1171875,93357200
2025-06-05,8565.911896008403,8613.500295430673,8470.735097163866,8494.529296875,95529000
2025-06-10,8542.116903116415,8661.087890625,8518.322705614697,8661.087890625,80406400
2025-06-11,8661.089379747928,8684.883581340642,8613.5009765625,8613.5009765625,56632600
2025-06-12,8565.911815068494,8684.8828125,8565.911815068494,8684.8828125,41337300
2025-06-13,8661.088653479917,8684.88285307739,8542.117655492555,8589.7060546875,83318000
2025-06-16,8494.529296875,8565.911896008403,8470.735097163866,8494.529296875,57825000
2025-06-17,8542.118118328168,8661.089122761708,8542.118118328168,8637.294921875,54927900
2025-06-18,8518.322770365168,8589.70536341292,8470.734375,8470.734375,86270200
2025-06-19,8470.734664351852,8494.528862847223,8327.96947337963,8351.763671875,78879500
2025-06-20,8280.380859375,8446.940244477371,8208.9982657597,8280.380859375,445915100
2025-06-23,8161.41062330163,8280.381623641304,8090.028023097826,8208.9990234375,87324500
2025-06-24,8304.17527488426,8423.146267361111,8280.381076388889,8351.763671875,110158900
2025-06-25,8304.175586789153,8351.763985567315,8066.233592898347,8185.20458984375,117561000
2025-06-26,8113.821972091762,8232.79296875,8113.821972091762,8232.79296875,117281700
2025-06-30,8161.410119664085,8399.352105660122,8137.615921064482,8256.5869140625,185441800
2025-07-01,8327.969255118534,8351.763452990303,8185.204067887931,8280.380859375,82364500
2025-07-02,8161.410119664085,8256.5869140625,8161.410119664085,8256.5869140625,68545100
2025-07-03,8280.381387400073,8327.969786178235,8185.20458984375,8185.20458984375,50370800
2025-07-04,8232.79296875,8280.381367413294,8137.61617142341,8232.79296875,43593300
2025-07-07,8208.9990234375,8232.793223505434,8137.616423233695,8208.9990234375,49936900
2025-07-08,8137.615739889706,8185.2041360294115,8018.644749540441,8090.02734375,215611000
2025-07-09,8090.027343749999,8137.615739889706,8042.438947610293,8090.02734375,94459300
2025-07-10,8113.821991676508,8232.792988621912,8090.0277922874275,8185.20458984375,111769400
2025-07-11,8161.41062330163,8256.58742357337,8161.41062330163,8208.9990234375,135986500
2025-07-14,8232.792771146444,8256.586969906983,8042.439181062134,8113.82177734375,125196000
2025-07-15,8185.2046098318715,8185.2046098318715,8066.233612595944,8137.6162109375,77219300
2025-07-16,8137.615976104289,8185.204373625366,8090.027578583211,8113.82177734375,97475300
2025-07-17,8090.027578583211,8137.615976104289,8090.027578583211,8113.82177734375,86016400
2025-07-18,8137.6165094120925,8161.410709732011,8018.6455078125,8018.6455078125,80432200
2025-07-21,8042.43994140625,8090.028343426405,7971.057338376017,8042.43994140625,95383500
2025-07-22,8042.439473470052,8066.233673095703,7994.85107421875,7994.85107421875,77981700
2025-07-23,8042.439708132419,8090.028108772256,7994.851307492582,8018.6455078125,70969500
2025-07-24,8066.233145680147,8137.615739889706,8042.438947610293,8090.02734375,138256800
2025-07-25,8090.028343426405,8113.8225444364825,8042.43994140625,8042.43994140625,58682800
2025-07-28,8208.998334099264,8208.998334099264,8066.233145680147,8090.02734375,99484300
2025-07-29,8090.0278727213545,8090.0278727213545,7971.056874593099,7994.85107421875,104240300
2025-07-30,8066.233930445429,8066.233930445429,7923.4687281366605,7971.05712890625,98098100
2025-07-31,7947.262479937689,7971.056678979418,7852.085683770771,7875.8798828125,206006300
2025-08-01,7994.85062123494,8018.644819512425,7899.673828125,7899.673828125,86196100
2025-08-04,7923.46828089596,7947.262479937689,7875.8798828125,7875.8798828125,49054500
2025-08-05,7947.262906852745,8042.439708132419,7923.468706532827,8018.6455078125,69475900
2025-08-06,8018.644819512425,8018.644819512425,7899.673828125,7899.673828125,56325400
2025-08-07,7923.4680264024855,7947.26222467997,7899.673828125,7899.673828125,43621300
2025-08-08,7923.4680264024855,7994.85062123494,7899.673828125,7899.673828125,68378700
2025-08-11,8090.027812043129,8137.6162109375,8018.645213701572,8137.6162109375,128561300
2025-08-12,8208.999644134004,8446.941662804555,8161.411240399894,8423.1474609375,171015700
2025-08-13,8542.11769629727,8542.11769629727,8304.175699185924,8494.529296875,129083900
2025-08-14,8494.528862847223,8518.323061342593,8327.96947337963,8351.763671875,122930900
2025-08-15,8399.351848733837,8423.146046605603,8280.380859375,8280.380859375,68754200
2025-08-19,8185.2041360294115,8185.2041360294115,8042.438947610293,8090.02734375,128591700
2025-08-20,7971.056584780517,8185.204373625366,7947.262386019978,8113.82177734375,202260200
2025-08-21,8137.6162109375,8161.410410384686,8090.027812043129,8137.6162109375,69470200
2025-08-22,8161.410946456638,8161.410946456638,8042.43994140625,8042.43994140625,66394100
2025-08-25,8113.8217960684,8137.615994883849,8066.2333984375,8066.2333984375,64052700
2025-08-26,8042.439035866478,8066.233234197443,7852.08544921875,7852.08544921875,326794200
2025-08-27,7852.08543157003,7947.26222467997,7804.497035015061,7899.673828125,111915700
2025-08-28,7947.262460702891,7971.056659687031,7875.87986375047,7923.46826171875,81281400
2025-08-29,7852.085762142028,7875.879961421247,7685.5263671875,7685.5263671875,236499300
2025-09-01,7281.024774169921,7661.731951904297,7233.436376953125,7614.1435546875,421127500
2025-09-02,7614.1435546875,7780.702944946289,7614.1435546875,7614.1435546875,155531500
2025-09-03,7518.9670111677115,7614.1438087774295,7518.9670111677115,7590.349609375,212372700
2025-09-04,7590.349356079101,7614.1435546875,7542.7609588623045,7614.1435546875,103534800
2025-09-08,7637.937867796266,7637.937867796266,7328.61328125,7328.61328125,321191900
2025-09-09,7257.230999208368,7352.407799197987,7114.465799223942,7162.05419921875,595368700
2025-09-10,7185.84805063101,7423.7900390625,7185.84805063101,7423.7900390625,246849600
2025-09-11,7518.967306926751,7590.349907941879,7471.37890625,7471.37890625,235173400
2025-09-12,7590.349629399152,7590.349629399152,7471.378632073147,7542.76123046875,156084700
2025-09-15,7614.14378894081,7709.32058630257,7590.34958960037,7637.93798828125,142567700
2025-09-16,7661.732227794756,7685.526427259957,7518.967031003549,7542.76123046875,129312900
2025-09-17,7471.37890625,7518.967306926751,7423.790505573248,7471.37890625,183725900
2025-09-18,7471.378475040584,7518.966872970779,7281.024883319805,7328.61328125,275378700
2025-09-19,7281.024846003606,7447.584237905649,7281.024846003606,7423.7900390625,149025300
2025-09-22,7423.79031401699,7447.584513741404,7352.40771484375,7352.40771484375,92588800
2025-09-23,7376.201853918651,7518.96705109127,7376.201853918651,7495.1728515625,102606200
2025-09-24,7566.554992087018,7566.554992087018,7352.407209292102,7399.99560546875,150428400
2025-09-25,7352.407480215097,7399.9958781452915,7328.61328125,7328.61328125,147986600
2025-09-26,7209.642557313013,7328.613556608607,7209.642557313013,7257.23095703125,121657700
2025-09-29,7376.201407380427,7423.789803557074,7328.613011203778,7399.99560546875,116454700
2025-09-30,7328.613556608607,7399.996156185964,7257.23095703125,7257.23095703125,170666700
2025-10-01,7233.4365625,7304.81916015625,7138.259765625,7138.259765625,202433400
2025-10-02,7138.259765625,7233.4365625,7138.259765625,7138.259765625,126952400
2025-10-03,7162.05419921875,7185.848399216155,7138.259999221345,7162.05419921875,76787500
2025-10-06,7138.259765625,7185.8481640625005,7090.6713671875,7138.259765625,104032400
2025-10-07,7185.847891527434,7233.436288160066,7138.259494894802,7209.64208984375,74282600
2025-10-08,7138.259567002118,7162.053765558792,7019.28857421875,7019.28857421875,168080800
2025-10-09,7019.289227416184,7328.613837437914,6947.906625103477,7185.8486328125,293567400
2025-10-10,7090.671406513936,7090.671406513936,6995.494609111064,7043.0830078125,107426000
2025-10-13,6947.906483308448,7019.289084164356,6947.906483308448,6971.70068359375,101847900
2025-10-14,6924.112070649246,6995.494669315733,6900.31787109375,6900.31787109375,151862300
2025-10-15,6900.31787109375,6995.494669315733,6876.523671538254,6900.31787109375,133206400
2025-10-16,6900.317851027397,6971.700449486301,6876.523651541096,6947.90625,120611200
2025-10-17,6947.906171875,7162.05396484375,6924.11197265625,7138.259765625,157334400
2025-10-20,7328.613454861111,7614.143849206349,7257.230856274801,7495.1728515625,393421800
2025-10-21,7709.320416205752,8066.2333984375,7709.320416205752,8066.2333984375,529802600
2025-10-22,8280.381038014482,8280.381038014482,7804.4970703125,7804.4970703125,392957200
2025-10-23,7804.497266798048,7947.262460702891,7756.908868829768,7923.46826171875,187003900
2025-10-24,7899.674081854229,7971.056678979418,7875.8798828125,7875.8798828125,133355100
2025-10-27,7923.468495625935,8018.645294372193,7804.497497193114,7947.2626953125,182275600
2025-10-28,7947.262479937689,7994.850878021149,7852.085683770771,7875.8798828125,180270000
2025-10-29,7899.674197174782,8185.20458984375,7875.879997785702,8185.20458984375,239156800
2025-10-30,8161.410174864828,8327.9695661886,8066.233379822673,8113.82177734375,259009800
2025-10-31,8137.615976104289,8232.792771146444,8113.82177734375,8113.82177734375,177088000
2025-11-03,8232.79296875,8232.79296875,8113.821972091762,8232.79296875,115007100
2025-11-04,8232.79296875,8280.381367413294,8208.998769418353,8232.79296875,155231500
2025-11-05,8208.9982657597,8280.380859375,8185.204067887931,8280.380859375,125731500
2025-11-06,8208.998809279057,8256.587208173429,8137.6162109375,8137.6162109375,89756900
2025-11-07,8137.615921064482,8256.5869140625,8137.615921064482,8256.5869140625,75241900
2025-11-10,8256.587445050565,8256.587445050565,8161.41064453125,8161.41064453125,79897700
2025-11-11,8161.410471598308,8185.204671223958,7994.85107421875,7994.85107421875,130897600
2025-11-12,8018.644749540441,8137.615739889706,7994.850551470588,8090.02734375,85415600
2025-11-13,7994.851329291045,8066.233930445429,7971.05712890625,7971.05712890625,104113800
2025-11-14,7971.057107172664,8090.028108772256,7971.057107172664,8018.6455078125,89815300
2025-11-17,8090.0280441417635,8161.41064453125,8066.233844011935,8161.41064453125,129411100
2025-11-18,8137.616271972656,8161.410471598308,7994.85107421875,7994.85107421875,119377900
2025-11-19,7947.262404360251,8090.02759725295,7923.468205544801,8066.2333984375,114209700
2025-11-20,8066.233908452337,8185.204910051929,7994.851307492582,8018.6455078125,124087400
2025-11-21,7971.056874593099,8018.645273844401,7947.262674967448,7994.85107421875,103917100
2025-11-24,7994.850801991151,8066.2333984375,7947.262404360251,8066.2333984375,279590600
2025-11-25,8066.233145680147,8090.027343749999,7971.056353400735,8090.02734375,98807700
2025-11-26,7994.851307492582,8042.439708132419,7971.057107172664,8018.6455078125,77094400
2025-11-27,8018.645057655312,8042.439256639453,7923.46826171875,7923.46826171875,71051300
2025-11-28,7923.46828089596,7947.262479937689,7875.8798828125,7875.8798828125,67559300
2025-12-01,8042.439473470052,8042.439473470052,7947.262674967448,7994.85107421875,76359200
2025-12-02,7947.262928521455,8018.6455296758395,7947.262928521455,7971.05712890625,97044000
2025-12-03,7999.798492799322,8047.701477786145,7951.8955078125,7951.8955078125,103550900
2025-12-04,7975.847479637633,7999.798973570479,7880.04150390625,7880.04150390625,71410400
2025-12-05,7856.089537838855,7951.8955078125,7856.089537838855,7951.8955078125,71162300
2025-12-08,7999.798492799322,7999.798492799322,7903.992522825678,7951.8955078125,61745200
2025-12-09,7951.895634403935,7951.895634403935,7760.28369140625,7760.28369140625,113057200
2025-12-10,7760.284013399768,7832.138495005321,7688.429531794214,7736.33251953125,143418300
2025-12-11,7832.138484191895,7856.089978027344,7568.6720520019535,7664.47802734375,140766000
2025-12-12,7568.6720520019535,7664.47802734375,7520.769064331055,7664.47802734375,100006800
2025-12-15,7592.623120411333,7951.8955078125,7592.623120411333,7951.8955078125,143105700
2025-12-16,8023.750445953463,8023.750445953463,7688.429531794214,7736.33251953125,122332000
2025-12-17,7664.477706386293,7784.235170548579,7640.526213553836,7688.42919921875,89802700
2025-12-18,7688.429226096617,7903.992662342316,7688.429226096617,7832.13818359375,88497200
2025-12-19,7856.089819487577,7880.041312839674,7712.380859375,7712.380859375,131069800
2025-12-22,7712.3807190128055,7832.13818359375,7688.429226096617,7832.13818359375,72424200
2025-12-23,7760.283677716122,7784.235170548579,7640.526213553836,7688.42919921875,85044100
2025-12-24,7688.42919921875,7736.332184883665,7664.477706386293,7688.42919921875,71260500
2025-12-29,7688.42919921875,7688.42919921875,7616.574720721379,7688.42919921875,78399400
2025-12-30,7616.5750501886605,7832.138495005321,7616.5750501886605,7736.33251953125,101995600
2026-01-02,7736.332184883665,7736.332184883665,7664.477706386293,7688.42919921875,68612400
2026-01-05,7664.478037925696,7760.284013399768,7664.478037925696,7736.33251953125,73408800
2026-01-06,7832.13818359375,7832.13818359375,7736.332211928995,7832.13818359375,97624300
2026-01-07,7784.235517817772,7832.138505619728,7688.429542213861,7808.18701171875,93152500
2026-01-08,7760.283846079193,7808.186832783385,7712.380859375,7712.380859375,79823700
2026-01-09,7784.2353515625,7832.138338341346,7712.380871394231,7784.2353515625,79484700
2026-01-12,7736.332184883665,7760.283677716122,7664.477706386293,7688.42919921875,82935700
2026-01-13,7688.429531794214,7736.33251953125,7664.478037925696,7736.33251953125,80536300
2026-01-14,7688.4295211792,7712.381015014649,7616.575039672852,7664.47802734375,105724300
2026-01-15,7664.478037925696,7832.138495005321,7640.526544057178,7736.33251953125,151753100
2026-01-19,7736.332364783653,7784.2353515625,7640.526391225962,7784.2353515625,172100000
2026-01-20,7712.381015014649,7784.235496520996,7664.47802734375,7664.47802734375,82672500
2026-01-21,7592.6235018643465,7616.574995561079,7377.06005859375,7377.06005859375,301825600
2026-01-22,7377.0597234987745,7448.914201325061,7281.2537530637255,7329.15673828125,268025900
2026-01-23,7281.2537530637255,7353.108230890012,7233.350767846201,7329.15673828125,202878600
2026-01-26,7233.350767846201,7353.108230890012,7209.399275237439,7329.15673828125,213044100
2026-01-27,7257.302231445313,7305.205216471354,7185.44775390625,7185.44775390625,259830900
2026-01-28,6754.321122247554,7089.642029025801,6634.5636555410365,6730.36962890625,1027287500
2026-01-29,6395.048899332683,6969.884755452474,6107.630971272786,6898.0302734375,1432993400
2026-01-30,6898.030141469595,7281.254038217905,6898.030141469595,7089.64208984375,528434900
2026-02-02,7281.25390625,7281.25390625,7017.787482010691,7281.25390625,326948700
2026-02-03,7281.2537530637255,7329.15673828125,7065.6903195848645,7329.15673828125,206015400
2026-02-04,7329.156766451322,7496.817215357071,7281.25378104968,7472.86572265625,193370800
2026-02-05,7472.86572265625,7592.623186160356,7472.86572265625,7472.86572265625,142332400
2026-02-06,7377.059891592019,7448.914371055578,7281.253918973941,7353.1083984375,176352600
2026-02-09,7353.108201497396,7401.011186523438,7137.544768880209,7185.44775390625,174758300
2026-02-10,7185.4480756166395,7233.351062787417,7137.545088445861,7161.49658203125,127704200
2026-02-11,7161.496414901426,7209.3994009542785,7089.641935822147,7137.544921875,213505000
2026-02-12,7137.545065193046,7161.496558700405,6993.836104148891,7017.78759765625,237465300
2026-02-13,7017.787743462457,7017.787743462457,6898.0302734375,6898.0302734375,356015300
2026-02-18,6921.981777545103,7065.690741784794,6921.981777545103,6969.884765625,125301200
2026-02-19,7017.787573837652,7017.787573837652,6874.07861328125,6874.07861328125,133463400
2026-02-20,6874.078459531791,6945.932938202855,6850.126966641436,6921.9814453125,122959500
2026-02-23,6993.8359375,7041.738923373288,6969.884444563357,6993.8359375,100443800
2026-02-24,6969.88443109321,7017.787416873919,6921.9814453125,6921.9814453125,159225400
2026-02-25,6969.884610641531,7065.690584670968,6945.933117134172,7017.78759765625,133278000
2026-02-26,7041.738923373288,7065.690416309932,6898.029965753425,6993.8359375,127811900
2026-02-27,6898.030106707317,6969.884586985518,6874.07861328125,6874.07861328125,193104700
2026-03-02,6778.272615588857,6850.127095612767,6682.466642223643,6730.36962890625,156182700
2026-03-03,6778.2724609375,6826.175446527164,6730.369475347836,6778.2724609375,103031100
2026-03-04,6778.272590553977,6778.272590553977,6538.757658025568,6586.66064453125,216518700
2026-03-05,6682.466654173085,6826.175614477883,6658.515160788952,6802.22412109375,110256300
2026-03-06,6778.272446986607,6802.223939732143,6706.41796875,6706.41796875,102725700
2026-03-09,6610.612137784091,6658.515124289773,6538.757658025568,6586.66064453125,150426400
2026-03-10,6658.515302979391,6754.321278561828,6634.563809083781,6682.466796875,129977900
2026-03-11,6682.466775412088,6706.4182692307695,6538.7578125,6538.7578125,91723400
2026-03-12,6538.75782311481,6730.369773975317,6538.75782311481,6610.6123046875,98787400
2026-03-13,6562.709151278409,6730.3696040482955,6562.709151278409,6586.66064453125,107940600
2026-03-16,6562.709295428241,6586.660789207176,6419.000332754629,6466.9033203125,127757500
2026-03-17,6466.902999596402,6538.757477369696,6466.902999596402,6490.8544921875,160903900
2026-03-25,6395.048859969429,6634.563798545063,6395.048859969429,6610.6123046875,314281100
2026-03-26,6610.612137784091,6682.466617542614,6562.709151278409,6586.66064453125,145934900
2026-03-27,6490.85447761194,6562.70895522388,6419.0,6419.0,283556500
2026-03-30,6400.0,6500.0,6350.0,6450.0,242278100
2026-03-31,6450.0,6550.0,6450.0,6450.0,150657800
2026-04-01,6550.0,6650.0,6500.0,6500.0,132798100
2026-04-02,6550.0,6600.0,6500.0,6575.0,72725400
2026-04-06,6600.0,6625.0,6450.0,6500.0,57914600
2026-04-07,6500.0,6525.0,6450.0,6500.0,65168700
2026-04-08,6650.0,6850.0,6625.0,6750.0,163594000
2026-04-09,6775.0,6800.0,6450.0,6475.0,182409800
2026-04-10,6525.0,6700.0,6475.0,6700.0,167336100
2026-04-13,6650.0,6700.0,6575.0,6575.0,81955300
2026-04-14,6675.0,6800.0,6675.0,6750.0,105010900
2026-04-15,6775.0,6800.0,6550.0,6550.0,104880600
2026-04-16,6575.0,6650.0,6500.0,6525.0,122416100
2026-04-17,6500.0,6550.0,6425.0,6425.0,156827000
2026-04-20,6450.0,6575.0,6425.0,6475.0,137435700
2026-04-21,6475.0,6525.0,6425.0,6500.0,112151900
2026-04-22,6475.0,6525.0,6450.0,6450.0,95673700
2026-04-23,6450.0,6550.0,6425.0,6425.0,95913400
2026-04-24,6400.0,6425.0,6050.0,6050.0,435004800
2026-04-27,6025.0,6050.0,5950.0,5975.0,273263100
2026-04-28,6025.0,6075.0,5950.0,6000.0,174091200
2026-04-29,6000.0,6050.0,5950.0,5975.0,176050900
2026-04-30,5950.0,5975.0,5800.0,5850.0,303405400
2026-05-04,5800.0,5950.0,5800.0,5900.0,207566700
2026-05-05,5900.0,6075.0,5875.0,5950.0,179928300
2026-05-06,5950.0,6000.0,5900.0,5950.0,90843100
2026-05-07,6000.0,6325.0,6000.0,6225.0,238690900
2026-05-08,6225.0,6425.0,6175.0,6175.0,201784700
2026-05-11,6225.0,6275.0,6100.0,6150.0,126301300
2026-05-12,6125.0,6150.0,6050.0,6125.0,107394400
2026-05-13,6125.0,6200.0,6025.0,6100.0,147339600
2026-05-14,6100.0,6100.0,6100.0,6100.0,0
2026-05-15,6100.0,6100.0,6100.0,6100.0,0
2026-05-18,5950.0,6125.0,5900.0,6125.0,208748400
2026-05-19,6050.0,6200.0,5950.0,5950.0,184830100
2026-05-20,5975.0,6100.0,5875.0,5975.0,195107100
2026-05-21,6000.0,6150.0,5925.0,5950.0,210976100
2026-05-22,5900.0,5975.0,5825.0,5900.0,288919700
