Date,Open,High,Low,Close,Volume,Lag_1,Lag_2,Lag_3,Lag_4,Lag_5,MA_5,MA_20
2019-01-28,4511.474021127161,4511.474021127161,4478.752541372839,4495.11328125,69704000,4499.20263671875,4466.48291015625,4499.20263671875,4581.00634765625,4536.0146484375,4508.2015625,4363.000024414063
2019-01-29,4454.210812785565,4540.104685208427,4450.120628384477,4531.92431640625,77679000,4495.11328125,4499.20263671875,4466.48291015625,4499.20263671875,4581.00634765625,4498.38515625,4376.906640625
2019-01-30,4548.284951030345,4548.284951030345,4495.112555020098,4515.5634765625,76285000,4531.92431640625,4495.11328125,4499.20263671875,4466.48291015625,4499.20263671875,4501.65732421875,4388.359155273438
2019-01-31,4515.563934948979,4613.728368317436,4515.563934948979,4609.63818359375,135904500,4515.5634765625,4531.92431640625,4495.11328125,4499.20263671875,4466.48291015625,4530.28837890625,4406.969482421875
2019-02-01,4646.449846106921,4703.71243223852,4548.285412738464,4609.63818359375,57719500,4609.63818359375,4515.5634765625,4531.92431640625,4495.11328125,4499.20263671875,4552.37548828125,4424.557299804687
2019-02-04,4609.637610529119,4609.637610529119,4499.20263671875,4499.20263671875,113846500,4609.63818359375,4609.63818359375,4515.5634765625,4531.92431640625,4495.11328125,4553.193359375,4434.987231445312
2019-02-05,4499.20263671875,4499.20263671875,4499.20263671875,4499.20263671875,0,4499.20263671875,4609.63818359375,4609.63818359375,4515.5634765625,4531.92431640625,4546.6490234375,4445.6217041015625
2019-02-06,4499.203664888211,4531.925146087398,4495.113479738313,4527.8349609375,121996500,4499.20263671875,4499.20263671875,4609.63818359375,4609.63818359375,4515.5634765625,4549.1033203125,4457.07421875
2019-02-07,4527.83432520061,4527.83432520061,4503.293217746948,4523.744140625,63697500,4527.8349609375,4499.20263671875,4499.20263671875,4609.63818359375,4609.63818359375,4531.92451171875,4468.322192382812
2019-02-08,4523.7438451794615,4527.834029487942,4499.202739328578,4515.5634765625,65268500,4523.744140625,4527.8349609375,4499.20263671875,4499.20263671875,4609.63818359375,4513.1095703125,4479.365698242187
2019-02-11,4515.564206096451,4523.744576035032,4466.481986464968,4495.11328125,37639000,4515.5634765625,4523.744140625,4527.8349609375,4499.20263671875,4499.20263671875,4512.29169921875,4491.4317626953125
2019-02-12,4523.74551156851,4523.74551156851,4458.302538525927,4466.48291015625,95883500,4495.11328125,4515.5634765625,4523.744140625,4527.8349609375,4499.20263671875,4505.74775390625,4499.612158203125
2019-02-13,4466.481731794857,4491.0228402113125,4425.579884434098,4433.76025390625,103115500,4466.48291015625,4495.11328125,4515.5634765625,4523.744140625,4527.8349609375,4486.9328125,4505.1339111328125
2019-02-14,4421.489987511617,4421.489987511617,4401.0390625,4401.0390625,108738500,4433.76025390625,4466.48291015625,4495.11328125,4515.5634765625,4523.744140625,4462.391796875,4507.179028320313
2019-02-15,4384.677734375,4425.57957891208,4364.22681210646,4384.677734375,81340000,4401.0390625,4433.76025390625,4466.48291015625,4495.11328125,4515.5634765625,4436.2146484375,4504.520385742188
2019-02-18,4425.579701221773,4499.203023423243,4425.579701221773,4482.84228515625,62991000,4384.677734375,4401.0390625,4433.76025390625,4466.48291015625,4495.11328125,4433.76044921875,4501.861767578125
2019-02-19,4433.760542518588,4482.842762546468,4401.0390625,4401.0390625,64469000,4482.84228515625,4384.677734375,4401.0390625,4433.76025390625,4466.48291015625,4420.6716796875,4492.8634033203125
2019-02-20,4458.300794566761,4576.916136807528,4450.120426136364,4499.20263671875,89583000,4401.0390625,4482.84228515625,4384.677734375,4401.0390625,4433.76025390625,4433.76015625,4492.8634033203125
2019-02-21,4531.924750581858,4548.285489753633,4474.662163480642,4503.29345703125,54561500,4499.20263671875,4401.0390625,4482.84228515625,4384.677734375,4401.0390625,4454.21103515625,4494.703930664063
2019-02-22,4478.752394712687,4519.654243066228,4466.481840206626,4491.02294921875,48271500,4503.29345703125,4499.20263671875,4401.0390625,4482.84228515625,4384.677734375,4475.480078125,4494.294946289063
2019-02-25,4491.02294921875,4499.2033188894575,4462.391655371272,4491.02294921875,47887000,4491.02294921875,4503.29345703125,4499.20263671875,4401.0390625,4482.84228515625,4477.1162109375,4494.0904296875
2019-02-26,4499.203763149752,4544.19580078125,4495.113577910525,4544.19580078125,98446000,4491.02294921875,4491.02294921875,4503.29345703125,4499.20263671875,4401.0390625,4505.74755859375,4494.70400390625
2019-02-27,4552.37646484375,4556.466650346754,4536.015722831733,4552.37646484375,78519500,4544.19580078125,4491.02294921875,4491.02294921875,4503.29345703125,4499.20263671875,4516.38232421875,4496.544653320312
2019-02-28,4556.466649903672,4564.647020908885,4507.384423872393,4511.474609375,99366000,4552.37646484375,4544.19580078125,4491.02294921875,4491.02294921875,4503.29345703125,4518.0185546875,4491.636474609375
2019-03-01,4552.375238411693,4581.006529219314,4527.834132005161,4531.92431640625,72589500,4511.474609375,4552.37646484375,4544.19580078125,4491.02294921875,4491.02294921875,4526.198828125,4487.75078125
2019-03-04,4515.564405487805,4531.925146087398,4511.474220337906,4527.8349609375,63910500,4531.92431640625,4511.474609375,4552.37646484375,4544.19580078125,4491.02294921875,4533.56123046875,4489.182397460938
2019-03-05,4499.20346621929,4503.29365118858,4450.121246587807,4495.11328125,46499500,4527.8349609375,4531.92431640625,4511.474609375,4552.37646484375,4544.19580078125,4523.7447265625,4488.9779296875
2019-03-06,4544.195352078353,4544.195352078353,4491.02294921875,4491.02294921875,37777000,4495.11328125,4527.8349609375,4531.92431640625,4511.474609375,4552.37646484375,4511.4740234375,4487.1373291015625
2019-03-07,4491.02294921875,4491.02294921875,4491.02294921875,4491.02294921875,0,4491.02294921875,4495.11328125,4527.8349609375,4531.92431640625,4511.474609375,4507.38369140625,4485.50126953125
2019-03-08,4536.014477449306,4556.465399349438,4450.12060546875,4450.12060546875,61126000,4491.02294921875,4491.02294921875,4495.11328125,4527.8349609375,4531.92431640625,4491.02294921875,4482.2291259765625
2019-03-11,4523.74438099597,4523.74438099597,4466.481793894754,4503.29345703125,32469000,4450.12060546875,4491.02294921875,4491.02294921875,4495.11328125,4527.8349609375,4486.1146484375,4482.638134765625
2019-03-12,4531.924110440341,4531.924110440341,4458.300794566761,4499.20263671875,40178500,4503.29345703125,4450.12060546875,4491.02294921875,4491.02294921875,4495.11328125,4486.93251953125,4484.27412109375
2019-03-13,4458.300794566761,4503.292820933949,4458.300794566761,4499.20263671875,17722000,4499.20263671875,4503.29345703125,4450.12060546875,4491.02294921875,4491.02294921875,4488.56845703125,4487.546240234375
2019-03-14,4458.301177755759,4495.112838856495,4458.301177755759,4482.84228515625,41096000,4499.20263671875,4499.20263671875,4503.29345703125,4450.12060546875,4491.02294921875,4486.93232421875,4491.636401367187
2019-03-15,4515.563578801895,4536.014500807339,4486.932287994275,4531.92431640625,41759500,4482.84228515625,4499.20263671875,4499.20263671875,4503.29345703125,4450.12060546875,4503.29306640625,4498.99873046875
2019-03-18,4544.195653856982,4548.285838963964,4527.834913429055,4540.10546875,42791000,4531.92431640625,4482.84228515625,4499.20263671875,4499.20263671875,4503.29345703125,4510.65546875,4501.861889648438
2019-03-19,4531.92479757229,4536.014982407644,4486.932764383396,4491.02294921875,51527000,4540.10546875,4531.92431640625,4482.84228515625,4499.20263671875,4499.20263671875,4509.01953125,4506.361083984375
2019-03-20,4531.92469578382,4544.1952500142825,4470.571924631513,4474.662109375,42388500,4491.02294921875,4540.10546875,4531.92431640625,4482.84228515625,4499.20263671875,4504.11142578125,4505.134057617188
2019-03-21,4491.02299604024,4515.564105308219,4470.572071650257,4478.75244140625,39866000,4474.662109375,4491.02294921875,4540.10546875,4531.92431640625,4482.84228515625,4503.29345703125,4503.907006835938
2019-03-22,4470.572364883631,4499.2036609075885,4470.572364883631,4486.93310546875,29601000,4478.75244140625,4474.662109375,4491.02294921875,4540.10546875,4531.92431640625,4494.29521484375,4503.7025146484375
2019-03-25,4450.120560265811,4499.202772327567,4450.120560265811,4462.39111328125,23054500,4486.93310546875,4478.75244140625,4474.662109375,4491.02294921875,4540.10546875,4478.75234375,4502.270922851562
2019-03-26,4482.842478861974,4507.383587322897,4462.391555144539,4474.662109375,19895500,4462.39111328125,4486.93310546875,4478.75244140625,4474.662109375,4491.02294921875,4475.48017578125,4498.79423828125
2019-03-27,4507.3840312001485,4507.3840312001485,4466.482179737352,4486.93310546875,17804500,4474.662109375,4462.39111328125,4486.93310546875,4478.75244140625,4474.662109375,4477.934375,4495.5220703125
2019-03-28,4466.481739888026,4486.932663605462,4437.850446683615,4474.662109375,32187500,4486.93310546875,4474.662109375,4462.39111328125,4486.93310546875,4478.75244140625,4477.11630859375,4493.6814453125
2019-03-29,4511.473973989055,4523.744528768716,4466.48193979696,4507.3837890625,36234000,4474.662109375,4486.93310546875,4474.662109375,4462.39111328125,4486.93310546875,4481.2064453125,4492.454418945313
2019-04-01,4540.104478870739,4540.104478870739,4482.841899857955,4499.20263671875,21786000,4507.3837890625,4474.662109375,4486.93310546875,4474.662109375,4462.39111328125,4488.56875,4491.022802734375
2019-04-02,4523.743742009943,4556.465215731534,4482.841899857955,4499.20263671875,36853000,4499.20263671875,4507.3837890625,4474.662109375,4486.93310546875,4474.662109375,4493.47685546875,4491.227270507812
2019-04-03,4499.20263671875,4499.20263671875,4499.20263671875,4499.20263671875,0,4499.20263671875,4499.20263671875,4507.3837890625,4474.662109375,4486.93310546875,4495.93076171875,4491.636254882813
2019-04-04,4531.92431640625,4548.285054010605,4491.022472395363,4531.92431640625,48112000,4499.20263671875,4499.20263671875,4499.20263671875,4507.3837890625,4474.662109375,4507.383203125,4493.681323242187
2019-04-05,4548.285248078661,4548.285248078661,4519.653956049389,4523.744140625,21913500,4531.92431640625,4499.20263671875,4499.20263671875,4499.20263671875,4507.3837890625,4510.6552734375,4497.3625
2019-04-08,4503.293207989992,4531.924499957231,4458.301177755759,4482.84228515625,39910000,4523.744140625,4531.92431640625,4499.20263671875,4499.20263671875,4499.20263671875,4507.383203125,4496.33994140625
2019-04-09,4527.8349609375,4540.105516387195,4511.474220337906,4527.8349609375,29447000,4482.84228515625,4523.744140625,4531.92431640625,4499.20263671875,4499.20263671875,4513.10966796875,4497.771557617188
2019-04-10,4540.105221295249,4544.1954061792985,4511.473927106901,4519.654296875,19508500,4527.8349609375,4482.84228515625,4523.744140625,4531.92431640625,4499.20263671875,4517.2,4498.794140625
2019-04-11,4548.2852382242245,4548.2852382242245,4482.84228515625,4482.84228515625,25356000,4519.654296875,4527.8349609375,4482.84228515625,4523.744140625,4531.92431640625,4507.38359375,4498.794140625
2019-04-12,4466.481162997159,4507.383005149148,4466.481162997159,4499.20263671875,18577000,4482.84228515625,4519.654296875,4527.8349609375,4482.84228515625,4523.744140625,4502.47529296875,4497.158056640625
2019-04-15,4548.285489753633,4556.465859339521,4491.022902652418,4503.29345703125,68152000,4499.20263671875,4482.84228515625,4519.654296875,4527.8349609375,4482.84228515625,4506.56552734375,4495.317456054688
2019-04-16,4495.11328125,4503.29365118858,4478.752541372839,4495.11328125,71017000,4503.29345703125,4499.20263671875,4482.84228515625,4519.654296875,4527.8349609375,4500.02119140625,4495.52197265625
2019-04-17,4495.11328125,4495.11328125,4495.11328125,4495.11328125,0,4495.11328125,4503.29345703125,4499.20263671875,4482.84228515625,4519.654296875,4495.11298828125,4496.54453125
2019-04-18,4581.006597222222,4748.70416015625,4564.645859375,4601.45751953125,129332500,4495.11328125,4495.11328125,4503.29345703125,4499.20263671875,4482.84228515625,4518.83603515625,4502.67978515625
2019-04-19,4601.45751953125,4601.45751953125,4601.45751953125,4601.45751953125,0,4601.45751953125,4495.11328125,4495.11328125,4503.29345703125,4499.20263671875,4539.28701171875,4508.406005859375
2019-04-22,4601.45751953125,4646.449548611111,4568.736043836806,4601.45751953125,62837500,4601.45751953125,4601.45751953125,4495.11328125,4495.11328125,4503.29345703125,4558.91982421875,4515.359326171875
2019-04-23,4646.449697491119,4670.990805048291,4576.916559412467,4605.5478515625,48654000,4601.45751953125,4601.45751953125,4601.45751953125,4495.11328125,4495.11328125,4581.00673828125,4521.90361328125
2019-04-24,4655.904563998668,4655.904563998668,4622.883964253996,4647.6494140625,46975000,4605.5478515625,4601.45751953125,4601.45751953125,4601.45751953125,4495.11328125,4611.51396484375,4529.939428710937
2019-04-25,4569.225931530664,4639.394712773682,4560.970780796191,4618.7568359375,61482500,4647.6494140625,4605.5478515625,4601.45751953125,4601.45751953125,4601.45751953125,4614.973828125,4537.144165039063
2019-04-26,4610.501504809831,4660.032407278692,4598.118779192616,4639.39453125,66204500,4618.7568359375,4647.6494140625,4605.5478515625,4601.45751953125,4601.45751953125,4622.56123046875,4543.744702148438
2019-04-29,4631.139591750495,4701.308373443684,4618.756865569344,4693.05322265625,65480500,4639.39453125,4618.7568359375,4647.6494140625,4605.5478515625,4601.45751953125,4640.88037109375,4553.437231445312
2019-04-30,4680.668778872283,4754.965108695652,4680.668778872283,4746.7099609375,107607500,4693.05322265625,4639.39453125,4618.7568359375,4647.6494140625,4605.5478515625,4669.11279296875,4565.81259765625
2019-05-01,4746.7099609375,4746.7099609375,4746.7099609375,4746.7099609375,0,4746.7099609375,4693.05322265625,4639.39453125,4618.7568359375,4647.6494140625,4688.92490234375,4578.187963867187
2019-05-02,4787.987456711741,4796.242607499175,4684.798071868816,4693.05322265625,80879500,4746.7099609375,4746.7099609375,4693.05322265625,4639.39453125,4618.7568359375,4703.7841796875,4586.244409179688
2019-05-03,4688.9254267621145,4746.711479556719,4635.266949167126,4684.7978515625,58244500,4693.05322265625,4746.7099609375,4746.7099609375,4693.05322265625,4639.39453125,4712.86484375,4594.297094726562
2019-05-06,4622.884230427047,4672.415132895907,4618.756655221308,4639.39453125,36649500,4684.7978515625,4693.05322265625,4746.7099609375,4746.7099609375,4693.05322265625,4702.13310546875,4602.12470703125
2019-05-07,4684.79776443104,4713.690790290968,4664.159888816806,4672.4150390625,59177000,4639.39453125,4684.7978515625,4693.05322265625,4746.7099609375,4746.7099609375,4687.27412109375,4609.3537109375
2019-05-08,4622.884046052632,4705.435546875,4618.756471011513,4705.435546875,59062000,4672.4150390625,4639.39453125,4684.7978515625,4693.05322265625,4746.7099609375,4679.01923828125,4618.6427734375
2019-05-09,4705.435463615675,4705.435463615675,4643.521839094416,4647.6494140625,126636500,4705.435546875,4672.4150390625,4639.39453125,4684.7978515625,4693.05322265625,4669.9384765625,4626.883129882813
2019-05-10,4631.13916015625,4688.925210282977,4622.884010138147,4631.13916015625,76130500,4647.6494140625,4705.435546875,4672.4150390625,4639.39453125,4684.7978515625,4659.20673828125,4633.479956054687
2019-05-13,4688.925210282977,4701.307935310133,4622.884010138147,4631.13916015625,63720500,4631.13916015625,4647.6494140625,4705.435546875,4672.4150390625,4639.39453125,4657.5556640625,4639.872241210937
2019-05-14,4589.864048993403,4647.650107164183,4536.20556640625,4536.20556640625,114800500,4631.13916015625,4631.13916015625,4647.6494140625,4705.435546875,4672.4150390625,4630.31376953125,4641.92685546875
2019-05-15,4585.735441885588,4585.735441885588,4494.9287994720125,4507.3115234375,72065000,4536.20556640625,4631.13916015625,4631.13916015625,4647.6494140625,4705.435546875,4590.68896484375,4642.536767578125
2019-05-16,4507.310929731889,4523.8212261777935,4358.71826171875,4358.71826171875,87939000,4507.3115234375,4536.20556640625,4631.13916015625,4631.13916015625,4647.6494140625,4532.902734375,4630.3998046875
2019-05-17,4358.719473938224,4383.484925494691,4276.16796875,4276.16796875,74207000,4358.71826171875,4507.3115234375,4536.20556640625,4631.13916015625,4631.13916015625,4461.90849609375,4614.135327148438
2019-05-20,4276.167985086548,4449.52614664411,4243.147382885107,4441.27099609375,54764500,4276.16796875,4358.71826171875,4507.3115234375,4536.20556640625,4631.13916015625,4423.93486328125,4606.126000976563
2019-05-21,4515.566672747826,4536.204546023638,4457.780627575549,4507.3115234375,97371000,4441.27099609375,4276.16796875,4358.71826171875,4507.3115234375,4536.20556640625,4418.1560546875,4601.214184570313
2019-05-22,4565.097568609775,4565.097568609775,4457.780627575549,4507.3115234375,38519000,4507.3115234375,4441.27099609375,4276.16796875,4358.71826171875,4507.3115234375,4418.1560546875,4594.197290039063
2019-05-23,4490.801265611061,4627.01123046875,4408.249771757917,4627.01123046875,54926000,4507.3115234375,4507.3115234375,4441.27099609375,4276.16796875,4358.71826171875,4471.8146484375,4594.610009765625
2019-05-24,4631.13916015625,4647.649460192458,4627.011585147198,4631.13916015625,37402000,4627.01123046875,4507.3115234375,4507.3115234375,4441.27099609375,4276.16796875,4542.80888671875,4594.197241210937
2019-05-27,4569.225960844739,4705.435948837401,4565.098385451022,4693.05322265625,68564000,4631.13916015625,4627.01123046875,4507.3115234375,4507.3115234375,4441.27099609375,4593.16533203125,4594.197241210937
2019-05-28,4668.2878935197805,4763.222130081191,4668.2878935197805,4734.3291015625,209923000,4693.05322265625,4631.13916015625,4627.01123046875,4507.3115234375,4507.3115234375,4638.56884765625,4593.578198242188
2019-05-29,4787.986460828614,4866.410376997359,4730.200417335856,4738.45556640625,133044500,4734.3291015625,4693.05322265625,4631.13916015625,4627.01123046875,4507.3115234375,4684.79765625,4593.165478515625
2019-05-30,4738.45556640625,4738.45556640625,4738.45556640625,4738.45556640625,0,4738.45556640625,4734.3291015625,4693.05322265625,4631.13916015625,4627.01123046875,4707.0865234375,4595.435595703125
2019-05-31,4738.455873469717,4845.772818339239,4734.328298667042,4804.4970703125,96875000,4738.45556640625,4738.45556640625,4734.3291015625,4693.05322265625,4631.13916015625,4741.75810546875,4601.420556640625
2019-06-03,4804.4970703125,4804.4970703125,4804.4970703125,4804.4970703125,0,4804.4970703125,4738.45556640625,4738.45556640625,4734.3291015625,4693.05322265625,4764.046875,4609.67568359375
2019-06-04,4804.4970703125,4804.4970703125,4804.4970703125,4804.4970703125,0,4804.4970703125,4804.4970703125,4738.45556640625,4738.45556640625,4734.3291015625,4778.08046875,4616.27978515625
2019-06-05,4804.4970703125,4804.4970703125,4804.4970703125,4804.4970703125,0,4804.4970703125,4804.4970703125,4804.4970703125,4738.45556640625,4738.45556640625,4791.28876953125,4621.232861328125
2019-06-06,4804.4970703125,4804.4970703125,4804.4970703125,4804.4970703125,0,4804.4970703125,4804.4970703125,4804.4970703125,4804.4970703125,4738.45556640625,4804.4970703125,4629.075244140625
2019-06-07,4804.4970703125,4804.4970703125,4804.4970703125,4804.4970703125,0,4804.4970703125,4804.4970703125,4804.4970703125,4804.4970703125,4804.4970703125,4804.4970703125,4637.743139648437
2019-06-10,4953.090122767857,5109.937976655506,4796.242268880208,4854.0283203125,179238000,4804.4970703125,4804.4970703125,4804.4970703125,4804.4970703125,4804.4970703125,4814.4033203125,4648.88759765625
2019-06-11,4870.538307357762,4920.069205398689,4825.134984153579,4878.79345703125,72901000,4854.0283203125,4804.4970703125,4804.4970703125,4804.4970703125,4804.4970703125,4829.26259765625,4666.0169921875
2019-06-12,4821.007190975192,4870.538086772883,4804.4968923759625,4825.134765625,69255500,4878.79345703125,4854.0283203125,4804.4970703125,4804.4970703125,4804.4970703125,4833.39013671875,4681.908154296875
2019-06-13,4858.155453441268,4858.155453441268,4779.731533632106,4792.1142578125,78802500,4825.134765625,4878.79345703125,4854.0283203125,4804.4970703125,4804.4970703125,4830.91357421875,4703.577954101563
2019-06-14,4825.135482051455,4825.135482051455,4779.732154162177,4787.9873046875,57220500,4792.1142578125,4825.134765625,4878.79345703125,4854.0283203125,4804.4970703125,4827.61162109375,4729.168920898437
2019-06-17,4796.241610325442,4821.007057538826,4779.731312183186,4783.85888671875,83624000,4787.9873046875,4792.1142578125,4825.134765625,4878.79345703125,4854.0283203125,4813.577734375,4746.298315429687
2019-06-18,4783.85853871491,4870.53759765625,4783.85853871491,4870.53759765625,78788000,4783.85888671875,4787.9873046875,4792.1142578125,4825.134765625,4878.79345703125,4811.9265625,4764.459619140625
2019-06-19,4870.538967145412,4920.069871896044,4862.283816353641,4903.5595703125,66944500,4870.53759765625,4783.85888671875,4787.9873046875,4792.1142578125,4825.134765625,4827.6115234375,4784.272021484375
2019-06-20,4870.538307357762,4903.558906051713,4792.1143854596285,4878.79345703125,59504500,4903.5595703125,4870.53759765625,4783.85888671875,4787.9873046875,4792.1142578125,4844.94736328125,4796.8611328125
2019-06-21,4878.79377092634,4899.431646437872,4821.007719494048,4854.0283203125,144149000,4878.79345703125,4903.5595703125,4870.53759765625,4783.85888671875,4787.9873046875,4858.15556640625,4808.005590820312
2019-06-24,4866.40970994016,4870.537283909574,4841.644266123671,4849.8994140625,30084000,4854.0283203125,4878.79345703125,4903.5595703125,4870.53759765625,4783.85888671875,4871.363671875,4815.847900390625
2019-06-25,4895.303756378225,4920.069205398689,4849.900433174043,4878.79345703125,40561500,4849.8994140625,4854.0283203125,4878.79345703125,4903.5595703125,4870.53759765625,4873.01484375,4823.071118164063
2019-06-26,4903.5586387068415,4903.5586387068415,4837.517444919544,4841.64501953125,59334500,4878.79345703125,4849.8994140625,4854.0283203125,4878.79345703125,4903.5595703125,4860.63193359375,4828.2305908203125
2019-06-27,4829.262382680866,4899.43115234375,4792.114210506397,4899.43115234375,77525000,4841.64501953125,4878.79345703125,4849.8994140625,4854.0283203125,4878.79345703125,4864.75947265625,4836.279370117188
2019-06-28,4936.579677400438,4948.96240234375,4920.069377476022,4948.96240234375,80919000,4899.43115234375,4841.64501953125,4878.79345703125,4849.8994140625,4854.0283203125,4883.7462890625,4843.50263671875
2019-07-01,4948.962047341272,4973.727495451403,4924.196599231141,4944.83447265625,56612500,4948.96240234375,4899.43115234375,4841.64501953125,4878.79345703125,4849.8994140625,4902.73330078125,4850.519506835937
2019-07-02,4944.834206542969,4953.08935546875,4911.813610839844,4953.08935546875,48563500,4944.83447265625,4948.96240234375,4899.43115234375,4841.64501953125,4878.79345703125,4917.59248046875,4857.94912109375
2019-07-03,4911.813610839844,4953.08935546875,4903.558461914063,4953.08935546875,43640000,4953.08935546875,4944.83447265625,4948.96240234375,4899.43115234375,4841.64501953125,4939.88134765625,4865.378735351563
2019-07-04,4953.089622026294,4961.344771396338,4924.196599231141,4944.83447265625,28224500,4953.08935546875,4953.08935546875,4944.83447265625,4948.96240234375,4899.43115234375,4948.96201171875,4872.39560546875
2019-07-05,4969.599965975713,4969.599965975713,4928.32421875,4928.32421875,32722500,4944.83447265625,4953.08935546875,4953.08935546875,4944.83447265625,4948.96240234375,4944.834375,4878.586962890625
2019-07-08,4899.431646437872,4920.069521949405,4841.645595005581,4854.0283203125,38361000,4928.32421875,4944.83447265625,4953.08935546875,4953.08935546875,4944.83447265625,4926.67314453125,4878.586962890625
2019-07-09,4845.772419433594,4953.08935546875,4845.772419433594,4953.08935546875,47740500,4854.0283203125,4928.32421875,4944.83447265625,4953.08935546875,4953.08935546875,4926.67314453125,4882.3017578125
2019-07-10,4953.08935546875,4986.109951171875,4948.96178100586,4953.08935546875,52183500,4953.08935546875,4854.0283203125,4928.32421875,4944.83447265625,4953.08935546875,4926.67314453125,4888.699487304688
2019-07-11,4969.59947646525,4973.72705078125,4936.578881937241,4973.72705078125,34279500,4953.08935546875,4953.08935546875,4854.0283203125,4928.32421875,4944.83447265625,4932.45166015625,4897.780126953125
2019-07-12,4953.089577267055,4977.85502515339,4948.962002619332,4961.3447265625,29838000,4973.72705078125,4953.08935546875,4953.08935546875,4854.0283203125,4928.32421875,4939.05576171875,4906.447998046875
2019-07-15,5002.620383522728,5048.023703835228,4981.982510653409,5039.7685546875,61453500,4961.3447265625,4973.72705078125,4953.08935546875,4953.08935546875,4854.0283203125,4976.20380859375,4919.243481445313
2019-07-16,5019.130726170913,5039.768599222602,5010.875576950237,5023.25830078125,38075000,5039.7685546875,4961.3447265625,4973.72705078125,4953.08935546875,4953.08935546875,4990.23759765625,4926.8795166015625
2019-07-17,5019.130945121951,5076.9169921875,4990.237921589177,5076.9169921875,45487000,5023.25830078125,5039.7685546875,4961.3447265625,4973.72705078125,4953.08935546875,5015.003125,4935.547387695313
2019-07-18,5035.641376690907,5093.427425275885,4998.4932026005645,5072.78955078125,43625500,5076.9169921875,5023.25830078125,5039.7685546875,4961.3447265625,4973.72705078125,5034.815625,4945.2471923828125
2019-07-19,5114.064320422757,5126.447042748236,5076.91615344632,5118.19189453125,43973500,5072.78955078125,5076.9169921875,5023.25830078125,5039.7685546875,4961.3447265625,5066.18505859375,4958.45537109375
2019-07-22,5167.723322299782,5192.48876953125,5118.192427836844,5192.48876953125,37314500,5118.19189453125,5072.78955078125,5076.9169921875,5023.25830078125,5039.7685546875,5096.7291015625,4975.584838867188
2019-07-23,5151.214001102646,5192.48975431661,5122.320973852872,5147.08642578125,39129500,5192.48876953125,5118.19189453125,5072.78955078125,5076.9169921875,5023.25830078125,5121.4947265625,4988.999487304687
2019-07-24,5167.7234109375,5171.850985546875,5089.299493359375,5159.46826171875,51343500,5147.08642578125,5192.48876953125,5118.19189453125,5072.78955078125,5076.9169921875,5138.00498046875,5004.890649414063
2019-07-25,5175.97856015625,5180.106134765625,5118.192515625,5159.46826171875,53477500,5159.46826171875,5147.08642578125,5192.48876953125,5118.19189453125,5072.78955078125,5155.34072265625,5017.892504882812
2019-07-26,5159.468754729116,5159.468754729116,5109.937854683717,5114.0654296875,51797500,5159.46826171875,5159.46826171875,5147.08642578125,5192.48876953125,5118.19189453125,5154.5154296875,5026.14765625
2019-07-29,5134.703929599152,5142.959080611369,5085.173023525848,5109.9384765625,68509500,5114.0654296875,5159.46826171875,5159.46826171875,5147.08642578125,5192.48876953125,5138.00537109375,5034.402856445313
2019-07-30,5122.320400422026,5159.468574155949,5109.937675844052,5134.703125,38225500,5109.9384765625,5114.0654296875,5159.46826171875,5159.46826171875,5147.08642578125,5135.5287109375,5043.483544921875
2019-07-31,5109.9384765625,5151.214231623586,5101.6833255502825,5109.9384765625,64129000,5134.703125,5109.9384765625,5114.0654296875,5159.46826171875,5159.46826171875,5125.62275390625,5051.326000976563
2019-08-01,5109.936968473228,5175.978157080313,5105.809394185286,5126.447265625,78228000,5109.9384765625,5134.703125,5109.9384765625,5114.0654296875,5159.46826171875,5119.0185546875,5060.406640625
2019-08-02,5085.172717710868,5122.320895031808,5085.172717710868,5089.30029296875,62989500,5126.447265625,5109.9384765625,5134.703125,5109.9384765625,5114.0654296875,5114.06552734375,5068.4554443359375
2019-08-05,5130.575057373048,5130.575057373048,4953.08935546875,4953.08935546875,90924000,5089.30029296875,5126.447265625,5109.9384765625,5134.703125,5109.9384765625,5082.695703125,5073.40849609375
2019-08-06,4854.0283203125,4915.941946847098,4759.09409295945,4854.0283203125,183296000,4953.08935546875,5089.30029296875,5126.447265625,5109.9384765625,5134.703125,5026.5607421875,5068.4554443359375
2019-08-07,4932.451704028442,4994.36532374428,4874.665658960326,4961.3447265625,92102000,4854.0283203125,4953.08935546875,5089.30029296875,5126.447265625,5109.9384765625,4996.8419921875,5068.868212890625
2019-08-08,4961.345348602727,5019.131400915903,4936.579897611366,4957.2177734375,58295500,4961.3447265625,4854.0283203125,4953.08935546875,5089.30029296875,5126.447265625,4962.99609375,5068.042749023438
2019-08-09,4998.493385057064,5052.151860701772,4998.493385057064,5006.74853515625,48118500,4957.2177734375,4961.3447265625,4854.0283203125,4953.08935546875,5089.30029296875,4946.4857421875,5070.312939453125
2019-08-12,5010.875800328538,5019.1309499172185,4953.0897532077815,4986.1103515625,52705000,5006.74853515625,4957.2177734375,4961.3447265625,4854.0283203125,4953.08935546875,4953.08994140625,5067.630029296875
2019-08-13,4953.090418485037,4986.111021274937,4953.090418485037,4965.47314453125,84406000,4986.1103515625,5006.74853515625,4957.2177734375,4961.3447265625,4854.0283203125,4975.37890625,5064.740771484375
2019-08-14,4986.110174448835,5002.620473039725,4936.579278676165,4961.3447265625,81942000,4965.47314453125,4986.1103515625,5006.74853515625,4957.2177734375,4961.3447265625,4975.37890625,5058.962158203125
2019-08-15,4887.0481640625,4953.08935546875,4837.517270507813,4953.08935546875,52561500,4961.3447265625,4965.47314453125,4986.1103515625,5006.74853515625,4957.2177734375,4974.55322265625,5052.9771484375
2019-08-16,4986.11004024224,4986.11004024224,4920.06884765625,4920.06884765625,49821500,4953.08935546875,4961.3447265625,4965.47314453125,4986.1103515625,5006.74853515625,4957.21728515625,5043.07099609375
2019-08-19,4977.855870577462,4977.855870577462,4924.197391043875,4965.47314453125,30619000,4920.06884765625,4953.08935546875,4961.3447265625,4965.47314453125,4986.1103515625,4953.08984375,5031.72021484375
2019-08-20,4981.983271574118,4981.983271574118,4940.70751953125,4940.70751953125,58393500,4965.47314453125,4920.06884765625,4953.08935546875,4961.3447265625,4965.47314453125,4948.13671875,5021.40126953125
2019-08-21,4953.090513859833,4957.218089288049,4932.45263671875,4932.45263671875,55927500,4940.70751953125,4965.47314453125,4920.06884765625,4953.08935546875,4961.3447265625,4942.35830078125,5010.05048828125
2019-08-22,4891.175738525391,4953.08935546875,4887.0481640625,4953.08935546875,65888000,4932.45263671875,4940.70751953125,4965.47314453125,4920.06884765625,4953.08935546875,4942.35830078125,4999.73154296875
2019-08-23,4887.048777627189,4948.96240234375,4874.666052683878,4948.96240234375,33083500,4953.08935546875,4932.45263671875,4940.70751953125,4965.47314453125,4920.06884765625,4948.13701171875,4991.476391601563
2019-08-26,4903.55872580603,4953.089622026294,4837.51753084568,4944.83447265625,41388500,4948.96240234375,4953.08935546875,4932.45263671875,4940.70751953125,4965.47314453125,4944.00927734375,4983.22119140625
2019-08-27,4986.110799594088,4986.110799594088,4911.814446620005,4957.2177734375,123780000,4944.83447265625,4948.96240234375,4953.08935546875,4932.45263671875,4940.70751953125,4947.311328125,4974.346923828125
2019-08-28,4953.089977324854,4969.60027724927,4940.707252381542,4948.96240234375,55688000,4957.2177734375,4944.83447265625,4948.96240234375,4953.08935546875,4932.45263671875,4950.61328125,4966.298120117188
2019-08-29,4944.83504794182,4973.728074098408,4940.707472776593,4957.2177734375,51525500,4948.96240234375,4957.2177734375,4944.83447265625,4948.96240234375,4953.08935546875,4951.43896484375,4957.836645507812
2019-08-30,5019.132274590164,5035.642578125,4957.218636334529,5035.642578125,73650000,4957.2177734375,4948.96240234375,4957.2177734375,4944.83447265625,4948.96240234375,4968.775,4955.153759765625
2019-09-02,5035.640844726563,5035.640844726563,4953.08935546875,4953.08935546875,42429000,5035.642578125,4957.2177734375,4948.96240234375,4957.2177734375,4944.83447265625,4970.4259765625,4955.153759765625
2019-09-03,4953.08984052436,4998.4931640625,4953.08984052436,4998.4931640625,42743500,4953.08935546875,5035.642578125,4957.2177734375,4948.96240234375,4957.2177734375,4978.6810546875,4962.377001953125
2019-09-04,5002.620696311774,5002.620696311774,4957.217373160429,4969.60009765625,41979000,4998.4931640625,4953.08935546875,5035.642578125,4957.2177734375,4948.96240234375,4982.80859375,4962.789770507812
2019-09-05,5023.258524711559,5023.258524711559,4965.472477590801,4986.1103515625,53650500,4969.60009765625,4998.4931640625,4953.08935546875,5035.642578125,4957.2177734375,4988.587109375,4964.234399414063
2019-09-06,5002.620070993257,5002.620070993257,4973.72705078125,4973.72705078125,54349000,4986.1103515625,4969.60009765625,4998.4931640625,4953.08935546875,5035.642578125,4976.20400390625,4962.583325195313
2019-09-09,4994.366124365679,4998.493699675072,4936.580070034175,4981.9833984375,25912000,4973.72705078125,4986.1103515625,4969.60009765625,4998.4931640625,4953.08935546875,4981.9828125,4962.376977539063
2019-09-10,4969.600139992775,4998.4931640625,4940.707115923049,4998.4931640625,40291000,4981.9833984375,4973.72705078125,4986.1103515625,4969.60009765625,4998.4931640625,4981.9828125,4964.027978515625
2019-09-11,4994.36681928791,5035.642578125,4961.346212218238,5035.642578125,45243500,4998.4931640625,4981.9833984375,4973.72705078125,4986.1103515625,4969.60009765625,4995.19130859375,4967.74287109375
2019-09-12,5035.641294967297,5039.768869799237,4961.344947992369,4969.60009765625,40034000,5035.642578125,4998.4931640625,4981.9833984375,4973.72705078125,4986.1103515625,4991.8892578125,4968.568408203125
2019-09-13,5019.131711235489,5027.386862076337,4961.345655349554,4977.85595703125,28419500,4969.60009765625,5035.642578125,4998.4931640625,4981.9833984375,4973.72705078125,4992.7150390625,4971.457763671875
2019-09-16,4953.0901982722735,4965.472923767954,4940.707472776593,4957.2177734375,77289000,4977.85595703125,4969.60009765625,5035.642578125,4998.4931640625,4981.9833984375,4987.7619140625,4971.044995117188
2019-09-17,4944.835353667859,4981.983532451673,4940.707778247434,4977.85595703125,92037500,4957.2177734375,4977.85595703125,4969.60009765625,5035.642578125,4998.4931640625,4983.63447265625,4972.902416992188
2019-09-18,4944.8346036191015,4986.1103515625,4944.8346036191015,4986.1103515625,28667000,4977.85595703125,4957.2177734375,4977.85595703125,4969.60009765625,5035.642578125,4973.72802734375,4975.585302734375
2019-09-19,4965.473230769978,4990.238683292521,4953.0905045087065,4977.85595703125,61988500,4986.1103515625,4977.85595703125,4957.2177734375,4977.85595703125,4969.60009765625,4975.37919921875,4976.8236328125
2019-09-20,4994.365368876513,4994.365368876513,4944.83447265625,4944.83447265625,133433000,4977.85595703125,4986.1103515625,4977.85595703125,4957.2177734375,4977.85595703125,4968.77490234375,4976.617236328125
2019-09-23,4977.854625097251,4977.854625097251,4953.089179201245,4973.72705078125,47231500,4944.83447265625,4977.85595703125,4986.1103515625,4977.85595703125,4957.2177734375,4972.0767578125,4978.061865234375
2019-09-24,4936.579056389298,4953.089354236754,4903.558460694387,4907.68603515625,79718500,4973.72705078125,4944.83447265625,4977.85595703125,4986.1103515625,4977.85595703125,4958.0427734375,4975.585278320313
2019-09-25,4870.538129541385,4899.43115234375,4771.4763370761375,4899.43115234375,88620000,4907.68603515625,4973.72705078125,4944.83447265625,4977.85595703125,4986.1103515625,4940.70693359375,4973.108715820313
2019-09-26,4953.089224938119,5002.6201171875,4928.323778813428,5002.6201171875,109859000,4899.43115234375,4907.68603515625,4973.72705078125,4944.83447265625,4977.85595703125,4945.659765625,4975.378833007812
2019-09-27,4957.217985401437,5015.004040185467,4953.09041005972,5010.87646484375,48010000,5002.6201171875,4899.43115234375,4907.68603515625,4973.72705078125,4944.83447265625,4958.8681640625,4974.14052734375
2019-09-30,5010.87646484375,5010.87646484375,4957.217985401437,5010.87646484375,73391000,5010.87646484375,5002.6201171875,4899.43115234375,4907.68603515625,4973.72705078125,4966.298046875,4977.0298828125
2019-10-01,4961.344902796461,5006.748225534199,4961.344902796461,4986.1103515625,40057000,5010.87646484375,5010.87646484375,5002.6201171875,4899.43115234375,4907.68603515625,4981.98291015625,4976.4107421875
2019-10-02,4961.344637784091,5010.875532670455,4961.344637784091,4994.365234375,52376500,4986.1103515625,5010.87646484375,5010.87646484375,5002.6201171875,4899.43115234375,5000.9697265625,4977.648999023438
2019-10-03,4961.344902796461,4990.23792635684,4911.814005264383,4986.1103515625,50269000,4994.365234375,4986.1103515625,5010.87646484375,5010.87646484375,5002.6201171875,4997.6677734375,4977.648999023438
2019-10-04,4936.579805107526,5006.74858160153,4936.579805107526,4990.23828125,56890500,4986.1103515625,4994.365234375,4986.1103515625,5010.87646484375,5010.87646484375,4993.54013671875,4978.474560546875
2019-10-07,5010.87646484375,5019.131615527183,4994.366163476884,5010.87646484375,56705500,4990.23828125,4986.1103515625,4994.365234375,4986.1103515625,5010.87646484375,4993.54013671875,4979.919213867188
2019-10-08,5019.132274590164,5035.642578125,4965.473788101946,5035.642578125,46997500,5010.87646484375,4990.23828125,4986.1103515625,4994.365234375,4986.1103515625,5003.44658203125,4981.776684570313
2019-10-09,5035.641916894049,5035.641916894049,4994.366163476884,5010.87646484375,41496500,5035.642578125,5010.87646484375,4990.23828125,4986.1103515625,4994.365234375,5006.748828125,4980.53837890625
2019-10-10,4969.600136814648,5043.896484375,4969.600136814648,5043.896484375,65806500,5010.87646484375,5035.642578125,5010.87646484375,4990.23828125,4986.1103515625,5018.3060546875,4984.253198242188
2019-10-11,5019.131122448979,5081.044746492346,5019.131122448979,5056.279296875,40863500,5043.896484375,5010.87646484375,5035.642578125,5010.87646484375,4990.23828125,5031.5142578125,4988.174365234375
2019-10-14,5060.405857012349,5118.19189453125,5060.405857012349,5118.19189453125,37514500,5056.279296875,5043.896484375,5010.87646484375,5035.642578125,5010.87646484375,5052.97734375,4996.223071289062
2019-10-15,5109.937411437247,5109.937411437247,5072.789239625506,5097.5546875,40935000,5118.19189453125,5056.279296875,5043.896484375,5010.87646484375,5035.642578125,5065.359765625,5002.2080078125
2019-10-16,5118.192958693685,5130.57568359375,5097.555083860242,5130.57568359375,65776500,5097.5546875,5118.19189453125,5056.279296875,5043.896484375,5010.87646484375,5089.299609375,5009.431274414063
2019-10-17,5105.809478485282,5126.447350265739,5039.768288787816,5048.0234375,45666500,5130.57568359375,5097.5546875,5118.19189453125,5056.279296875,5043.896484375,5090.125,5012.9396484375
2019-10-18,5085.171875,5093.427024147728,5068.661576704546,5085.171875,41008500,5048.0234375,5130.57568359375,5097.5546875,5118.19189453125,5056.279296875,5095.903515625,5019.956518554687
2019-10-21,5118.192825562702,5163.596149015274,5105.810100984727,5134.703125,59971500,5085.171875,5048.0234375,5130.57568359375,5097.5546875,5118.19189453125,5099.20576171875,5028.005322265625
2019-10-22,5175.978206380209,5200.74365234375,5138.830037434896,5200.74365234375,67259500,5134.703125,5085.171875,5048.0234375,5130.57568359375,5097.5546875,5119.8435546875,5042.658203125
2019-10-23,5200.744319596613,5204.871894453437,5167.723720742032,5180.1064453125,62219000,5200.74365234375,5134.703125,5085.171875,5048.0234375,5130.57568359375,5129.74970703125,5056.691967773438
2019-10-24,5192.488503689236,5217.253949652778,5175.978206380209,5200.74365234375,73101000,5180.1064453125,5200.74365234375,5134.703125,5085.171875,5048.0234375,5160.29375,5066.59814453125
2019-10-25,5217.25367313508,5221.381247243574,5097.554023988785,5118.19189453125,61929500,5200.74365234375,5180.1064453125,5200.74365234375,5134.703125,5085.171875,5166.89775390625,5071.963916015625
2019-10-28,5118.192737711524,5159.468485596293,5118.192737711524,5122.3203125,43249500,5118.19189453125,5200.74365234375,5180.1064453125,5200.74365234375,5134.703125,5164.42119140625,5077.536108398437
2019-10-29,5122.320400422026,5151.213424437299,5076.917076969454,5134.703125,79861500,5122.3203125,5118.19189453125,5200.74365234375,5180.1064453125,5200.74365234375,5151.2130859375,5084.965747070312
2019-10-30,5184.234287709497,5188.361862779329,5118.193086592179,5171.8515625,60738000,5134.703125,5122.3203125,5118.19189453125,5200.74365234375,5180.1064453125,5149.562109375,5093.840063476562
2019-10-31,5175.978471376938,5200.743918608407,5159.468173222625,5192.48876953125,58420500,5171.8515625,5134.703125,5122.3203125,5118.19189453125,5200.74365234375,5147.9111328125,5104.158984375
2019-11-01,5200.743963068182,5221.3818359375,5180.106090198864,5221.3818359375,42080500,5192.48876953125,5171.8515625,5134.703125,5122.3203125,5118.19189453125,5168.54912109375,5115.716162109375
2019-11-04,5242.020068164841,5266.785517305777,5167.723720742032,5180.1064453125,43794500,5221.3818359375,5192.48876953125,5171.8515625,5134.703125,5122.3203125,5180.10634765625,5124.177661132812
2019-11-05,5242.019753126228,5250.27490234375,5175.978559386055,5250.27490234375,66161500,5180.1064453125,5221.3818359375,5192.48876953125,5171.8515625,5134.703125,5203.220703125,5134.90927734375
2019-11-06,5266.785471170076,5266.785471170076,5196.61669921875,5196.61669921875,63393000,5250.27490234375,5180.1064453125,5221.3818359375,5192.48876953125,5171.8515625,5208.17373046875,5144.1962890625
2019-11-07,5229.637074569909,5229.637074569909,5159.468305613564,5188.361328125,61972000,5196.61669921875,5250.27490234375,5180.1064453125,5221.3818359375,5192.48876953125,5207.3482421875,5151.41953125
2019-11-08,5213.126909972756,5213.126909972756,5159.468438215316,5184.23388671875,90040500,5188.361328125,5196.61669921875,5250.27490234375,5180.1064453125,5221.3818359375,5199.91865234375,5157.817260742188
2019-11-11,5229.637297784079,5233.7648726047455,5171.851250294752,5196.61669921875,70207000,5184.23388671875,5188.361328125,5196.61669921875,5250.27490234375,5180.1064453125,5203.220703125,5161.738500976562
2019-11-12,5134.703386871508,5184.234287709497,5134.703386871508,5171.8515625,47635500,5196.61669921875,5184.23388671875,5188.361328125,5196.61669921875,5250.27490234375,5187.53603515625,5165.453344726562
2019-11-13,5171.851162467034,5188.361461469322,5171.851162467034,5184.23388671875,40083500,5171.8515625,5196.61669921875,5184.23388671875,5188.361328125,5196.61669921875,5185.05947265625,5168.136254882813
2019-11-14,5171.851428943007,5184.234153832735,5126.448104347338,5175.97900390625,37862000,5184.23388671875,5171.8515625,5196.61669921875,5184.23388671875,5188.361328125,5182.5830078125,5174.534033203125
2019-11-15,5184.234020169323,5192.489169882969,5163.59614588521,5180.1064453125,47138000,5175.97900390625,5184.23388671875,5171.8515625,5196.61669921875,5184.23388671875,5181.75751953125,5179.28076171875
2019-11-18,5155.340863464744,5188.361461469322,5126.447840210739,5184.23388671875,65599000,5180.1064453125,5175.97900390625,5184.23388671875,5171.8515625,5196.61669921875,5179.28095703125,5181.757299804687
2019-11-19,5225.51016692028,5242.020467605651,5200.744715892221,5213.12744140625,60115000,5184.23388671875,5180.1064453125,5175.97900390625,5184.23388671875,5171.8515625,5187.5361328125,5182.376489257813
2019-11-20,5163.596578955463,5242.0205078125,5163.596578955463,5242.0205078125,43229500,5213.12744140625,5184.23388671875,5180.1064453125,5175.97900390625,5184.23388671875,5199.09345703125,5185.472192382813
2019-11-21,5242.019395616319,5242.019395616319,5200.74365234375,5200.74365234375,57523500,5242.0205078125,5213.12744140625,5184.23388671875,5180.1064453125,5175.97900390625,5204.04638671875,5185.472192382813
2019-11-22,5184.234195331087,5208.999645308783,5175.979045338521,5204.8720703125,56035000,5200.74365234375,5242.0205078125,5213.12744140625,5184.23388671875,5180.1064453125,5208.99951171875,5189.806201171875
2019-11-25,5225.50976873755,5229.637343594372,5180.1064453125,5180.1064453125,55133500,5204.8720703125,5200.74365234375,5242.0205078125,5213.12744140625,5184.23388671875,5208.1740234375,5192.6955078125
2019-11-26,5225.509499925418,5225.509499925418,5175.978604191528,5188.361328125,192783500,5180.1064453125,5204.8720703125,5200.74365234375,5242.0205078125,5213.12744140625,5203.22080078125,5195.37841796875
2019-11-27,5175.978206380209,5200.74365234375,5151.212760416666,5200.74365234375,58833500,5188.361328125,5180.1064453125,5204.8720703125,5200.74365234375,5242.0205078125,5194.9654296875,5196.823022460938
2019-11-28,5196.616433203125,5196.616433203125,5155.340687109375,5159.46826171875,44248000,5200.74365234375,5188.361328125,5180.1064453125,5204.8720703125,5200.74365234375,5186.7103515625,5195.1719970703125
2019-11-29,5142.958139213028,5196.616610970466,5138.830564462455,5184.23388671875,52954500,5159.46826171875,5200.74365234375,5188.361328125,5180.1064453125,5204.8720703125,5182.58271484375,5193.314599609375
2019-12-02,5184.233925097276,5303.93359375,5175.97877553502,5303.93359375,49909000,5184.23388671875,5159.46826171875,5200.74365234375,5188.361328125,5180.1064453125,5207.34814453125,5199.50595703125
2019-12-03,5299.805886948529,5299.805886948529,5237.892266773897,5262.65771484375,42823000,5303.93359375,5184.23388671875,5159.46826171875,5200.74365234375,5188.361328125,5222.207421875,5200.12509765625
2019-12-04,5250.275257143559,5283.29585624509,5246.147682255867,5254.40283203125,37552000,5262.65771484375,5303.93359375,5184.23388671875,5159.46826171875,5200.74365234375,5232.9392578125,5203.014404296875
2019-12-05,5250.274947013013,5270.912820232404,5225.509499149744,5233.7646484375,54168000,5254.40283203125,5262.65771484375,5303.93359375,5184.23388671875,5159.46826171875,5247.79853515625,5205.2845703125
2019-12-06,5250.32799061767,5295.875,5233.765441751369,5295.875,69920500,5233.7646484375,5254.40283203125,5262.65771484375,5303.93359375,5184.23388671875,5270.1267578125,5210.866625976562
2019-12-09,5275.171813917123,5295.875,5266.890539483972,5295.875,51667500,5295.875,5233.7646484375,5254.40283203125,5262.65771484375,5303.93359375,5268.5150390625,5215.829541015625
2019-12-10,5295.874092479625,5300.014728986645,5266.889636930479,5271.0302734375,57654000,5295.875,5295.875,5233.7646484375,5254.40283203125,5262.65771484375,5270.18955078125,5220.7884765625
2019-12-11,5271.0307261308535,5287.593273581382,5258.608815542957,5283.45263671875,48469000,5271.0302734375,5295.875,5295.875,5233.7646484375,5254.40283203125,5275.99951171875,5225.7494140625
2019-12-12,5300.015772870663,5304.156410193218,5250.328125,5250.328125,79198500,5283.45263671875,5271.0302734375,5295.875,5295.875,5233.7646484375,5279.31220703125,5229.466870117188
2019-12-13,5295.874104049971,5316.577286630307,5258.608375405365,5266.8896484375,70822500,5250.328125,5283.45263671875,5271.0302734375,5295.875,5295.875,5273.51513671875,5233.8060302734375
2019-12-16,5250.327102373231,5295.874104049971,5250.327102373231,5266.8896484375,78684000,5266.8896484375,5250.328125,5283.45263671875,5271.0302734375,5295.875,5267.71806640625,5237.938818359375
2019-12-17,5295.874747596154,5382.828125,5271.030925480769,5382.828125,102914500,5266.8896484375,5266.8896484375,5250.328125,5283.45263671875,5271.0302734375,5290.07763671875,5246.423852539063
2019-12-18,5382.827065310418,5631.265237555514,5333.139430861399,5593.99951171875,181804000,5382.828125,5266.8896484375,5266.8896484375,5250.328125,5283.45263671875,5352.18701171875,5264.022802734375
2019-12-19,5548.453361742424,5565.015909090909,5457.359351325757,5465.640625,74171000,5593.99951171875,5382.828125,5266.8896484375,5266.8896484375,5250.328125,5395.24951171875,5277.267651367188
2019-12-20,5531.890671921921,5581.578312687688,5473.921757695195,5515.328125,99453000,5465.640625,5593.99951171875,5382.828125,5266.8896484375,5266.8896484375,5444.93720703125,5292.790454101562
2019-12-23,5531.890671921921,5573.297039226726,5507.046851539039,5515.328125,46558500,5515.328125,5465.640625,5593.99951171875,5382.828125,5266.8896484375,5494.62490234375,5309.551538085938
2019-12-26,5515.328078218563,5569.156355258234,5515.328078218563,5531.890625,38188500,5515.328125,5515.328125,5465.640625,5593.99951171875,5382.828125,5524.43740234375,5326.728002929687
2019-12-27,5523.60931665422,5548.453136669155,5523.60931665422,5544.3125,29945000,5531.890625,5515.328125,5515.328125,5465.640625,5593.99951171875,5514.5,5343.9064453125
2019-12-30,5531.890125397345,5565.015215968587,5523.608852754534,5536.03076171875,61168000,5544.3125,5531.890625,5515.328125,5515.328125,5465.640625,5528.57802734375,5362.7345703125
2020-01-02,5544.313000324061,5614.70383005185,5531.891089195628,5540.17236328125,49445000,5536.03076171875,5544.3125,5531.890625,5515.328125,5515.328125,5533.546875,5380.531494140625
2020-01-03,5589.859744801241,5631.26611328125,5569.156560561237,5631.26611328125,47755500,5540.17236328125,5536.03076171875,5544.3125,5531.890625,5515.328125,5556.73447265625,5396.898120117187
2020-01-06,5565.015590200445,5589.859409799555,5540.171770601337,5577.4375,27300000,5631.26611328125,5540.17236328125,5536.03076171875,5544.3125,5531.890625,5565.84384765625,5412.637109375
2020-01-07,5577.43700048973,5606.421454092869,5573.29636426071,5581.57763671875,45022500,5577.4375,5631.26611328125,5540.17236328125,5536.03076171875,5544.3125,5573.296875,5428.995849609375
2020-01-08,5523.6093516092815,5585.718902039671,5523.6093516092815,5531.890625,53692500,5581.57763671875,5577.4375,5631.26611328125,5540.17236328125,5536.03076171875,5572.46884765625,5443.9021484375
2020-01-09,5581.57763671875,5593.999545405809,5573.29636426071,5581.57763671875,40363500,5531.890625,5581.57763671875,5577.4375,5631.26611328125,5540.17236328125,5580.74990234375,5458.187280273438
2020-01-10,5602.2813429368025,5651.968982342008,5556.734340148699,5569.15625,73362000,5581.57763671875,5531.890625,5581.57763671875,5577.4375,5631.26611328125,5568.3279296875,5471.851342773438
2020-01-13,5581.578601336639,5598.141149115086,5577.4379643920265,5585.71923828125,67855000,5569.15625,5581.57763671875,5531.890625,5581.57763671875,5577.4375,5569.98427734375,5487.585791015625
2020-01-14,5585.718465702329,5701.65628411572,5581.577829330422,5689.234375,93582000,5585.71923828125,5569.15625,5581.57763671875,5531.890625,5581.57763671875,5591.515625,5507.874877929688
2020-01-15,5689.234455010973,5846.578639356254,5631.265544989027,5660.25,75623500,5689.234375,5585.71923828125,5569.15625,5581.57763671875,5531.890625,5617.1875,5528.370971679688
2020-01-16,5635.406632427578,5705.797457373404,5627.12535890454,5672.67236328125,88931500,5660.25,5689.234375,5585.71923828125,5569.15625,5581.57763671875,5635.4064453125,5548.660107421875
2020-01-17,5664.391517045454,5705.797887784091,5631.266420454545,5693.3759765625,38249500,5672.67236328125,5660.25,5689.234375,5585.71923828125,5569.15625,5660.250390625,5569.984423828125
2020-01-20,5755.484637893196,5776.187820043891,5656.109363569861,5660.25,93554500,5693.3759765625,5672.67236328125,5660.25,5689.234375,5585.71923828125,5675.15654296875,5583.855517578125
2020-01-21,5701.656868036809,5709.938141628729,5651.96922648529,5656.10986328125,103984500,5660.25,5693.3759765625,5672.67236328125,5660.25,5689.234375,5668.531640625,5586.96103515625
2020-01-22,5676.813512969435,5709.938610054596,5660.250964426855,5664.3916015625,94311500,5656.10986328125,5660.25,5693.3759765625,5672.67236328125,5660.25,5669.3599609375,5596.898583984375
2020-01-23,5701.657335783306,5709.938610054596,5656.11032729121,5664.3916015625,87728000,5664.3916015625,5656.10986328125,5660.25,5693.3759765625,5672.67236328125,5667.70380859375,5604.3517578125
2020-01-24,5647.828636942456,5697.516278909691,5639.54736328125,5639.54736328125,69653500,5664.3916015625,5664.3916015625,5656.10986328125,5660.25,5693.3759765625,5656.9380859375,5610.562719726562
2020-01-27,5685.094787240725,5747.204344275402,5643.688415884274,5664.3916015625,39679000,5639.54736328125,5664.3916015625,5664.3916015625,5656.10986328125,5660.25,5657.76640625,5617.187768554688
2020-01-28,5660.251578104865,5668.532853274001,5594.001376751772,5622.98583984375,82615000,5664.3916015625,5639.54736328125,5664.3916015625,5664.3916015625,5656.10986328125,5651.1416015625,5621.121435546875
2020-01-29,5631.266638264555,5668.532373370717,5606.422814860446,5618.8447265625,43821000,5622.98583984375,5664.3916015625,5639.54736328125,5664.3916015625,5664.3916015625,5642.0322265625,5625.262133789062
2020-01-30,5668.530997528166,5668.530997528166,5573.29636426071,5581.57763671875,71990000,5618.8447265625,5622.98583984375,5664.3916015625,5639.54736328125,5664.3916015625,5625.46943359375,5627.3323974609375
2020-01-31,5631.266396604939,5635.407033661266,5366.265625,5366.265625,163136500,5581.57763671875,5618.8447265625,5622.98583984375,5664.3916015625,5639.54736328125,5570.8130859375,5614.082373046875
2020-02-03,5366.264248107532,5453.217603979644,5275.1702562415085,5333.13916015625,149797000,5366.265625,5581.57763671875,5618.8447265625,5622.98583984375,5664.3916015625,5504.56259765625,5601.867456054688
2020-02-04,5440.796803977273,5482.203172348485,5399.39043560606,5465.640625,113316500,5333.13916015625,5366.265625,5581.57763671875,5618.8447265625,5622.98583984375,5473.0935546875,5596.07060546875
2020-02-05,5614.703241084696,5614.703241084696,5507.046689264487,5573.296875,123002500,5465.640625,5333.13916015625,5366.265625,5581.57763671875,5618.8447265625,5463.983984375,5598.14091796875
2020-02-06,5581.57763671875,5614.702726550909,5531.890001970512,5581.57763671875,154693500,5573.296875,5465.640625,5333.13916015625,5366.265625,5581.57763671875,5463.983984375,5598.14091796875
2020-02-07,5556.735228769878,5614.704150679549,5552.594591490616,5598.1416015625,82609000,5581.57763671875,5573.296875,5465.640625,5333.13916015625,5366.265625,5510.3591796875,5599.590185546875
2020-02-10,5598.14154039241,5618.8447265625,5490.484972307941,5618.8447265625,66578500,5598.1416015625,5581.57763671875,5573.296875,5465.640625,5333.13916015625,5567.50029296875,5601.2464599609375
2020-02-11,5618.843761522861,5618.843761522861,5585.71866933997,5614.703125,77526500,5618.8447265625,5598.1416015625,5581.57763671875,5573.296875,5465.640625,5597.31279296875,5597.5198974609375
2020-02-12,5631.26611328125,5631.26611328125,5598.141018497243,5631.26611328125,69971500,5614.703125,5618.8447265625,5598.1416015625,5581.57763671875,5573.296875,5608.906640625,5596.070703125
2020-02-13,5647.82966535116,5647.82966535116,5581.579463998067,5622.98583984375,49737000,5631.26611328125,5614.703125,5618.8447265625,5598.1416015625,5581.57763671875,5617.18828125,5593.586376953125
2020-02-14,5614.703358907186,5627.125268993264,5527.749988304641,5531.890625,147028500,5622.98583984375,5631.26611328125,5614.703125,5618.8447265625,5598.1416015625,5603.9380859375,5585.512109375
2020-02-17,5531.890531994048,5589.859444754464,5531.890531994048,5565.015625,115319000,5531.890625,5622.98583984375,5631.26611328125,5614.703125,5618.8447265625,5593.172265625,5580.750390625
2020-02-18,5536.031226661688,5565.01568334578,5523.60931665422,5544.3125,98436500,5565.015625,5531.890625,5622.98583984375,5631.26611328125,5614.703125,5579.094140625,5575.1605224609375
2020-02-19,5519.468679985063,5598.140776699029,5519.468679985063,5544.3125,74594000,5544.3125,5565.015625,5531.890625,5622.98583984375,5631.26611328125,5561.70341796875,5569.156567382813
2020-02-20,5540.172595390684,5544.313232606971,5436.656664983534,5461.50048828125,136724500,5544.3125,5544.3125,5565.015625,5531.890625,5622.98583984375,5529.40634765625,5559.01201171875
2020-02-21,5465.640102395125,5515.327739689626,5461.499465953916,5478.06201171875,98261000,5461.50048828125,5544.3125,5544.3125,5565.015625,5531.890625,5518.640625,5550.937744140625
2020-02-24,5436.656837059985,5465.64129849138,5391.109826239224,5403.53173828125,84910000,5478.06201171875,5461.50048828125,5544.3125,5544.3125,5565.015625,5486.34384765625,5537.894750976562
2020-02-25,5424.232953525795,5432.514225210567,5391.107866786706,5407.67041015625,86446500,5403.53173828125,5478.06201171875,5461.50048828125,5544.3125,5544.3125,5459.0154296875,5527.128979492188
2020-02-26,5382.827825338298,5411.812282859351,5316.57763671875,5316.57763671875,92824500,5407.67041015625,5403.53173828125,5478.06201171875,5461.50048828125,5544.3125,5413.46845703125,5512.015625
2020-02-27,5357.98381762967,5362.124454273897,5134.389438841416,5208.9208984375,129254500,5316.57763671875,5407.67041015625,5403.53173828125,5478.06201171875,5461.50048828125,5362.9525390625,5493.382788085937
2020-02-28,5134.389438841416,5208.9208984375,4997.748429581926,5208.9208984375,169946500,5208.9208984375,5316.57763671875,5407.67041015625,5403.53173828125,5478.06201171875,5309.12431640625,5485.515551757812
2020-03-02,5208.920899240594,5208.920899240594,4997.748430352462,5035.01416015625,144871500,5208.9208984375,5208.9208984375,5316.57763671875,5407.67041015625,5403.53173828125,5235.42080078125,5470.609301757812
2020-03-03,5134.389370302611,5258.608467971222,5134.389370302611,5233.7646484375,114663500,5035.01416015625,5208.9208984375,5208.9208984375,5316.57763671875,5407.67041015625,5200.6396484375,5459.015502929688
2020-03-04,5229.623260308497,5382.826792083172,5184.076264375485,5333.13916015625,83025000,5233.7646484375,5035.01416015625,5208.9208984375,5208.9208984375,5316.57763671875,5203.951953125,5447.0076171875
2020-03-05,5415.95337995338,5415.95337995338,5250.327894327895,5329.0,77583000,5333.13916015625,5233.7646484375,5035.01416015625,5208.9208984375,5208.9208984375,5227.9677734375,5434.378735351563
2020-03-06,5258.609252929688,5258.609252929688,5134.39013671875,5134.39013671875,77835500,5329.0,5333.13916015625,5233.7646484375,5035.01416015625,5208.9208984375,5213.06162109375,5411.191162109375
2020-03-09,4968.764179991357,5001.889274524633,4790.716796875,4790.716796875,140889500,5134.39013671875,5329.0,5333.13916015625,5233.7646484375,5035.01416015625,5164.2021484375,5369.784765625
2020-03-10,4836.2639570147685,4977.045613297732,4836.2639570147685,4906.65478515625,133667000,4790.716796875,5134.39013671875,5329.0,5333.13916015625,5233.7646484375,5098.78017578125,5334.382348632813
2020-03-11,4927.357655582266,4952.2014756944445,4794.857281650641,4844.544921875,93204500,4906.65478515625,4790.716796875,5134.39013671875,5329.0,5333.13916015625,5001.061328125,5295.0462890625
2020-03-12,4637.512786645683,4670.6378779788665,4521.574966979541,4604.3876953125,129845500,4844.544921875,4906.65478515625,4790.716796875,5134.39013671875,5329.0,4856.1388671875,5244.116381835937
2020-03-13,4604.3876953125,4604.3876953125,4604.3876953125,4604.3876953125,0,4604.3876953125,4844.544921875,4906.65478515625,4790.716796875,5134.39013671875,4750.13837890625,5197.741235351563
2020-03-16,4604.3876953125,4604.3876953125,4604.3876953125,4604.3876953125,0,4604.3876953125,4604.3876953125,4844.544921875,4906.65478515625,4790.716796875,4712.87255859375,5149.709838867188
2020-03-17,4550.559452056885,4558.840724945068,4240.01171875,4240.01171875,212200000,4604.3876953125,4604.3876953125,4604.3876953125,4844.544921875,4906.65478515625,4579.5439453125,5084.494799804687
2020-03-18,4240.012500000001,4455.325634765625,3946.027258300781,4140.63720703125,180053500,4240.01171875,4604.3876953125,4604.3876953125,4604.3876953125,4844.544921875,4438.76240234375,5014.31103515625
2020-03-19,4136.495651934224,4136.495651934224,3850.791748046875,3850.791748046875,264419000,4140.63720703125,4240.01171875,4604.3876953125,4604.3876953125,4604.3876953125,4288.043212890625,4933.775598144532
2020-03-20,3809.3861474557816,4459.466174793344,3581.6511060317944,3921.183349609375,335132000,3850.791748046875,4140.63720703125,4240.01171875,4604.3876953125,4604.3876953125,4151.40234375,4855.931665039063
2020-03-23,3941.885493086907,4140.636022150113,3647.900335514249,3668.603515625,217843500,3921.183349609375,3850.791748046875,4140.63720703125,4240.01171875,4604.3876953125,3964.2455078125,4769.18525390625
2020-03-24,3685.166631401909,4136.496027832031,3685.166631401909,3726.572998046875,253971000,3668.603515625,3921.183349609375,3850.791748046875,4140.63720703125,4240.01171875,3861.557763671875,4685.130383300781
2020-03-26,3850.792000510476,4467.74684790409,3850.792000510476,4372.51220703125,331633000,3726.572998046875,3668.603515625,3921.183349609375,3850.791748046875,4140.63720703125,3907.932763671875,4637.927111816406
2020-03-27,4438.762349705082,4881.810457371541,4434.621713184834,4562.9814453125,269683000,4372.51220703125,3726.572998046875,3668.603515625,3921.183349609375,3850.791748046875,4050.370703125,4605.630139160156
2020-03-30,4538.138147605779,4600.247702545638,4268.996742866385,4550.56005859375,159964500,4562.9814453125,4372.51220703125,3726.572998046875,3668.603515625,3921.183349609375,4176.246044921875,4572.712097167969
2020-03-31,4687.200505514706,4728.606870404412,4542.278228400735,4575.4033203125,182638500,4550.56005859375,4562.9814453125,4372.51220703125,3726.572998046875,3668.603515625,4357.606005859375,4549.731555175781
2020-04-01,4604.387385236086,4761.731558472571,4492.590209515425,4538.13720703125,152831500,4575.4033203125,4550.56005859375,4562.9814453125,4372.51220703125,3726.572998046875,4519.91884765625,4514.950183105469
2020-04-02,4529.856092414221,4529.856092414221,4438.762094212107,4480.16845703125,136623500,4538.13720703125,4575.4033203125,4550.56005859375,4562.9814453125,4372.51220703125,4541.45009765625,4472.301647949219
2020-04-03,4521.575599621816,4579.544517565685,4442.9034966979925,4550.56005859375,110506000,4480.16845703125,4538.13720703125,4575.4033203125,4550.56005859375,4562.9814453125,4538.9658203125,4433.379650878906
2020-04-06,4571.264099280732,4753.452161208587,4550.560910425294,4749.3115234375,78184000,4550.56005859375,4480.16845703125,4538.13720703125,4575.4033203125,4550.56005859375,4578.71611328125,4414.125720214844
2020-04-07,4749.310245099056,5051.576721029509,4620.950508745026,4683.06005859375,149153500,4749.3115234375,4550.56005859375,4480.16845703125,4538.13720703125,4575.4033203125,4600.2474609375,4408.742883300782
2020-04-08,4683.059615371284,4687.200251635981,4538.1373461069215,4666.4970703125,106111500,4683.06005859375,4749.3115234375,4550.56005859375,4480.16845703125,4538.13720703125,4625.91943359375,4396.734997558594
2020-04-09,4637.513195375335,4716.185294225453,4554.700459743633,4633.37255859375,89997000,4666.4970703125,4683.06005859375,4749.3115234375,4550.56005859375,4480.16845703125,4656.56025390625,4386.176379394531
2020-04-13,4587.825287642046,4649.934835759943,4538.137649147727,4554.7001953125,58043000,4633.37255859375,4666.4970703125,4683.06005859375,4749.3115234375,4550.56005859375,4657.38828125,4383.692004394531
2020-04-14,4558.841284688775,4629.232112881064,4509.153641258925,4567.12255859375,95796000,4554.7001953125,4633.37255859375,4666.4970703125,4683.06005859375,4749.3115234375,4620.95048828125,4381.828747558594
2020-04-15,4567.123121652803,4662.357783301049,4509.154197171262,4542.279296875,95342000,4567.12255859375,4554.7001953125,4633.37255859375,4666.4970703125,4683.06005859375,4592.7943359375,4378.723327636719
2020-04-16,4542.277891668655,4571.262344942748,4293.839720747853,4339.38671875,176990500,4542.279296875,4567.12255859375,4554.7001953125,4633.37255859375,4666.4970703125,4527.372265625,4383.692077636719
2020-04-17,4389.074425763249,4509.15287703413,4372.5118807603685,4492.59033203125,160935500,4339.38671875,4542.279296875,4567.12255859375,4554.7001953125,4633.37255859375,4499.2158203125,4401.289733886719
2020-04-20,4496.7316231179975,4554.700539069795,4413.918886044001,4434.6220703125,90744000,4492.59033203125,4339.38671875,4542.279296875,4567.12255859375,4554.7001953125,4475.2001953125,4430.48125
2020-04-21,4511.284270530523,4511.284270530523,4347.0078125,4347.0078125,73431000,4434.6220703125,4492.59033203125,4339.38671875,4542.279296875,4567.12255859375,4431.17724609375,4451.772473144531
2020-04-22,4347.006764759475,4410.190002619352,4250.125800040999,4334.3701171875,107263500,4347.0078125,4434.6220703125,4492.59033203125,4339.38671875,4542.279296875,4389.59541015625,4485.060803222656
2020-04-23,4363.856660842896,4418.6154799461365,4313.31005859375,4313.31005859375,105419500,4334.3701171875,4347.0078125,4434.6220703125,4492.59033203125,4339.38671875,4384.380078125,4514.39765625
2020-04-24,4313.309959349594,4330.158826378302,4144.8212890625,4144.8212890625,131149500,4313.31005859375,4334.3701171875,4347.0078125,4434.6220703125,4492.59033203125,4314.82626953125,4503.013110351562
2020-04-27,4161.670662172379,4229.066138482863,4090.0629685924896,4178.51953125,151103500,4144.8212890625,4313.31005859375,4334.3701171875,4347.0078125,4434.6220703125,4263.60576171875,4483.790014648437
2020-04-28,4178.519353325569,4191.156004595707,4047.940623534145,4069.001708984375,180488000,4178.51953125,4144.8212890625,4313.31005859375,4334.3701171875,4347.0078125,4208.004541015625,4459.712097167969
2020-04-29,4064.789500442977,4085.8505859375,4043.7284149484535,4085.8505859375,121161000,4069.001708984375,4178.51953125,4144.8212890625,4313.31005859375,4334.3701171875,4158.300634765625,4435.234460449219
2020-04-30,4111.12309598646,4422.827101214942,4111.12309598646,4355.431640625,174081000,4085.8505859375,4069.001708984375,4178.51953125,4144.8212890625,4313.31005859375,4166.724951171875,4426.099182128906
2020-05-04,4338.584129362727,4464.950657402418,4212.217601323036,4397.55517578125,114497500,4355.431640625,4085.8505859375,4069.001708984375,4178.51953125,4144.8212890625,4217.271728515625,4421.968518066406
2020-05-05,4397.554654239593,4498.647864681882,4380.705785832545,4452.3134765625,118643500,4397.55517578125,4355.431640625,4085.8505859375,4069.001708984375,4178.51953125,4272.030517578125,4417.056188964843
2020-05-06,4477.586445385446,4523.920830050771,4464.949795022176,4511.2841796875,86395500,4452.3134765625,4397.55517578125,4355.431640625,4085.8505859375,4069.001708984375,4360.48701171875,4405.154821777343
2020-05-08,4502.859566774905,4549.193949594853,4338.583118595091,4418.615234375,123028000,4511.2841796875,4452.3134765625,4397.55517578125,4355.431640625,4085.8505859375,4427.03994140625,4391.932580566407
2020-05-11,4418.616106733947,4486.011585959632,4418.616106733947,4460.73828125,40615500,4418.615234375,4511.2841796875,4452.3134765625,4397.55517578125,4355.431640625,4448.10126953125,4381.644641113281
2020-05-12,4498.648398213003,4498.648398213003,4237.490906930974,4397.55517578125,118660000,4460.73828125,4418.615234375,4511.2841796875,4452.3134765625,4397.55517578125,4448.10126953125,4369.853771972656
2020-05-13,4347.007911876223,4355.432345813968,4283.824657343139,4304.8857421875,94973000,4397.55517578125,4460.73828125,4418.615234375,4511.2841796875,4452.3134765625,4418.61572265625,4357.363049316406
2020-05-14,4271.18779177782,4304.885525835239,4132.184638790968,4144.8212890625,131268000,4304.8857421875,4397.55517578125,4460.73828125,4418.615234375,4511.2841796875,4345.32314453125,4336.247985839844
2020-05-15,4144.820906396943,4208.004151921287,3942.634520719044,4031.091064453125,205790000,4144.8212890625,4304.8857421875,4397.55517578125,4460.73828125,4418.615234375,4267.818310546875,4310.68857421875
2020-05-18,4043.729177597062,4081.639138637034,4001.606998663759,4014.24365234375,139997500,4031.091064453125,4144.8212890625,4304.8857421875,4397.55517578125,4460.73828125,4178.519384765625,4294.431420898438
2020-05-19,4077.426455245059,4178.519673143696,3942.635498046875,3942.635498046875,128504500,4014.24365234375,4031.091064453125,4144.8212890625,4304.8857421875,4397.55517578125,4087.53544921875,4266.933679199219
2020-05-20,3976.3336913037774,4043.729177597062,3951.060383943796,4014.24365234375,119158000,3942.635498046875,4014.24365234375,4031.091064453125,4144.8212890625,4304.8857421875,4029.40703125,4245.914758300782
2020-05-26,4022.6669096610913,4212.216659330986,4022.6669096610913,4186.943359375,176076500,4014.24365234375,3942.635498046875,4014.24365234375,4031.091064453125,4144.8212890625,4037.8314453125,4237.911535644531
2020-05-27,4186.944639822507,4212.217947507553,4090.0636270298337,4182.732421875,151753500,4186.943359375,4014.24365234375,3942.635498046875,4014.24365234375,4031.091064453125,4068.159716796875,4230.329650878906
2020-05-28,4212.217451605288,4481.799368508026,4212.217451605288,4460.73828125,229233000,4182.732421875,4186.943359375,4014.24365234375,3942.635498046875,4014.24365234375,4157.458642578125,4237.701062011719
2020-05-29,4460.7378070809245,4460.7378070809245,4372.28125,4372.28125,399414000,4460.73828125,4182.732421875,4186.943359375,4014.24365234375,3942.635498046875,4243.38779296875,4249.074060058594
2020-06-02,4431.252242814249,4633.438656935051,4414.403374970849,4515.49658203125,181369500,4372.28125,4460.73828125,4182.732421875,4186.943359375,4014.24365234375,4343.63837890625,4265.922912597656
2020-06-03,4557.618245161116,4869.322265625,4549.193812175606,4869.322265625,279673500,4515.49658203125,4372.28125,4460.73828125,4182.732421875,4186.943359375,4480.11416015625,4305.938940429687
2020-06-04,4869.323611560881,5046.236753157384,4717.683775906736,4877.748046875,236158500,4869.322265625,4515.49658203125,4372.28125,4460.73828125,4182.732421875,4619.11728515625,4345.5338134765625
2020-06-05,4877.746606338701,4932.505419708652,4705.045733402702,4822.98779296875,88157500,4877.748046875,4869.322265625,4515.49658203125,4372.28125,4460.73828125,4691.5671875,4368.91162109375
2020-06-08,4848.26219999669,4991.477590787209,4848.26219999669,4970.41650390625,173557500,4822.98779296875,4877.748046875,4869.322265625,4515.49658203125,4372.28125,4811.19423828125,4397.5546875
2020-06-09,5004.1136446220935,5050.448030220446,4881.959355317345,4890.3837890625,100110000,4970.41650390625,4822.98779296875,4877.748046875,4869.322265625,4515.49658203125,4886.1716796875,4419.458203125
2020-06-10,4886.1708984375,4940.9297102303335,4713.470030475485,4886.1708984375,115382500,4890.3837890625,4970.41650390625,4822.98779296875,4877.748046875,4869.322265625,4889.54140625,4438.2025390625
2020-06-11,4844.050146828236,4894.596757056008,4721.895838777784,4785.0791015625,85187500,4886.1708984375,4890.3837890625,4970.41650390625,4822.98779296875,4877.748046875,4871.0076171875,4456.525732421875
2020-06-12,4785.077752976191,4785.077752976191,4616.589099702381,4776.6533203125,96044000,4785.0791015625,4886.1708984375,4890.3837890625,4970.41650390625,4822.98779296875,4861.74072265625,4472.321484375
2020-06-15,4785.077776988636,4810.351075106534,4633.43798828125,4633.43798828125,100844500,4776.6533203125,4785.0791015625,4886.1708984375,4890.3837890625,4970.41650390625,4794.34501953125,4484.115625
2020-06-16,4700.83430480957,4881.959640926785,4700.83430480957,4852.47412109375,91518500,4633.43798828125,4776.6533203125,4785.0791015625,4886.1708984375,4890.3837890625,4786.7630859375,4511.495043945312
2020-06-17,4886.171840854458,4886.171840854458,4785.078630354021,4818.7763671875,79800000,4852.47412109375,4633.43798828125,4776.6533203125,4785.0791015625,4886.1708984375,4773.2841796875,4545.192797851562
2020-06-18,4818.776745747538,4835.625615487914,4705.046875,4705.046875,68032000,4818.7763671875,4852.47412109375,4633.43798828125,4776.6533203125,4785.0791015625,4757.277734375,4578.890588378907
2020-06-19,4717.683155829596,4759.805326863789,4671.348767691984,4696.6220703125,110071000,4705.046875,4818.7763671875,4852.47412109375,4633.43798828125,4776.6533203125,4741.271484375,4613.009509277344
2020-06-22,4713.471108557085,4768.229932874549,4658.712284239621,4667.13671875,51590500,4696.6220703125,4705.046875,4818.7763671875,4852.47412109375,4633.43798828125,4748.01123046875,4649.2345703125
2020-06-23,4692.409569791204,4768.229473073287,4650.287401301157,4734.53173828125,69954000,4667.13671875,4696.6220703125,4705.046875,4818.7763671875,4852.47412109375,4724.42275390625,4685.248974609375
2020-06-24,4759.804777367714,4852.473542944785,4751.380344133435,4806.13916015625,57333000,4734.53173828125,4667.13671875,4696.6220703125,4705.046875,4818.7763671875,4721.8953125,4716.208764648438
2020-06-25,4801.926710903384,4839.836658621043,4751.380113946507,4822.98779296875,51415000,4806.13916015625,4734.53173828125,4667.13671875,4696.6220703125,4705.046875,4745.48349609375,4748.221533203125
2020-06-26,4818.776025520372,4852.4737599645705,4751.380556631975,4755.5927734375,57467500,4822.98779296875,4806.13916015625,4734.53173828125,4667.13671875,4696.6220703125,4757.27763671875,4762.9642578125
2020-06-29,4751.380207186124,4797.714588639179,4705.045825733067,4780.86572265625,48796500,4755.5927734375,4822.98779296875,4806.13916015625,4734.53173828125,4667.13671875,4780.0234375,4783.393481445312
2020-06-30,4801.928037889596,4835.625778506365,4768.230297272827,4797.7158203125,74474000,4780.86572265625,4755.5927734375,4822.98779296875,4806.13916015625,4734.53173828125,4792.66025390625,4797.504443359375
2020-07-01,4801.9265726023705,4886.1708984375,4780.865491143588,4886.1708984375,63959000,4797.7158203125,4780.86572265625,4755.5927734375,4822.98779296875,4806.13916015625,4808.6666015625,4798.346875
2020-07-02,4865.11141879392,4945.1435546875,4852.474765758092,4945.1435546875,75585500,4886.1708984375,4797.7158203125,4780.86572265625,4755.5927734375,4822.98779296875,4833.09775390625,4801.716650390625
2020-07-03,4945.1435546875,4974.629078437766,4919.870248615844,4945.1435546875,52219000,4945.1435546875,4886.1708984375,4797.7158203125,4780.86572265625,4755.5927734375,4871.00791015625,4807.824438476562
2020-07-06,4936.718596975043,4999.90185546875,4928.294162509214,4999.90185546875,67800000,4945.1435546875,4945.1435546875,4886.1708984375,4797.7158203125,4780.86572265625,4914.81513671875,4809.298706054688
2020-07-07,5004.114155102254,5050.448545427274,4970.416416684057,5046.236328125,74168000,4999.90185546875,4945.1435546875,4945.1435546875,4886.1708984375,4797.7158203125,4964.51923828125,4817.091333007813
2020-07-08,5046.236288747479,5277.908238564768,5037.8118542086695,5223.1494140625,106444500,5046.236328125,4999.90185546875,4945.1435546875,4945.1435546875,4886.1708984375,5031.91494140625,4833.940258789063
2020-07-09,5231.573559970543,5256.846862192622,5079.933746638063,5138.90478515625,93543500,5223.1494140625,5046.236328125,4999.90185546875,4945.1435546875,4945.1435546875,5070.6671875,4851.63154296875
2020-07-10,5138.905068674395,5256.8471522177415,5122.056199596774,5223.1494140625,67224000,5138.90478515625,5223.1494140625,5046.236328125,4999.90185546875,4945.1435546875,5126.268359375,4873.95634765625
2020-07-13,5248.422769325658,5256.847203947368,5172.602857730263,5202.08837890625,86006000,5223.1494140625,5138.90478515625,5223.1494140625,5046.236328125,4999.90185546875,5166.7056640625,4902.3888671875
2020-07-14,5202.0883277154735,5223.1494140625,5147.3295032132055,5223.1494140625,45616500,5202.08837890625,5223.1494140625,5138.90478515625,5223.1494140625,5046.236328125,5202.08828125,4920.922631835938
2020-07-15,5223.149517276423,5256.847256097561,5181.02734375,5181.02734375,61468000,5223.1494140625,5202.08837890625,5223.1494140625,5138.90478515625,5223.1494140625,5193.6638671875,4939.035180664063
2020-07-16,5181.026990575698,5223.1491612307855,5172.602556444681,5206.30029296875,66520500,5181.02734375,5223.1494140625,5202.08837890625,5223.1494140625,5138.90478515625,5207.14296875,4964.0978515625
2020-07-17,5168.390068502988,5206.300020105698,5088.357948452819,5155.75341796875,73348000,5206.30029296875,5181.02734375,5223.1494140625,5202.08837890625,5223.1494140625,5193.66376953125,4987.054418945312
2020-07-20,5155.753670857085,5189.451407267916,5105.207066240839,5172.6025390625,59794500,5155.75341796875,5206.30029296875,5181.02734375,5223.1494140625,5202.08837890625,5187.7666015625,5012.327709960938
2020-07-21,5138.905068674395,5252.634934948336,5138.905068674395,5223.1494140625,84159500,5172.6025390625,5155.75341796875,5206.30029296875,5181.02734375,5223.1494140625,5187.7666015625,5036.75859375
2020-07-22,5231.573595361802,5265.271331885872,5164.178122313663,5206.30029296875,44725500,5223.1494140625,5172.6025390625,5155.75341796875,5206.30029296875,5181.02734375,5192.82119140625,5056.766650390625
2020-07-23,5206.300544984879,5235.786065870716,5172.602806829637,5223.1494140625,84026500,5206.30029296875,5223.1494140625,5172.6025390625,5155.75341796875,5206.30029296875,5196.191015625,5076.774731445313
2020-07-24,5223.149125896516,5223.149125896516,5138.90478515625,5138.90478515625,58366500,5223.1494140625,5206.30029296875,5223.1494140625,5172.6025390625,5155.75341796875,5192.8212890625,5095.94033203125
2020-07-27,5138.90478515625,5172.602521452356,5054.660444415983,5138.90478515625,41972500,5138.90478515625,5223.1494140625,5206.30029296875,5223.1494140625,5172.6025390625,5186.08173828125,5113.84228515625
2020-07-28,5155.752905214228,5223.148368027486,5105.206308104284,5210.51171875,65279000,5138.90478515625,5138.90478515625,5223.1494140625,5206.30029296875,5223.1494140625,5183.55419921875,5134.482080078125
2020-07-29,5210.513290243607,5210.513290243607,5138.9055894076,5168.39111328125,50262500,5210.51171875,5138.90478515625,5138.90478515625,5223.1494140625,5206.30029296875,5175.97236328125,5148.593090820313
2020-07-30,5168.389644916241,5256.84619140625,5100.9941809238535,5256.84619140625,80533500,5168.39111328125,5210.51171875,5138.90478515625,5138.90478515625,5223.1494140625,5182.71171875,5164.17822265625
2020-08-03,5239.997635858484,5252.63428610573,4907.232512680975,5164.177734375,137079000,5256.84619140625,5168.39111328125,5210.51171875,5138.90478515625,5138.90478515625,5187.76630859375,5175.129931640625
2020-08-04,5185.239341551555,5239.998164817331,5164.178255680103,5231.57373046875,79357000,5164.177734375,5256.84619140625,5168.39111328125,5210.51171875,5138.90478515625,5206.30009765625,5186.713525390625
2020-08-05,5223.14911109992,5239.997979200241,5138.904770598308,5227.361328125,49393000,5231.57373046875,5164.177734375,5256.84619140625,5168.39111328125,5210.51171875,5209.67001953125,5195.769775390625
2020-08-06,5235.785846941768,5303.18132043418,5210.512544382113,5273.69580078125,55258500,5227.361328125,5231.57373046875,5164.177734375,5256.84619140625,5168.39111328125,5230.73095703125,5198.297094726562
2020-08-07,5277.907983082399,5294.756851344433,5189.451424706715,5206.30029296875,43621000,5273.69580078125,5227.361328125,5231.57373046875,5164.177734375,5256.84619140625,5220.62177734375,5201.666870117188
2020-08-10,5206.300020105698,5223.148887484682,5143.116767434513,5155.75341796875,37774500,5206.30029296875,5273.69580078125,5227.361328125,5231.57373046875,5164.177734375,5218.9369140625,5198.2970703125
2020-08-11,5172.602857730263,5223.149465460526,5164.178423108552,5202.08837890625,38795500,5155.75341796875,5206.30029296875,5273.69580078125,5227.361328125,5231.57373046875,5213.03984375,5198.2970703125
2020-08-12,5202.088110195562,5273.69580078125,5189.451458915734,5273.69580078125,35612000,5202.08837890625,5155.75341796875,5206.30029296875,5273.69580078125,5227.361328125,5222.30673828125,5200.824389648437
2020-08-13,5273.696303013393,5307.39404296875,5206.300823102679,5307.39404296875,48581000,5273.69580078125,5202.08837890625,5155.75341796875,5206.30029296875,5273.69580078125,5229.04638671875,5207.142724609375
2020-08-14,5307.393538678279,5395.85009765625,5256.8469335480095,5395.85009765625,57316000,5307.39404296875,5273.69580078125,5202.08837890625,5155.75341796875,5206.30029296875,5266.95634765625,5216.62021484375
2020-08-18,5395.849893821861,5412.698761562132,5307.393338185437,5357.93994140625,81563500,5395.85009765625,5307.39404296875,5273.69580078125,5202.08837890625,5155.75341796875,5307.39365234375,5226.729541015625
2020-08-19,5357.938823681872,5400.060984245409,5315.816663118336,5332.66552734375,58793500,5357.93994140625,5395.85009765625,5307.39404296875,5273.69580078125,5202.08837890625,5333.50908203125,5234.732690429688
2020-08-24,5341.091359238915,5374.789096521179,5290.544753315518,5320.0302734375,66882500,5332.66552734375,5357.93994140625,5395.85009765625,5307.39404296875,5273.69580078125,5342.7759765625,5239.576733398438
2020-08-25,5324.241905194423,5374.788505560192,5311.60525510298,5362.15185546875,49211000,5320.0302734375,5332.66552734375,5357.93994140625,5395.85009765625,5307.39404296875,5353.7275390625,5247.369311523437
2020-08-26,5379.001262676829,5383.213479797171,5311.605788751356,5341.09130859375,42983000,5362.15185546875,5320.0302734375,5332.66552734375,5357.93994140625,5395.85009765625,5342.77578125,5253.26640625
2020-08-27,5362.1522649591625,5560.12646484375,5341.091179865057,5560.12646484375,68326000,5341.09130859375,5362.15185546875,5320.0302734375,5332.66552734375,5357.93994140625,5383.2130859375,5274.327490234375
2020-08-28,5526.428250096228,5560.125983328522,5412.698400437235,5471.66943359375,52292500,5560.12646484375,5341.09130859375,5362.15185546875,5320.0302734375,5332.66552734375,5411.0138671875,5290.96572265625
2020-08-31,5475.8827969372505,5509.580537226096,5286.3330078125,5286.3330078125,97032000,5471.66943359375,5560.12646484375,5341.09130859375,5362.15185546875,5320.0302734375,5404.2744140625,5294.756787109375
2020-09-01,5290.543600819594,5492.72998046875,5256.845870878068,5492.72998046875,67446000,5286.3330078125,5471.66943359375,5560.12646484375,5341.09130859375,5362.15185546875,5430.3900390625,5310.97373046875
2020-09-02,5492.730732808857,5526.428467365967,5362.152011400058,5421.123046875,66065000,5492.72998046875,5286.3330078125,5471.66943359375,5560.12646484375,5341.09130859375,5446.39638671875,5319.187573242188
2020-09-03,5446.396804011419,5475.88232421875,5307.393637319712,5475.88232421875,68208500,5421.123046875,5492.72998046875,5286.3330078125,5471.66943359375,5560.12646484375,5429.54755859375,5334.772802734375
2020-09-04,5433.76010237069,5433.76010237069,5277.908068426725,5374.7890625,80613500,5475.88232421875,5421.123046875,5492.72998046875,5286.3330078125,5471.66943359375,5410.171484375,5341.933569335937
2020-09-07,5336.879990801512,5357.941079952268,5223.15010938743,5294.7578125,64249500,5374.7890625,5475.88232421875,5421.123046875,5492.72998046875,5286.3330078125,5411.8564453125,5345.303393554687
2020-09-08,5294.7562520810725,5357.939500912589,5294.7562520810725,5336.87841796875,39649000,5294.7578125,5374.7890625,5475.88232421875,5421.123046875,5492.72998046875,5380.6861328125,5348.462524414063
2020-09-09,5307.393469463071,5324.242337620096,5231.573562756455,5261.05908203125,49285000,5336.87841796875,5294.7578125,5374.7890625,5475.88232421875,5421.123046875,5348.67333984375,5351.200463867188
2020-09-10,5239.996942569384,5239.996942569384,4894.59521484375,4894.59521484375,175735000,5261.05908203125,5336.87841796875,5294.7578125,5374.7890625,5475.88232421875,5232.41591796875,5338.142553710937
2020-09-11,4886.171378863251,5033.598963570333,4734.531577450254,4974.6279296875,403032500,4894.59521484375,5261.05908203125,5336.87841796875,5294.7578125,5374.7890625,5152.38369140625,5326.76953125
2020-09-14,5054.660543646694,5151.541537399922,5042.023892287578,5096.78271484375,138115000,4974.6279296875,4894.59521484375,5261.05908203125,5336.87841796875,5294.7578125,5112.788671875,5317.923876953125
2020-09-15,5088.358071805674,5138.904675167982,4936.71826171875,4936.71826171875,170087000,5096.78271484375,4974.6279296875,4894.59521484375,5261.05908203125,5336.87841796875,5032.756640625,5299.390087890625
2020-09-16,4936.718583559783,4945.143018002717,4839.837587466032,4844.0498046875,158565500,4936.71826171875,5096.78271484375,4974.6279296875,4894.59521484375,5261.05908203125,4949.35478515625,5271.800073242188
2020-09-17,4844.049013934894,4932.505561145878,4772.441332859335,4848.26123046875,138796000,4844.0498046875,4936.71826171875,5096.78271484375,4974.6279296875,4894.59521484375,4940.08798828125,5246.316137695312
2020-09-18,4801.926594762988,4831.4121089413575,4692.408970671903,4742.95556640625,316912000,4848.26123046875,4844.0498046875,4936.71826171875,5096.78271484375,4974.6279296875,4893.753515625,5216.830639648438
2020-09-21,4751.380537048394,4831.412656023501,4713.470585954923,4721.89501953125,112443000,4742.95556640625,4848.26123046875,4844.0498046875,4936.71826171875,5096.78271484375,4818.7759765625,5186.923876953125
2020-09-22,4650.287937213303,4688.197893223194,4574.468025193521,4591.31689453125,163442500,4721.89501953125,4742.95556640625,4848.26123046875,4844.0498046875,4936.71826171875,4749.695703125,5148.38212890625
2020-09-23,4591.3160088839695,4705.04585497559,4570.25492627441,4637.650390625,100517000,4591.31689453125,4721.89501953125,4742.95556640625,4848.26123046875,4844.0498046875,4708.4158203125,5113.2100830078125
2020-09-24,4574.467353757747,4662.923904797262,4540.769620028409,4587.10400390625,88618500,4637.650390625,4591.31689453125,4721.89501953125,4742.95556640625,4848.26123046875,4656.184375,5064.5589599609375
2020-09-25,4616.589304116533,4738.743583148814,4599.740438043114,4726.10693359375,100705000,4587.10400390625,4637.650390625,4591.31689453125,4721.89501953125,4742.95556640625,4652.8146484375,5027.280834960938
2020-09-28,4759.805550735211,4797.715506449031,4633.439031689143,4646.07568359375,93522000,4726.10693359375,4587.10400390625,4637.650390625,4591.31689453125,4721.89501953125,4637.65078125,4995.26796875
2020-09-29,4696.621421931767,4747.168020194709,4599.740441927793,4637.650390625,117778500,4646.07568359375,4726.10693359375,4587.10400390625,4637.650390625,4591.31689453125,4646.91748046875,4952.513989257813
2020-09-30,4688.19675347022,4688.19675347022,4566.04248046875,4566.04248046875,107377000,4637.650390625,4646.07568359375,4726.10693359375,4587.10400390625,4637.650390625,4632.5958984375,4909.7599609375
2020-10-01,4620.8024608673695,4692.41015625,4616.590243491921,4692.41015625,56893000,4566.04248046875,4637.650390625,4646.07568359375,4726.10693359375,4587.10400390625,4653.65712890625,4870.586352539062
2020-10-02,4683.984772366031,4688.196988887943,4582.891575840145,4637.650390625,66848000,4692.41015625,4566.04248046875,4637.650390625,4646.07568359375,4726.10693359375,4635.9658203125,4833.729418945312
2020-10-05,4646.0748927904215,4683.984842051631,4599.740510360055,4650.287109375,58291000,4637.650390625,4692.41015625,4566.04248046875,4637.650390625,4646.07568359375,4636.80810546875,4801.505883789063
2020-10-06,4742.956209738212,4814.563896741365,4717.682908442983,4801.92724609375,141955500,4650.287109375,4637.650390625,4692.41015625,4566.04248046875,4637.650390625,4669.6634765625,4774.758325195313
2020-10-07,4717.682517919201,4848.26123046875,4700.833651783775,4848.26123046875,89937500,4801.92724609375,4650.287109375,4637.650390625,4692.41015625,4566.04248046875,4726.1072265625,4754.118432617188
2020-10-08,4877.74669861051,4886.171131596021,4810.351234726428,4869.322265625,77384500,4848.26123046875,4801.92724609375,4650.287109375,4637.650390625,4692.41015625,4761.4896484375,4752.85478515625
2020-10-09,4844.049267789502,4865.1103515625,4818.775967261905,4865.1103515625,54250500,4869.322265625,4848.26123046875,4801.92724609375,4650.287109375,4637.650390625,4806.981640625,4747.37890625
2020-10-12,4919.869209009394,4949.354726529142,4911.444775432323,4932.505859375,82918500,4865.1103515625,4869.322265625,4848.26123046875,4801.92724609375,4650.287109375,4863.425390625,4739.165063476563
2020-10-13,4919.869209009394,4936.718076163535,4860.8981739698975,4932.505859375,48250500,4932.505859375,4865.1103515625,4869.322265625,4848.26123046875,4801.92724609375,4889.54111328125,4738.954443359375
2020-10-14,4919.869895391949,4970.41650390625,4894.596591134799,4970.41650390625,83117500,4932.505859375,4932.505859375,4865.1103515625,4869.322265625,4848.26123046875,4913.97216796875,4745.272778320313
2020-10-15,4949.35506360739,4953.5672806828,4852.474070872947,4873.53515625,82067000,4970.41650390625,4932.505859375,4932.505859375,4865.1103515625,4869.322265625,4914.81474609375,4746.536474609375
2020-10-16,4873.535206688774,4877.747423807779,4827.20081837972,4852.47412109375,89051500,4873.53515625,4970.41650390625,4932.505859375,4932.505859375,4865.1103515625,4912.2875,4752.01240234375
2020-10-19,4844.049982620498,4970.41650390625,4810.352243610964,4970.41650390625,56871500,4852.47412109375,4873.53515625,4970.41650390625,4932.505859375,4932.505859375,4919.86962890625,4764.4384765625
2020-10-20,4953.567042151163,4953.567042151163,4873.53492157219,4890.3837890625,74995500,4970.41650390625,4852.47412109375,4873.53515625,4970.41650390625,4932.505859375,4911.44521484375,4779.391821289062
2020-10-21,4936.717729509083,4940.929946001838,4827.200100697448,4869.322265625,77944000,4890.3837890625,4970.41650390625,4852.47412109375,4873.53515625,4970.41650390625,4891.2263671875,4790.975415039063
2020-10-22,4835.624302936422,4886.1708984375,4806.138788894127,4886.1708984375,96872500,4869.322265625,4890.3837890625,4970.41650390625,4852.47412109375,4873.53515625,4893.753515625,4805.928759765625
2020-10-23,4919.869475736568,4919.869475736568,4844.049569432409,4860.8984375,66328000,4886.1708984375,4869.322265625,4890.3837890625,4970.41650390625,4852.47412109375,4895.43837890625,4812.6683349609375
2020-10-26,4822.989165026467,4915.657952476758,4822.989165026467,4898.80908203125,70452500,4860.8984375,4886.1708984375,4869.322265625,4890.3837890625,4970.41650390625,4881.11689453125,4825.305004882813
2020-10-27,4898.809135160298,4911.445788131477,4848.262523275583,4877.748046875,89482000,4898.80908203125,4860.8984375,4886.1708984375,4869.322265625,4890.3837890625,4878.58974609375,4837.309887695313
2020-11-02,4852.473421391753,4907.232236042874,4818.7756892987545,4903.02001953125,151006500,4877.748046875,4898.80908203125,4860.8984375,4886.1708984375,4869.322265625,4885.329296875,4854.158764648438
2020-11-03,4919.869528597199,4966.203916280905,4915.657311535044,4961.99169921875,78152000,4903.02001953125,4877.748046875,4898.80908203125,4860.8984375,4886.1708984375,4900.49345703125,4867.637841796875
2020-11-04,4970.415483717246,5004.113215810245,4873.534503949876,4903.02001953125,78626000,4961.99169921875,4903.02001953125,4877.748046875,4898.80908203125,4860.8984375,4908.9177734375,4880.906323242188
2020-11-05,4970.416476117886,5206.3006478658535,4970.416476117886,5181.02734375,161090000,4903.02001953125,4961.99169921875,4903.02001953125,4877.748046875,4898.80908203125,4965.36142578125,4907.443334960937
2020-11-06,5189.451953125,5307.39404296875,5105.207603236607,5307.39404296875,137303500,5181.02734375,4903.02001953125,4961.99169921875,4903.02001953125,4877.748046875,5051.290625,4932.716674804688
2020-11-09,5307.394465990454,5391.638822593477,5235.786762877884,5294.7578125,82739500,5307.39404296875,5181.02734375,4903.02001953125,4961.99169921875,4903.02001953125,5129.63818359375,4955.04150390625
2020-11-10,5387.425514503761,5560.126410590278,5374.788863570602,5459.033203125,191073500,5294.7578125,5307.39404296875,5181.02734375,4903.02001953125,4961.99169921875,5229.046484375,4984.52705078125
2020-11-11,5509.580078125,5530.641164050555,5459.03347190367,5509.580078125,131383500,5459.033203125,5294.7578125,5307.39404296875,5181.02734375,4903.02001953125,5350.35849609375,5016.750537109375
2020-11-12,5400.061407071407,5471.6690856363175,5395.849190685237,5408.48583984375,83082500,5509.580078125,5459.033203125,5294.7578125,5307.39404296875,5181.02734375,5395.8501953125,5040.549536132812
2020-11-13,5408.487171728287,5433.7604762690735,5324.242823258999,5383.2138671875,82374500,5408.48583984375,5509.580078125,5459.033203125,5294.7578125,5307.39404296875,5411.01416015625,5063.084936523437
2020-11-16,5463.24542010272,5463.24542010272,5379.001080548322,5459.033203125,54905000,5383.2138671875,5408.48583984375,5509.580078125,5459.033203125,5294.7578125,5443.86923828125,5087.515771484375
2020-11-17,5475.881739026718,5530.6405564169845,5467.457305582061,5518.00390625,119784000,5459.033203125,5383.2138671875,5408.48583984375,5509.580078125,5459.033203125,5455.66337890625,5119.739208984375
2020-11-18,5518.004159680603,5539.0652442595365,5509.57972584903,5534.85302734375,99789000,5518.00390625,5459.033203125,5383.2138671875,5408.48583984375,5509.580078125,5460.71796875,5153.858154296875
2020-11-19,5492.730577995088,5593.823778817083,5488.518361294171,5572.7626953125,147346500,5534.85302734375,5518.00390625,5459.033203125,5383.2138671875,5408.48583984375,5493.57333984375,5183.975463867188
2020-11-20,5593.824200994319,5602.2486350319605,5518.00429465554,5560.12646484375,68468500,5572.7626953125,5534.85302734375,5518.00390625,5459.033203125,5383.2138671875,5528.955859375,5217.46259765625
2020-11-23,5560.12646484375,5568.550898881393,5518.00429465554,5560.12646484375,75265500,5560.12646484375,5572.7626953125,5534.85302734375,5518.00390625,5459.033203125,5549.17451171875,5252.002807617188
2020-11-24,5560.12663330636,5560.12663330636,5513.792244695473,5530.64111328125,72349500,5560.12646484375,5560.12646484375,5572.7626953125,5534.85302734375,5518.00390625,5551.701953125,5284.226318359375
2020-11-25,5543.277886115445,5547.490103354134,5374.789196567863,5400.0625,170140500,5530.64111328125,5560.12646484375,5560.12646484375,5572.7626953125,5534.85302734375,5524.74384765625,5311.184521484375
2020-11-26,5349.515561704283,5467.45763708044,5307.393391927084,5459.033203125,64339000,5400.0625,5530.64111328125,5560.12646484375,5560.12646484375,5572.7626953125,5501.99794921875,5339.195727539062
2020-11-27,5459.032602045811,5467.4570350736585,5374.788271767326,5379.00048828125,87361500,5459.033203125,5400.0625,5530.64111328125,5560.12646484375,5560.12646484375,5465.77275390625,5364.258349609375
2020-11-30,5379.001141027901,5391.637792103143,5168.390289773872,5227.361328125,393091500,5379.00048828125,5459.033203125,5400.0625,5530.64111328125,5560.12646484375,5399.2197265625,5380.475415039063
2020-12-01,5239.998179730258,5421.123518740227,5239.998179730258,5387.42578125,114563500,5227.361328125,5379.00048828125,5459.033203125,5400.0625,5530.64111328125,5370.57666015625,5401.747119140625
2020-12-02,5442.18468840843,5463.245774663881,5341.091474382268,5433.76025390625,93897500,5387.42578125,5227.361328125,5379.00048828125,5459.033203125,5400.0625,5377.3162109375,5428.284130859375
2020-12-03,5475.881816285314,5496.942900194104,5412.698564558945,5442.18408203125,98210000,5433.76025390625,5387.42578125,5227.361328125,5379.00048828125,5459.033203125,5373.94638671875,5441.341967773437
2020-12-04,5442.184911116002,5446.397128539466,5357.940562646714,5383.2138671875,64995500,5442.18408203125,5433.76025390625,5387.42578125,5227.361328125,5379.00048828125,5374.7890625,5445.132958984375
2020-12-07,5475.881115497988,5543.276575381039,5459.032250527224,5492.72998046875,96636000,5383.2138671875,5442.18408203125,5433.76025390625,5387.42578125,5227.361328125,5427.86279296875,5455.031567382813
2020-12-08,5492.731311392527,5492.731311392527,5412.699183389108,5467.4580078125,70561500,5492.72998046875,5383.2138671875,5442.18408203125,5433.76025390625,5387.42578125,5443.86923828125,5455.452807617187
2020-12-10,5568.519168102424,5576.96912131654,5526.269402031844,5555.84423828125,151420500,5467.4580078125,5492.72998046875,5383.2138671875,5442.18408203125,5433.76025390625,5468.28603515625,5457.766015625
2020-12-11,5576.969089295658,5729.068246276448,5572.744112712858,5691.04345703125,214160000,5555.84423828125,5467.4580078125,5492.72998046875,5383.2138671875,5442.18408203125,5518.05791015625,5471.893896484375
2020-12-14,5745.96825742302,5771.31811738224,5741.74328076315,5762.8681640625,179785500,5691.04345703125,5555.84423828125,5467.4580078125,5492.72998046875,5383.2138671875,5593.98876953125,5490.876611328125
2020-12-15,5771.317878284932,5830.467549072625,5581.193936467346,5737.51806640625,164024500,5762.8681640625,5691.04345703125,5555.84423828125,5467.4580078125,5492.72998046875,5642.94638671875,5504.800854492188
2020-12-16,5796.667708801709,5872.71728515625,5779.767802945144,5872.71728515625,138674000,5737.51806640625,5762.8681640625,5691.04345703125,5555.84423828125,5467.4580078125,5723.9982421875,5522.5365234375
2020-12-17,5885.392339793056,5914.967175671413,5762.868019725576,5860.04248046875,91920000,5872.71728515625,5737.51806640625,5762.8681640625,5691.04345703125,5555.84423828125,5784.837890625,5538.79599609375
2020-12-18,5860.042631620519,5860.042631620519,5707.943471751493,5745.96826171875,147238500,5860.04248046875,5872.71728515625,5737.51806640625,5762.8681640625,5691.04345703125,5795.8228515625,5547.456274414062
2020-12-21,5822.0175888486,5822.0175888486,5745.968012216325,5771.31787109375,93692500,5745.96826171875,5860.04248046875,5872.71728515625,5737.51806640625,5762.8681640625,5797.51279296875,5558.015844726562
2020-12-22,5695.268437616343,5762.868062988645,5669.918578101731,5674.1435546875,61790500,5771.31787109375,5745.96826171875,5860.04248046875,5872.71728515625,5737.51806640625,5784.837890625,5563.71669921875
2020-12-23,5834.692412218285,5834.692412218285,5593.868757260688,5682.59326171875,76948000,5674.1435546875,5771.31787109375,5745.96826171875,5860.04248046875,5872.71728515625,5746.8130859375,5571.314306640625
2020-12-28,5737.518312707412,5762.868172704646,5627.668919386062,5729.068359375,60234000,5682.59326171875,5674.1435546875,5771.31787109375,5745.96826171875,5860.04248046875,5720.61826171875,5587.764599609375
2020-12-29,5724.843508205146,5754.418345516907,5695.268670893385,5716.3935546875,34212500,5729.068359375,5682.59326171875,5674.1435546875,5771.31787109375,5745.96826171875,5714.7033203125,5600.6326171875
2020-12-30,5745.967042097489,5745.967042097489,5661.467526772526,5720.6171875,52675500,5716.3935546875,5729.068359375,5682.59326171875,5674.1435546875,5771.31787109375,5704.56318359375,5617.713452148438
2021-01-04,5745.969104334309,5792.443854442895,5678.3694678127285,5775.5439453125,47937000,5720.6171875,5716.3935546875,5729.068359375,5682.59326171875,5674.1435546875,5724.84326171875,5645.122583007813
2021-01-05,5796.6676850096965,5991.0166015625,5788.217732116097,5991.0166015625,104831000,5775.5439453125,5720.6171875,5716.3935546875,5729.068359375,5682.59326171875,5786.5279296875,5675.3021240234375
2021-01-06,5957.216691414687,5978.341573299136,5813.567494600432,5868.4921875,89753500,5991.0166015625,5775.5439453125,5720.6171875,5716.3935546875,5729.068359375,5814.4126953125,5697.038720703125
2021-01-07,5914.96692446608,5957.2166882122665,5838.917349722945,5885.39208984375,71360000,5868.4921875,5991.0166015625,5775.5439453125,5720.6171875,5716.3935546875,5848.21240234375,5719.19912109375
2021-01-08,5944.541867519947,5982.566655585107,5893.842150099735,5957.216796875,75033500,5885.39208984375,5868.4921875,5991.0166015625,5775.5439453125,5720.6171875,5895.53232421875,5747.899267578125
2021-01-11,6041.716632674225,6219.165652654867,6037.491656008019,6206.49072265625,169034500,5957.216796875,5885.39208984375,5868.4921875,5991.0166015625,5775.5439453125,5981.7216796875,5783.5873046875
2021-01-12,6206.490638434554,6236.065474696666,6050.16650390625,6050.16650390625,95235000,6206.49072265625,5957.216796875,5885.39208984375,5868.4921875,5991.0166015625,5993.55166015625,5812.722729492188
2021-01-13,6121.990617730645,6147.340475360999,5974.116448220243,6016.3662109375,76581500,6050.16650390625,6206.49072265625,5957.216796875,5885.39208984375,5868.4921875,6023.12646484375,5835.748828125
2021-01-14,5957.217047275641,5991.016860309829,5910.742304353632,5931.8671875,89319500,6016.3662109375,6050.16650390625,6206.49072265625,5957.216796875,5885.39208984375,6032.421484375,5847.790014648437
2021-01-15,5995.241726247978,5999.466702799245,5779.767922133357,5876.9423828125,89853500,5931.8671875,6016.3662109375,6050.16650390625,6206.49072265625,5957.216796875,6016.3666015625,5853.493725585938
2021-01-18,5876.941993970549,6020.5911872092265,5783.992515992582,6016.3662109375,86343000,5876.9423828125,5931.8671875,6016.3662109375,6050.16650390625,6206.49072265625,5978.34169921875,5867.4361328125
2021-01-19,6016.366581879845,6016.366581879845,5919.192121638808,5995.24169921875,73777000,6016.3662109375,5876.9423828125,5931.8671875,6016.3662109375,6050.16650390625,5967.35673828125,5873.562353515625
2021-01-20,6054.391370669816,6164.240760507511,5974.116816557656,5995.24169921875,107216000,5995.24169921875,6016.3662109375,5876.9423828125,5931.8671875,6016.3662109375,5963.1318359375,5880.322314453125
2021-01-21,6151.565332376325,6168.465237135601,5965.666380024293,5978.34130859375,66428000,5995.24169921875,5995.24169921875,6016.3662109375,5876.9423828125,5931.8671875,5972.42666015625,5891.940966796875
2021-01-22,5978.341917910818,6050.166520458157,5978.341917910818,5982.56689453125,80829000,5978.34130859375,5995.24169921875,5995.24169921875,6016.3662109375,5876.9423828125,5993.5515625,5902.50341796875
2021-01-25,6083.966218017057,6083.966218017057,5914.967156405472,5944.5419921875,76836500,5982.56689453125,5978.34130859375,5995.24169921875,5995.24169921875,6016.3662109375,5979.18671875,5916.02333984375
2021-01-26,5876.942533878986,5914.967323817815,5762.8681640625,5762.8681640625,98658000,5944.5419921875,5982.56689453125,5978.34130859375,5995.24169921875,5995.24169921875,5932.71201171875,5920.037084960937
2021-01-27,5762.867925315261,5855.817407981636,5665.693466164051,5737.51806640625,97920000,5762.8681640625,5944.5419921875,5982.56689453125,5978.34130859375,5995.24169921875,5881.16728515625,5920.4595703125
2021-01-28,5737.518287194293,5851.592656674592,5737.518287194293,5830.4677734375,104627000,5737.51806640625,5762.8681640625,5944.5419921875,5982.56689453125,5978.34130859375,5851.592578125,5926.16328125
2021-01-29,5830.467803774501,5914.967337162537,5712.16845703125,5712.16845703125,132762500,5830.4677734375,5737.51806640625,5762.8681640625,5944.5419921875,5982.56689453125,5797.512890625,5925.7408447265625
2021-02-01,5712.168444144061,5847.367697259897,5572.744214368356,5762.8681640625,113129000,5712.16845703125,5830.4677734375,5737.51806640625,5762.8681640625,5944.5419921875,5761.178125,5925.107055664063
2021-02-02,5885.39249159869,5898.067421587775,5745.96826171875,5745.96826171875,86741000,5762.8681640625,5712.16845703125,5830.4677734375,5737.51806640625,5762.8681640625,5757.79814453125,5912.854638671875
2021-02-03,5914.966446314103,5914.966446314103,5767.09228515625,5767.09228515625,67291000,5745.96826171875,5762.8681640625,5712.16845703125,5830.4677734375,5737.51806640625,5763.71298828125,5907.784643554687
2021-02-04,5847.367073532094,5914.966692879286,5775.542477975702,5792.4423828125,80950500,5767.09228515625,5745.96826171875,5762.8681640625,5712.16845703125,5830.4677734375,5756.10791015625,5903.137158203125
2021-02-05,5805.116818905911,5872.7164325176245,5792.441891353715,5843.1416015625,51602000,5792.4423828125,5767.09228515625,5745.96826171875,5762.8681640625,5712.16845703125,5782.3025390625,5897.4333984375
2021-02-08,5957.21756598853,5961.442542985685,5813.56834808526,5847.3681640625,45604000,5843.1416015625,5792.4423828125,5767.09228515625,5745.96826171875,5762.8681640625,5799.2025390625,5879.477270507812
2021-02-09,5914.968268714183,5940.318132722959,5876.943472701021,5898.068359375,75574000,5847.3681640625,5843.1416015625,5792.4423828125,5767.09228515625,5745.96826171875,5829.62255859375,5871.87236328125
2021-02-10,5957.21756598853,5957.21756598853,5830.46825607388,5847.3681640625,44984500,5898.068359375,5847.3681640625,5843.1416015625,5792.4423828125,5767.09228515625,5845.677734375,5863.4224609375
2021-02-11,5902.2923807543375,5902.2923807543375,5779.768057889716,5813.56787109375,36926000,5847.3681640625,5898.068359375,5847.3681640625,5843.1416015625,5792.4423828125,5849.90283203125,5857.507495117187
2021-02-15,5771.318121696921,5822.017841653263,5678.368635110293,5745.96826171875,83922000,5813.56787109375,5847.3681640625,5898.068359375,5847.3681640625,5843.1416015625,5830.4681640625,5850.9587890625
2021-02-16,5813.567374369596,5868.492066133263,5771.317611474468,5864.26708984375,47221000,5745.96826171875,5813.56787109375,5847.3681640625,5898.068359375,5847.3681640625,5833.84794921875,5843.353833007813
2021-02-17,5822.017820142663,5881.167493206522,5788.218006963315,5830.4677734375,66011500,5864.26708984375,5745.96826171875,5813.56787109375,5847.3681640625,5898.068359375,5820.32783203125,5835.11513671875
2021-02-18,5788.217918435645,5830.467684263642,5691.04345703125,5691.04345703125,91204000,5830.4677734375,5864.26708984375,5745.96826171875,5813.56787109375,5847.3681640625,5789.062890625,5819.905224609375
2021-02-19,5729.067500858517,5788.217165321657,5712.16759672619,5767.09228515625,70487500,5691.04345703125,5830.4677734375,5864.26708984375,5745.96826171875,5813.56787109375,5779.7677734375,5809.3427734375
2021-02-22,5830.467549072625,5864.267360951307,5737.51806640625,5737.51806640625,68913000,5767.09228515625,5691.04345703125,5830.4677734375,5864.26708984375,5745.96826171875,5778.077734375,5797.09033203125
2021-02-23,5762.8673091231685,5783.992189288576,5724.842524825435,5767.09228515625,58360000,5737.51806640625,5767.09228515625,5691.04345703125,5830.4677734375,5864.26708984375,5758.6427734375,5788.217846679688
2021-02-24,5767.092789774048,5775.542742579577,5682.59326171875,5682.59326171875,71869000,5767.09228515625,5737.51806640625,5767.09228515625,5691.04345703125,5830.4677734375,5729.06787109375,5784.2041015625
2021-02-25,5695.2681942114095,5720.618052642617,5644.568477348993,5665.693359375,78688000,5682.59326171875,5767.09228515625,5737.51806640625,5767.09228515625,5691.04345703125,5723.9978515625,5780.612866210938
2021-02-26,5665.693968453102,5754.418482500466,5614.9942461403225,5669.9189453125,173631500,5665.693359375,5682.59326171875,5767.09228515625,5737.51806640625,5767.09228515625,5704.56318359375,5772.585424804687
2021-03-01,5771.318188875089,5952.9921875,5745.968328601845,5952.9921875,205539000,5669.9189453125,5665.693359375,5682.59326171875,5767.09228515625,5737.51806640625,5747.6580078125,5784.626611328125
2021-03-02,6016.367092836778,6050.166907965075,5914.967647451888,5927.642578125,81446500,5952.9921875,5669.9189453125,5665.693359375,5682.59326171875,5767.09228515625,5779.76806640625,5792.86533203125
2021-03-03,5969.891488560268,5986.791393694197,5914.966796875,5914.966796875,84470000,5927.642578125,5952.9921875,5669.9189453125,5665.693359375,5682.59326171875,5826.2427734375,5801.315258789063
2021-03-04,5834.693291073753,5914.967854817708,5678.369140625,5678.369140625,120802500,5914.966796875,5927.642578125,5952.9921875,5669.9189453125,5665.693359375,5828.7779296875,5796.8791015625
2021-03-05,5678.368635110293,5851.592678294462,5678.368635110293,5745.96826171875,111871500,5678.369140625,5914.966796875,5927.642578125,5952.9921875,5669.9189453125,5843.98779296875,5794.555395507812
2021-03-08,5872.718084426153,5872.718084426153,5678.369140625,5678.369140625,90883000,5745.96826171875,5678.369140625,5914.966796875,5927.642578125,5952.9921875,5789.06318359375,5786.3167724609375
2021-03-09,5661.4679042865255,5674.14283243045,5576.968383327025,5581.193359375,135582000,5678.369140625,5745.96826171875,5678.369140625,5914.966796875,5927.642578125,5719.77333984375,5773.008032226562
2021-03-10,5678.368288590604,5678.368288590604,5593.868760486577,5665.693359375,50302000,5581.193359375,5678.369140625,5745.96826171875,5678.369140625,5914.966796875,5669.91865234375,5761.3892822265625
2021-03-12,5809.343043381606,5813.568020140428,5674.14378709927,5716.3935546875,74328000,5665.693359375,5581.193359375,5678.369140625,5745.96826171875,5678.369140625,5677.52353515625,5754.840551757812
2021-03-15,5758.642846991045,5762.867823401163,5631.8935546875,5631.8935546875,57416000,5716.3935546875,5665.693359375,5581.193359375,5678.369140625,5745.96826171875,5654.70859375,5745.7568359375
2021-03-16,5669.918349056604,5669.918349056604,5593.868773584906,5598.09375,70755500,5631.8935546875,5716.3935546875,5665.693359375,5581.193359375,5678.369140625,5638.653515625,5738.363110351563
2021-03-17,5619.218757387008,5631.893686914948,5581.193968803186,5585.4189453125,71474500,5598.09375,5631.8935546875,5716.3935546875,5665.693359375,5581.193359375,5639.4986328125,5724.420703125
2021-03-18,5593.868760486577,5678.368288590604,5585.418807676175,5665.693359375,70067500,5585.4189453125,5598.09375,5631.8935546875,5716.3935546875,5665.693359375,5639.4986328125,5716.181982421875
2021-03-19,5720.618410370053,5720.618410370053,5598.094086957401,5712.16845703125,125853000,5665.693359375,5585.4189453125,5598.09375,5631.8935546875,5716.3935546875,5638.65361328125,5717.238232421875
2021-03-22,5610.769047394259,5644.568860932779,5585.41918724037,5593.869140625,67523500,5712.16845703125,5665.693359375,5585.4189453125,5598.09375,5631.8935546875,5631.04873046875,5708.577075195312
2021-03-23,5678.368811881188,5678.368811881188,5538.944577660891,5547.39453125,127762500,5593.869140625,5712.16845703125,5665.693359375,5585.4189453125,5598.09375,5620.90888671875,5699.0708984375
2021-03-24,5505.144176412073,5534.719010821041,5424.869625873447,5441.76953125,152050000,5547.39453125,5593.869140625,5712.16845703125,5665.693359375,5585.4189453125,5592.17900390625,5682.804760742188
2021-03-25,5407.969976452119,5441.769788804945,5348.820304834674,5382.6201171875,119101500,5441.76953125,5547.39453125,5593.869140625,5712.16845703125,5665.693359375,5535.56435546875,5667.806103515625
2021-03-26,5382.619744982463,5445.994388761691,5323.470077455183,5420.64453125,134467500,5382.6201171875,5441.76953125,5547.39453125,5593.869140625,5712.16845703125,5477.2595703125,5655.553662109375
2021-03-29,5416.420177531692,5505.1446890201205,5374.17041015625,5374.17041015625,113370500,5420.64453125,5382.6201171875,5441.76953125,5547.39453125,5593.869140625,5433.31982421875,5640.7662353515625
2021-03-30,5382.619747636093,5454.444343954628,5382.619747636093,5403.74462890625,83115500,5374.17041015625,5420.64453125,5382.6201171875,5441.76953125,5547.39453125,5404.58984375,5613.303857421875
2021-03-31,5399.520179410951,5403.745156077157,5192.4963227668695,5251.64599609375,223390500,5403.74462890625,5374.17041015625,5420.64453125,5382.6201171875,5441.76953125,5366.56513671875,5579.5040283203125
2021-04-01,5251.646237685115,5298.120983151355,5200.946515358308,5260.09619140625,112286000,5251.64599609375,5403.74462890625,5374.17041015625,5420.64453125,5382.6201171875,5342.0603515625,5546.760498046875
2021-04-05,5281.220350102813,5315.020160343471,5200.94580078125,5200.94580078125,73311500,5260.09619140625,5251.64599609375,5403.74462890625,5374.17041015625,5420.64453125,5298.12060546875,5522.889331054687
2021-04-06,5184.04613723198,5213.620972570711,5137.571395985401,5209.39599609375,80215000,5200.94580078125,5260.09619140625,5251.64599609375,5403.74462890625,5374.17041015625,5265.16572265625,5496.060717773437
2021-04-07,5200.946148437501,5302.3455859375,5184.0462421875,5281.220703125,107908000,5209.39599609375,5200.94580078125,5260.09619140625,5251.64599609375,5403.74462890625,5240.6609375,5476.203295898437
2021-04-08,5312.410445955583,5325.263051873218,5248.14741636741,5256.7158203125,123697500,5281.220703125,5209.39599609375,5200.94580078125,5260.09619140625,5251.64599609375,5241.67490234375,5459.979418945312
2021-04-09,5410.946298906881,5415.230500252016,5265.283453172253,5312.40966796875,116961000,5256.7158203125,5281.220703125,5209.39599609375,5200.94580078125,5260.09619140625,5252.13759765625,5442.315234375
2021-04-12,5393.809086861733,5393.809086861733,5192.451638821621,5196.73583984375,110411500,5312.40966796875,5256.7158203125,5281.220703125,5209.39599609375,5200.94580078125,5251.29560546875,5416.332348632813
2021-04-13,5183.884008789062,5192.452412109375,5123.905185546875,5141.0419921875,119211500,5196.73583984375,5312.40966796875,5256.7158203125,5281.220703125,5209.39599609375,5237.6248046875,5391.789770507812
2021-04-14,5231.009874820331,5402.3779296875,5192.452062475218,5402.3779296875,135519500,5141.0419921875,5196.73583984375,5312.40966796875,5256.7158203125,5281.220703125,5261.85625,5382.003979492188
2021-04-15,5402.378038540008,5406.66223999801,5295.273002089968,5380.95703125,102686500,5402.3779296875,5141.0419921875,5196.73583984375,5312.40966796875,5256.7158203125,5286.7044921875,5371.780883789063
2021-04-16,5458.073175267679,5458.073175267679,5325.262917470742,5376.67333984375,79293500,5380.95703125,5402.3779296875,5141.0419921875,5196.73583984375,5312.40966796875,5299.5572265625,5357.3298828125
2021-04-19,5376.672873367723,5380.957074860447,5338.115059933213,5372.388671875,47095000,5376.67333984375,5380.95703125,5402.3779296875,5141.0419921875,5196.73583984375,5334.68779296875,5340.340893554688
2021-04-20,5312.410002756616,5355.252018907879,5299.557397911237,5342.3994140625,72721000,5372.388671875,5376.67333984375,5380.95703125,5402.3779296875,5141.0419921875,5374.95927734375,5327.767407226563
2021-04-21,5312.410311486213,5333.831320806721,5282.4208984375,5282.4208984375,68397000,5342.3994140625,5372.388671875,5376.67333984375,5380.95703125,5402.3779296875,5350.96787109375,5314.518725585937
2021-04-22,5312.409603152655,5376.672622545631,5295.272797981194,5325.26220703125,63758000,5282.4208984375,5342.3994140625,5372.388671875,5376.67333984375,5380.95703125,5339.82890625,5308.693359375
2021-04-23,5380.9570404196,5479.493674121552,5333.830824301276,5475.20947265625,108498500,5325.26220703125,5282.4208984375,5342.3994140625,5372.388671875,5376.67333984375,5359.5361328125,5313.322827148438
2021-04-26,5479.493642632508,5483.77784407319,5380.957009496818,5385.2412109375,108742000,5475.20947265625,5325.26220703125,5282.4208984375,5342.3994140625,5372.388671875,5362.106640625,5311.552661132812
2021-04-27,5458.072601818648,5513.767220204552,5445.219997575747,5488.06201171875,132650000,5385.2412109375,5475.20947265625,5325.26220703125,5282.4208984375,5342.3994140625,5391.23916015625,5317.247241210937
2021-04-28,5483.777195411392,5488.061396345308,5410.945779534835,5415.22998046875,87660000,5488.06201171875,5385.2412109375,5475.20947265625,5325.26220703125,5282.4208984375,5417.8009765625,5317.821508789062
2021-04-29,5535.188697469774,5535.188697469774,5449.504661905226,5492.3466796875,57355000,5415.22998046875,5488.06201171875,5385.2412109375,5475.20947265625,5325.26220703125,5451.21787109375,5329.85654296875
2021-04-30,5526.6198244474535,5526.6198244474535,5466.641004647248,5488.06201171875,65829500,5492.3466796875,5415.22998046875,5488.06201171875,5385.2412109375,5475.20947265625,5453.78837890625,5341.254833984375
2021-05-03,5552.32509903169,5552.32509903169,5436.65165946853,5475.20947265625,42065500,5488.06201171875,5492.3466796875,5415.22998046875,5488.06201171875,5385.2412109375,5471.78203125,5354.968017578125
2021-05-04,5440.9348487854,5509.48205947876,5432.3664474487305,5483.77685546875,50123500,5475.20947265625,5488.06201171875,5492.3466796875,5415.22998046875,5488.06201171875,5470.925,5368.687060546875
2021-05-05,5500.914041220817,5509.482443154183,5483.777237354086,5505.1982421875,51685000,5483.77685546875,5475.20947265625,5488.06201171875,5492.3466796875,5415.22998046875,5488.91865234375,5379.8859375
2021-05-06,5483.777237354086,5526.619247020914,5483.777237354086,5505.1982421875,38115500,5505.1982421875,5483.77685546875,5475.20947265625,5488.06201171875,5492.3466796875,5491.48896484375,5392.31005859375
2021-05-07,5535.1872634887695,5535.1872634887695,5470.924253463745,5483.77685546875,48864000,5505.1982421875,5505.1982421875,5483.77685546875,5475.20947265625,5488.06201171875,5490.63193359375,5400.87841796875
2021-05-10,5483.778232087228,5500.9150390625,5479.494030343409,5500.9150390625,68180500,5483.77685546875,5505.1982421875,5505.1982421875,5483.77685546875,5475.20947265625,5495.773046875,5416.087377929687
2021-05-11,5483.7779706790125,5552.3251953125,5402.378141426746,5552.3251953125,70680000,5500.9150390625,5483.77685546875,5505.1982421875,5505.1982421875,5483.77685546875,5509.48271484375,5436.651538085937
2021-05-17,5569.4619140625,5569.4619140625,5462.3568772536055,5569.4619140625,129058500,5552.3251953125,5500.9150390625,5483.77685546875,5505.1982421875,5505.1982421875,5522.33544921875,5445.005737304688
2021-05-18,5483.777875586854,5530.904091705179,5453.788465329739,5475.20947265625,73563000,5569.4619140625,5552.3251953125,5500.9150390625,5483.77685546875,5505.1982421875,5516.3376953125,5449.718359375
2021-05-19,5466.6407758323485,5483.777580772262,5428.082964717543,5436.6513671875,64912500,5475.20947265625,5569.4619140625,5552.3251953125,5500.9150390625,5483.77685546875,5506.91259765625,5452.717260742187
2021-05-20,5475.209516280123,5513.767329775053,5440.93590428463,5466.64111328125,64950000,5436.6513671875,5475.20947265625,5569.4619140625,5552.3251953125,5500.9150390625,5500.0578125,5457.4298828125
2021-05-21,5526.620022755749,5526.620022755749,5363.820363170696,5449.50439453125,92620000,5466.64111328125,5436.6513671875,5475.20947265625,5569.4619140625,5552.3251953125,5479.49365234375,5462.785131835937
2021-05-24,5445.219365658967,5466.640370244565,5389.524753736413,5419.51416015625,59210000,5449.50439453125,5466.64111328125,5436.6513671875,5475.20947265625,5569.4619140625,5449.5041015625,5469.639794921875
2021-05-25,5398.093513350708,5518.051146980723,5398.093513350708,5445.2197265625,87470000,5419.51416015625,5449.50439453125,5466.64111328125,5436.6513671875,5475.20947265625,5443.50615234375,5475.637670898437
2021-05-27,5518.051522627591,5552.325134569378,5372.388671875,5372.388671875,537971500,5445.2197265625,5419.51416015625,5449.50439453125,5466.64111328125,5436.6513671875,5430.65361328125,5470.496630859375
2021-05-28,5423.799272507147,5458.072885603559,5423.799272507147,5432.36767578125,102108500,5372.388671875,5445.2197265625,5419.51416015625,5449.50439453125,5466.64111328125,5423.79892578125,5472.852954101562
2021-05-31,5449.5038419117645,5475.209048713236,5419.514433976716,5462.3564453125,101442000,5432.36767578125,5372.388671875,5445.2197265625,5419.51416015625,5449.50439453125,5426.3693359375,5471.56767578125
2021-06-02,5569.460594607985,5582.313195980158,5500.913387289733,5539.47119140625,141732500,5462.3564453125,5432.36767578125,5372.388671875,5445.2197265625,5419.51416015625,5450.3607421875,5477.779736328125
2021-06-03,5565.176803311435,5655.14501953125,5509.482193270596,5655.14501953125,133810500,5539.47119140625,5462.3564453125,5432.36767578125,5372.388671875,5445.2197265625,5492.34580078125,5485.919653320312
2021-06-04,5672.282889971979,5672.282889971979,5569.46205208729,5638.00927734375,62108500,5655.14501953125,5539.47119140625,5462.3564453125,5432.36767578125,5372.388671875,5545.469921875,5493.417016601563
2021-06-07,5620.872200421133,5629.440603165677,5509.482964742056,5595.1669921875,62576000,5638.00927734375,5655.14501953125,5539.47119140625,5462.3564453125,5432.36767578125,5578.02978515625,5499.414892578125
2021-06-08,5633.725248013462,5633.725248013462,5509.4833984375,5509.4833984375,64348000,5595.1669921875,5638.00927734375,5655.14501953125,5539.47119140625,5462.3564453125,5587.45517578125,5500.700219726563
2021-06-09,5449.504145530244,5599.451193559772,5449.504145530244,5595.1669921875,77198000,5509.4833984375,5595.1669921875,5638.00927734375,5655.14501953125,5539.47119140625,5598.5943359375,5505.198657226562
2021-06-10,5616.588096042414,5672.28271484375,5560.893477241078,5672.28271484375,73262500,5595.1669921875,5509.4833984375,5595.1669921875,5638.00927734375,5655.14501953125,5602.021875,5513.552880859375
2021-06-11,5629.4403715767485,5638.008773968798,5535.1879452642,5543.75634765625,72780500,5672.28271484375,5595.1669921875,5509.4833984375,5595.1669921875,5638.00927734375,5583.1712890625,5516.55185546875
2021-06-14,5586.599118808502,5586.599118808502,5483.778276131045,5492.3466796875,61478500,5543.75634765625,5672.28271484375,5595.1669921875,5509.4833984375,5595.1669921875,5562.6072265625,5516.1234375
2021-06-15,5522.335341676126,5543.75634765625,5488.061732107926,5543.75634765625,87799000,5492.3466796875,5543.75634765625,5672.28271484375,5595.1669921875,5509.4833984375,5569.46181640625,5515.694995117187
2021-06-16,5500.914703345243,5513.767307792311,5449.504285556969,5470.92529296875,48984000,5543.75634765625,5492.3466796875,5543.75634765625,5672.28271484375,5595.1669921875,5544.6134765625,5510.7681640625
2021-06-17,5475.209243557464,5475.209243557464,5376.672613978574,5423.798828125,68448500,5470.92529296875,5543.75634765625,5492.3466796875,5543.75634765625,5672.28271484375,5494.91669921875,5508.1976318359375
2021-06-18,5398.093155570652,5436.650963824728,5380.956351902174,5419.51416015625,118043000,5423.798828125,5470.92529296875,5543.75634765625,5492.3466796875,5543.75634765625,5470.06826171875,5507.340771484375
2021-06-21,5398.0934765625,5398.0934765625,5320.97785546875,5355.25146484375,60823500,5419.51416015625,5423.798828125,5470.92529296875,5543.75634765625,5492.3466796875,5442.64921875,5501.7712890625
2021-06-22,5355.252046314324,5475.209692151765,5346.683643040221,5432.36767578125,65824000,5355.25146484375,5419.51416015625,5423.798828125,5470.92529296875,5543.75634765625,5420.371484375,5500.914453125
2021-06-23,5393.8098556004215,5432.367670294943,5338.115234375,5338.115234375,52451000,5432.36767578125,5355.25146484375,5419.51416015625,5423.798828125,5470.92529296875,5393.80947265625,5496.844506835938
2021-06-24,5406.662053548964,5406.662053548964,5312.409624723229,5320.97802734375,56010000,5338.115234375,5432.36767578125,5355.25146484375,5419.51416015625,5423.798828125,5373.2453125,5490.632421875
2021-06-25,5338.115411071284,5363.820621718497,5303.841796875,5303.841796875,68939500,5320.97802734375,5338.115234375,5432.36767578125,5355.25146484375,5419.51416015625,5350.11083984375,5487.205078125
2021-06-28,5226.725781895128,5269.567796500825,5188.16796875,5188.16796875,84420500,5303.841796875,5320.97802734375,5338.115234375,5432.36767578125,5355.25146484375,5316.694140625,5474.995092773437
2021-06-29,5183.882833501344,5218.156439012097,5175.314432123656,5179.5986328125,53704000,5188.16796875,5303.841796875,5320.97802734375,5338.115234375,5432.36767578125,5266.14033203125,5460.857202148438
2021-06-30,5141.04236903527,5201.021196674014,5141.04236903527,5162.46337890625,65795000,5179.5986328125,5188.16796875,5303.841796875,5320.97802734375,5338.115234375,5231.0099609375,5442.006811523437
2021-07-01,5192.452792725622,5205.30539864821,5141.04236903527,5162.46337890625,58153000,5162.46337890625,5179.5986328125,5188.16796875,5303.841796875,5320.97802734375,5199.30703125,5417.372729492187
2021-07-02,5201.020378137808,5260.99919633709,5175.3151703381145,5226.7255859375,67392500,5162.46337890625,5162.46337890625,5179.5986328125,5188.16796875,5303.841796875,5183.8837890625,5396.808544921875
2021-07-05,5226.725542783347,5252.430750370806,5201.020335195888,5235.2939453125,39710500,5226.7255859375,5162.46337890625,5162.46337890625,5179.5986328125,5188.16796875,5193.308984375,5378.814892578125
2021-07-06,5235.294184816267,5235.294184816267,5188.16796875,5188.16796875,34279500,5235.2939453125,5226.7255859375,5162.46337890625,5162.46337890625,5179.5986328125,5195.0228515625,5362.74912109375
2021-07-07,5295.272463352741,5295.272463352741,5166.74643268884,5196.73583984375,35595000,5188.16796875,5235.2939453125,5226.7255859375,5162.46337890625,5162.46337890625,5201.87734375,5342.827563476562
2021-07-08,5141.041926433915,5175.3155392768085,5123.905120012469,5153.89453125,47297000,5196.73583984375,5188.16796875,5235.2939453125,5226.7255859375,5162.46337890625,5200.16357421875,5316.908154296875
2021-07-09,5149.610307763185,5158.1787109375,5132.473501414555,5158.1787109375,40707500,5153.89453125,5196.73583984375,5188.16796875,5235.2939453125,5226.7255859375,5186.45419921875,5297.6292724609375
2021-07-12,5201.020560834937,5295.272992744631,5158.1785463305305,5286.70458984375,65981500,5158.1787109375,5153.89453125,5196.73583984375,5188.16796875,5235.2939453125,5196.736328125,5287.34716796875
2021-07-13,5286.703650033602,5290.987850722446,5153.893428679436,5179.5986328125,65946500,5286.70458984375,5158.1787109375,5153.89453125,5196.73583984375,5188.16796875,5195.0224609375,5269.1392822265625
2021-07-14,5158.178352266799,5166.746754845315,5123.904741952734,5132.47314453125,59321000,5179.5986328125,5286.70458984375,5158.1787109375,5153.89453125,5196.73583984375,5182.169921875,5252.216674804688
2021-07-15,5141.0410172219945,5239.57763671875,5136.75681637431,5239.57763671875,49724000,5132.47314453125,5179.5986328125,5286.70458984375,5158.1787109375,5153.89453125,5199.30654296875,5243.005615234375
2021-07-16,5286.704360487418,5286.704360487418,5188.167731402158,5235.2939453125,47998500,5239.57763671875,5132.47314453125,5179.5986328125,5286.70458984375,5158.1787109375,5214.72958984375,5233.794604492187
2021-07-19,5235.294903173137,5235.294903173137,5145.32666015625,5145.32666015625,47119000,5235.2939453125,5239.57763671875,5132.47314453125,5179.5986328125,5286.70458984375,5186.45400390625,5223.298364257813
2021-07-21,5183.883473020227,5243.862290063436,5149.60986328125,5149.60986328125,55009500,5145.32666015625,5235.2939453125,5239.57763671875,5132.47314453125,5179.5986328125,5180.45625,5209.160473632813
2021-07-22,5239.57795364541,5273.8515625,5183.883339256702,5273.8515625,60792000,5149.60986328125,5145.32666015625,5235.2939453125,5239.57763671875,5132.47314453125,5208.73193359375,5205.947290039063
2021-07-23,5295.272594436102,5303.840996692471,5162.462359462381,5171.03076171875,79938000,5273.8515625,5149.60986328125,5145.32666015625,5235.2939453125,5239.57763671875,5195.02255859375,5198.449926757812
2021-07-26,5175.316074495212,5192.452882688905,5145.32666015625,5145.32666015625,48171500,5171.03076171875,5273.8515625,5149.60986328125,5145.32666015625,5235.2939453125,5177.0291015625,5190.524169921875
2021-07-27,5145.32666015625,5192.452882688905,5141.042458107827,5145.32666015625,53107500,5145.32666015625,5171.03076171875,5273.8515625,5149.60986328125,5145.32666015625,5177.0291015625,5188.382104492188
2021-07-28,5145.325301460597,5149.609502377717,5115.335895040761,5123.904296875,74133000,5145.32666015625,5145.32666015625,5171.03076171875,5273.8515625,5149.60986328125,5171.88798828125,5185.597387695312
2021-07-29,5188.167544737557,5213.872751400171,5123.904528081022,5175.31494140625,84605000,5123.904296875,5145.32666015625,5145.32666015625,5171.03076171875,5273.8515625,5152.1806640625,5186.239965820312
2021-07-30,5175.315244844011,5226.725661183522,5106.768023057998,5115.33642578125,105685000,5175.31494140625,5123.904296875,5145.32666015625,5145.32666015625,5171.03076171875,5141.041796875,5183.883618164063
2021-08-02,5192.451597892198,5196.735798880558,5059.641367253041,5106.767578125,119981500,5115.33642578125,5175.31494140625,5123.904296875,5145.32666015625,5145.32666015625,5133.32998046875,5177.885717773437
2021-08-03,5162.4623757246745,5295.272611116761,5128.188766591233,5265.283203125,110071500,5106.767578125,5115.33642578125,5175.31494140625,5123.904296875,5145.32666015625,5157.3212890625,5179.385180664062
2021-08-04,5265.282330282374,5269.566530713848,5192.450922947304,5243.861328125,41112000,5265.283203125,5106.767578125,5115.33642578125,5175.31494140625,5123.904296875,5181.3126953125,5182.169848632812
2021-08-05,5286.704035683284,5406.661663721478,5260.998829675099,5398.09326171875,93768000,5243.861328125,5265.283203125,5106.767578125,5115.33642578125,5175.31494140625,5225.868359375,5192.237719726562
2021-08-06,5449.504289899553,5449.504289899553,5256.7152230399,5278.13623046875,67285000,5398.09326171875,5243.861328125,5265.283203125,5106.767578125,5115.33642578125,5258.4283203125,5198.4498046875
2021-08-09,5256.715050481981,5312.40966796875,5231.009842411165,5312.40966796875,52858500,5278.13623046875,5398.09326171875,5243.861328125,5265.283203125,5106.767578125,5299.55673828125,5206.161352539062
2021-08-10,5355.251251705109,5398.09326171875,5239.577824668279,5398.09326171875,60446000,5312.40966796875,5278.13623046875,5398.09326171875,5243.861328125,5265.283203125,5326.11875,5211.730786132813
2021-08-12,5243.862025669643,5415.230065724207,5243.862025669643,5398.09326171875,118325500,5398.09326171875,5312.40966796875,5278.13623046875,5398.09326171875,5243.861328125,5356.96513671875,5222.655517578125
2021-08-13,5440.936258348771,5513.767688578637,5419.515249457634,5492.3466796875,86929000,5398.09326171875,5398.09326171875,5312.40966796875,5278.13623046875,5398.09326171875,5375.8158203125,5240.649194335938
2021-08-16,5500.9150390625,5500.9150390625,5402.378398954683,5500.9150390625,69282000,5492.3466796875,5398.09326171875,5398.09326171875,5312.40966796875,5278.13623046875,5420.37158203125,5253.716064453125
2021-08-18,5586.597807173295,5792.23944424716,5535.18739790483,5655.14501953125,186354500,5500.9150390625,5492.3466796875,5398.09326171875,5398.09326171875,5312.40966796875,5488.91865234375,5274.708618164063
2021-08-19,5655.14501953125,5655.14501953125,5595.16620871804,5655.14501953125,100926000,5655.14501953125,5500.9150390625,5492.3466796875,5398.09326171875,5398.09326171875,5540.32900390625,5300.199536132813
2021-08-20,5655.14501953125,5655.14501953125,5578.029405628551,5655.14501953125,120163500,5655.14501953125,5655.14501953125,5500.9150390625,5492.3466796875,5398.09326171875,5591.73935546875,5325.476293945312
2021-08-23,5582.314130814919,5646.5771484375,5582.314130814919,5646.5771484375,68253000,5655.14501953125,5655.14501953125,5655.14501953125,5500.9150390625,5492.3466796875,5622.58544921875,5344.112573242188
2021-08-24,5629.439814897018,5655.14501953125,5569.461004083807,5655.14501953125,59561500,5646.5771484375,5655.14501953125,5655.14501953125,5655.14501953125,5500.9150390625,5653.4314453125,5368.318286132812
2021-08-25,5655.14501953125,5659.429220303622,5642.292417214134,5655.14501953125,80751500,5655.14501953125,5646.5771484375,5655.14501953125,5655.14501953125,5655.14501953125,5653.4314453125,5393.8092041015625
2021-08-26,5620.8720703125,5638.008875404917,5543.756447396628,5620.8720703125,74337000,5655.14501953125,5655.14501953125,5646.5771484375,5655.14501953125,5655.14501953125,5646.57685546875,5417.586474609375
2021-08-27,5560.893467681932,5595.167079193068,5560.893467681932,5578.0302734375,71572500,5620.8720703125,5655.14501953125,5655.14501953125,5646.5771484375,5655.14501953125,5631.15390625,5440.2927734375
2021-08-30,5595.167326881426,5638.009343166888,5586.598923624333,5625.15673828125,74564500,5578.0302734375,5620.8720703125,5655.14501953125,5655.14501953125,5646.5771484375,5626.86982421875,5462.78486328125
2021-08-31,5586.598503101145,5629.440516161737,5582.314301795086,5612.3037109375,115373500,5625.15673828125,5578.0302734375,5620.8720703125,5655.14501953125,5655.14501953125,5618.3015625,5487.633227539062
2021-09-01,5612.304133395611,5655.146149681073,5599.451528509972,5625.15673828125,67362500,5612.3037109375,5625.15673828125,5578.0302734375,5620.8720703125,5655.14501953125,5612.30390625,5513.552685546875
2021-09-02,5590.883234706494,5633.725251830681,5530.904410732631,5603.73583984375,53257000,5625.15673828125,5612.3037109375,5625.15673828125,5578.0302734375,5620.8720703125,5608.87666015625,5530.475317382812
2021-09-03,5620.871413352273,5655.14501953125,5582.313606400923,5655.14501953125,35764500,5603.73583984375,5625.15673828125,5612.3037109375,5625.15673828125,5578.0302734375,5624.299609375,5551.039501953125
2021-09-06,5655.145615494297,5659.429816718156,5612.303603255704,5633.724609375,36780000,5655.14501953125,5603.73583984375,5625.15673828125,5612.3037109375,5625.15673828125,5626.01318359375,5562.821069335938
2021-09-07,5650.8609457495,5659.429347486801,5629.43994140625,5629.43994140625,53902000,5633.724609375,5655.14501953125,5603.73583984375,5625.15673828125,5612.3037109375,5629.4404296875,5580.386254882813
2021-09-08,5612.303698048087,5650.861509714067,5500.914464346371,5518.05126953125,77888000,5629.43994140625,5633.724609375,5655.14501953125,5603.73583984375,5625.15673828125,5608.0193359375,5590.6683349609375
2021-09-09,5492.345513609446,5629.43994140625,5492.345513609446,5629.43994140625,110074000,5518.05126953125,5629.43994140625,5633.724609375,5655.14501953125,5603.73583984375,5613.16015625,5602.235668945313
2021-09-10,5565.177139375839,5625.155953810991,5565.177139375839,5586.59814453125,41483500,5629.43994140625,5518.05126953125,5629.43994140625,5633.724609375,5655.14501953125,5599.45078125,5611.660913085938
2021-09-13,5620.873069221968,5620.873069221968,5590.883654980692,5616.5888671875,29929000,5586.59814453125,5629.43994140625,5518.05126953125,5629.43994140625,5633.724609375,5596.0236328125,5617.873022460937
2021-09-14,5646.577834791588,5650.86203648718,5565.1780025753205,5608.02001953125,51990500,5616.5888671875,5586.59814453125,5629.43994140625,5518.05126953125,5629.43994140625,5591.7396484375,5623.228271484375
2021-09-15,5608.019749266263,5612.3039507553885,5556.609331396748,5565.177734375,44514000,5608.02001953125,5616.5888671875,5586.59814453125,5629.43994140625,5518.05126953125,5601.16494140625,5618.729907226562
2021-09-16,5638.009137620193,5638.009137620193,5552.325108173077,5569.4619140625,58672500,5565.177734375,5608.02001953125,5616.5888671875,5586.59814453125,5629.43994140625,5589.1693359375,5614.445751953125
2021-09-17,5560.892938344757,5599.450747624497,5552.324536282592,5586.59814453125,117540000,5569.4619140625,5565.177734375,5608.02001953125,5616.5888671875,5586.59814453125,5589.1693359375,5611.018408203125
2021-09-20,5629.4408523455295,5646.577658593157,5578.030433602648,5642.29345703125,73157500,5586.59814453125,5569.4619140625,5565.177734375,5608.02001953125,5616.5888671875,5594.31025390625,5610.804223632813
2021-09-21,5578.029870925222,5599.4508765739365,5543.756261887279,5560.89306640625,57115500,5642.29345703125,5586.59814453125,5569.4619140625,5565.177734375,5608.02001953125,5584.88486328125,5606.091625976563
2021-09-22,5569.462644808352,5638.009877359839,5569.462644808352,5616.5888671875,68722000,5560.89306640625,5642.29345703125,5586.59814453125,5569.4619140625,5565.177734375,5595.16708984375,5604.163818359375
2021-09-23,5616.5882694511065,5646.577680500807,5608.019866294049,5638.00927734375,60998500,5616.5888671875,5560.89306640625,5642.29345703125,5586.59814453125,5569.4619140625,5608.8765625,5605.020678710937
2021-09-24,5569.462030478834,5642.29345703125,5569.462030478834,5642.29345703125,60539500,5638.00927734375,5616.5888671875,5560.89306640625,5642.29345703125,5586.59814453125,5620.015625,5608.233837890625
2021-09-27,5642.293478922278,5650.861882079335,5616.5882694511065,5638.00927734375,55052500,5642.29345703125,5638.00927734375,5616.5888671875,5560.89306640625,5642.29345703125,5619.1587890625,5608.87646484375
2021-09-28,5603.73494865558,5620.871752779908,5569.461340406921,5586.59814453125,80186000,5638.00927734375,5642.29345703125,5638.00927734375,5616.5888671875,5560.89306640625,5624.2998046875,5607.5911865234375
2021-09-29,5586.598858401406,5638.00927734375,5582.314656822877,5638.00927734375,74079000,5586.59814453125,5638.00927734375,5642.29345703125,5638.00927734375,5616.5888671875,5628.58388671875,5608.233813476562
2021-09-30,5655.145731026785,5997.8818359375,5650.861529715401,5997.8818359375,156848000,5638.00927734375,5586.59814453125,5638.00927734375,5642.29345703125,5638.00927734375,5700.5583984375,5627.94111328125
2021-10-01,5912.197872365015,5912.197872365015,5749.3982208071375,5792.240234375,103954500,5997.8818359375,5638.00927734375,5586.59814453125,5638.00927734375,5642.29345703125,5730.54775390625,5634.795874023437
2021-10-04,5775.1035352684985,5963.6083984375,5775.1035352684985,5963.6083984375,74719000,5792.240234375,5997.8818359375,5638.00927734375,5586.59814453125,5638.00927734375,5795.667578125,5651.290063476563
2021-10-05,5920.765477355562,5950.7548828125,5877.923469559935,5950.7548828125,54986500,5963.6083984375,5792.240234375,5997.8818359375,5638.00927734375,5586.59814453125,5868.49892578125,5667.355810546875
2021-10-06,5980.745697956563,6152.11376953125,5972.177294377829,6152.11376953125,174312000,5950.7548828125,5963.6083984375,5792.240234375,5997.8818359375,5638.00927734375,5971.31982421875,5699.058935546875
2021-10-07,6147.828677726191,6147.828677726191,6066.428855512395,6134.97607421875,107263500,6152.11376953125,5950.7548828125,5963.6083984375,5792.240234375,5997.8818359375,5998.738671875,5724.3357421875
2021-10-08,6169.250096450617,6254.934125567987,6147.829089171275,6246.36572265625,94643500,6134.97607421875,6152.11376953125,5950.7548828125,5963.6083984375,5792.240234375,6089.56376953125,5757.32412109375
2021-10-11,6203.522885617677,6246.364894496252,6194.954483841962,6216.37548828125,47201000,6246.36572265625,6134.97607421875,6152.11376953125,5950.7548828125,5963.6083984375,6140.1171875,5787.313452148437
2021-10-12,6216.375699069331,6272.0703125,6207.8072970030735,6272.0703125,91067000,6216.37548828125,6246.36572265625,6134.97607421875,6152.11376953125,5950.7548828125,6204.3802734375,5820.515966796875
2021-10-13,6340.617628737541,7068.931815822259,6340.617628737541,6447.72265625,210893300,6272.0703125,6216.37548828125,6246.36572265625,6134.97607421875,6152.11376953125,6263.50205078125,5864.643212890625
2021-10-14,6511.986164314516,6769.038249747984,6511.986164314516,6640.51220703125,138811900,6447.72265625,6272.0703125,6216.37548828125,6246.36572265625,6134.97607421875,6364.60927734375,5918.195727539062
2021-10-15,6683.3536688112745,6747.616684857537,6383.459593928717,6554.82763671875,142378200,6640.51220703125,6447.72265625,6272.0703125,6216.37548828125,6246.36572265625,6426.30166015625,5966.607202148438
2021-10-18,6554.827683762458,6576.24868926495,6404.880645245016,6447.72265625,116644300,6554.82763671875,6640.51220703125,6447.72265625,6272.0703125,6216.37548828125,6472.57109375,6006.878662109375
2021-10-19,6404.880751953125,6447.722763671875,6297.77572265625,6426.3017578125,134601200,6447.72265625,6554.82763671875,6640.51220703125,6447.72265625,6272.0703125,6503.4173828125,6050.149096679687
2021-10-21,6426.302688186233,6469.144706107475,6297.776634422508,6340.61865234375,106120100,6426.3017578125,6447.72265625,6554.82763671875,6640.51220703125,6447.72265625,6481.99658203125,6086.3505859375
2021-10-22,6383.459639742525,6469.143661752491,6362.038634240033,6447.72265625,96730700,6340.61865234375,6426.3017578125,6447.72265625,6554.82763671875,6640.51220703125,6443.438671875,6126.836254882813
2021-10-25,6340.617628737541,6447.72265625,6340.617628737541,6447.72265625,60329800,6447.72265625,6340.61865234375,6426.3017578125,6447.72265625,6554.82763671875,6422.01767578125,6167.10771484375
2021-10-26,6511.985672757475,6511.985672757475,6426.301650747509,6447.72265625,70103000,6447.72265625,6447.72265625,6340.61865234375,6426.3017578125,6447.72265625,6422.01767578125,6207.593383789063
2021-10-27,6490.56400089136,6490.56400089136,6362.037981071729,6383.458984375,57067000,6447.72265625,6447.72265625,6447.72265625,6340.61865234375,6426.3017578125,6413.44912109375,6247.43642578125
2021-10-28,6297.776257944915,6362.03928098517,6297.776257944915,6319.197265625,75271900,6383.458984375,6447.72265625,6447.72265625,6447.72265625,6340.61865234375,6409.16484375,6281.495825195312
2021-10-29,6383.459366508152,6404.88037109375,6319.196352751358,6404.88037109375,60639200,6319.197265625,6383.458984375,6447.72265625,6447.72265625,6447.72265625,6400.59638671875,6301.845751953125
2021-11-01,6469.144706107475,6469.144706107475,6340.61865234375,6340.61865234375,38593400,6404.88037109375,6319.197265625,6383.458984375,6447.72265625,6447.72265625,6379.1755859375,6329.264672851563
2021-11-02,6319.197103421982,6362.039117682471,6212.092067770762,6254.93408203125,90535400,6340.61865234375,6404.88037109375,6319.197265625,6383.458984375,6447.72265625,6340.61787109375,6343.83095703125
2021-11-03,6254.934351084184,6340.618383290816,6212.092334980867,6297.7763671875,61621500,6254.93408203125,6340.61865234375,6404.88037109375,6319.197265625,6383.458984375,6323.48134765625,6361.18203125
2021-11-04,6362.03928098517,6404.881296345339,6319.197265625,6319.197265625,61081400,6297.7763671875,6254.93408203125,6340.61865234375,6404.88037109375,6319.197265625,6323.48134765625,6369.536206054688
2021-11-05,6404.879987678272,6404.879987678272,6319.195974465185,6383.458984375,43120400,6319.197265625,6297.7763671875,6254.93408203125,6340.61865234375,6404.88037109375,6319.1970703125,6381.9603515625
2021-11-08,6426.301922184406,6511.985947813531,6383.459909369843,6490.56494140625,85441700,6383.458984375,6319.197265625,6297.7763671875,6254.93408203125,6340.61865234375,6349.186328125,6394.1703125
2021-11-09,6511.986003664495,6576.2490234375,6490.564997073494,6576.2490234375,101785800,6490.56494140625,6383.458984375,6319.197265625,6297.7763671875,6254.93408203125,6413.44931640625,6412.163989257812
2021-11-10,6576.248642067504,6576.248642067504,6490.564620672488,6554.82763671875,47503900,6576.2490234375,6490.56494140625,6383.458984375,6319.197265625,6297.7763671875,6464.8595703125,6426.30185546875
2021-11-11,6597.670030028502,6640.512043210505,6511.986003664495,6576.2490234375,55790000,6554.82763671875,6576.2490234375,6490.56494140625,6383.458984375,6319.197265625,6516.269921875,6432.728173828125
2021-11-12,6640.511705772426,6640.511705772426,6447.72265625,6447.72265625,52590100,6576.2490234375,6554.82763671875,6576.2490234375,6490.56494140625,6383.458984375,6529.12265625,6423.088696289063
2021-11-15,6533.406787109375,6533.406787109375,6426.3017578125,6426.3017578125,67344200,6447.72265625,6576.2490234375,6554.82763671875,6576.2490234375,6490.56494140625,6516.27001953125,6416.66240234375
2021-11-16,6340.617357336956,6404.88037109375,6276.354343580163,6404.88037109375,98616900,6426.3017578125,6447.72265625,6576.2490234375,6554.82763671875,6576.2490234375,6481.9962890625,6414.520288085938
2021-11-17,6447.866065903465,6512.3447265625,6383.387405244431,6512.3447265625,61968100,6404.88037109375,6426.3017578125,6447.72265625,6576.2490234375,6554.82763671875,6473.49970703125,6418.822436523437
2021-11-18,6383.388398041597,6447.867068728885,6361.8955078125,6361.8955078125,78839600,6512.3447265625,6404.88037109375,6426.3017578125,6447.72265625,6576.2490234375,6430.62900390625,6419.886279296875
2021-11-19,6383.38818359375,6404.8810731008,6340.402404579651,6383.38818359375,68203700,6361.8955078125,6512.3447265625,6404.88037109375,6426.3017578125,6447.72265625,6417.762109375,6416.669555664063
2021-11-22,6383.387759001358,6469.359311311141,6361.894870923913,6426.37353515625,66328300,6383.38818359375,6361.8955078125,6512.3447265625,6404.88037109375,6426.3017578125,6417.77646484375,6415.602099609375
2021-11-23,6361.894870923913,6447.866423233695,6361.894870923913,6426.37353515625,43477500,6426.37353515625,6383.38818359375,6361.8955078125,6512.3447265625,6404.88037109375,6422.07509765625,6414.534643554687
2021-11-24,6512.345087466032,6512.345087466032,6383.387759001358,6426.37353515625,35181400,6426.37353515625,6426.37353515625,6383.38818359375,6361.8955078125,6512.3447265625,6404.880859375,6416.68037109375
2021-11-25,6404.8810731008,6469.359741621949,6383.38818359375,6383.38818359375,40216100,6426.37353515625,6426.37353515625,6426.37353515625,6383.38818359375,6361.8955078125,6409.17939453125,6419.889916992188
2021-11-26,6361.8951084622,6404.880886222079,6232.93777518256,6254.4306640625,113288400,6383.38818359375,6426.37353515625,6426.37353515625,6426.37353515625,6383.38818359375,6383.387890625,6412.367431640625
2021-11-29,6254.431056667018,6383.388398041597,6168.459495750633,6361.8955078125,87907900,6254.4306640625,6383.38818359375,6426.37353515625,6426.37353515625,6426.37353515625,6370.49228515625,6413.431274414063
2021-11-30,6297.416441822379,6383.387997342139,6254.4306640625,6254.4306640625,144923700,6361.8955078125,6254.4306640625,6383.38818359375,6426.37353515625,6426.37353515625,6336.1037109375,6413.406103515625
2021-12-01,6254.430938302654,6404.881167059075,6254.430938302654,6275.923828125,76538100,6254.4306640625,6361.8955078125,6254.4306640625,6383.38818359375,6426.37353515625,6306.01376953125,6412.3134765625
2021-12-02,6340.402254231771,6447.86669921875,6275.923587239584,6447.86669921875,66831000,6275.923828125,6254.4306640625,6361.8955078125,6254.4306640625,6383.38818359375,6318.90947265625,6418.746948242188
2021-12-03,6469.359181342691,6469.359181342691,6318.908967823093,6340.40185546875,63283700,6447.86669921875,6275.923828125,6254.4306640625,6361.8955078125,6254.4306640625,6336.1037109375,6416.594091796875
2021-12-06,6404.881228077168,6426.374118104272,6318.90966796875,6318.90966796875,56944100,6340.40185546875,6447.86669921875,6275.923828125,6254.4306640625,6361.8955078125,6327.50654296875,6408.011328125
2021-12-07,6404.881228077168,6426.374118104272,6318.90966796875,6318.90966796875,51258200,6318.90966796875,6340.40185546875,6447.86669921875,6275.923828125,6254.4306640625,6340.40234375,6395.144360351563
2021-12-08,6404.8810731008,6426.3739626078495,6361.895294086701,6383.38818359375,74775000,6318.90966796875,6318.90966796875,6340.40185546875,6447.86669921875,6275.923828125,6361.89521484375,6386.5723876953125
2021-12-09,6361.89544802296,6404.881228077168,6318.90966796875,6318.90966796875,54886400,6383.38818359375,6318.90966796875,6318.90966796875,6340.40185546875,6447.86669921875,6336.10380859375,6373.705419921875
2021-12-10,6297.416080177437,6340.40185546875,6254.430304886123,6340.40185546875,91092400,6318.90966796875,6383.38818359375,6318.90966796875,6318.90966796875,6340.40185546875,6336.10380859375,6368.339379882813
2021-12-13,6340.402497592037,6361.895387414384,6275.923828125,6275.923828125,59977100,6340.40185546875,6318.90966796875,6383.38818359375,6318.90966796875,6318.90966796875,6327.506640625,6360.820483398437
2021-12-14,6275.923828125,6340.402497592037,6254.430938302654,6275.923828125,49763600,6275.923828125,6340.40185546875,6318.90966796875,6383.38818359375,6318.90966796875,6318.90947265625,6354.37265625
2021-12-15,6275.923828125,6340.402497592037,6254.430938302654,6275.923828125,52477600,6275.923828125,6275.923828125,6340.40185546875,6318.90966796875,6383.38818359375,6297.4166015625,6342.551611328125
2021-12-16,6340.402219582259,6361.8951084622,6254.4306640625,6254.4306640625,95171400,6275.923828125,6275.923828125,6275.923828125,6340.40185546875,6318.90966796875,6284.52080078125,6337.178369140625
2021-12-17,6297.416476236979,6447.86669921875,6275.923587239584,6447.86669921875,107096800,6254.4306640625,6275.923828125,6275.923828125,6275.923828125,6340.40185546875,6306.01376953125,6340.402294921875
2021-12-20,6318.908967823093,6361.894743114407,6297.416080177437,6340.40185546875,74753000,6447.86669921875,6254.4306640625,6275.923828125,6275.923828125,6275.923828125,6318.909375,6336.1037109375
2021-12-21,6297.416080177437,6361.894743114407,6297.416080177437,6340.40185546875,52386100,6340.40185546875,6447.86669921875,6254.4306640625,6275.923828125,6275.923828125,6331.80498046875,6331.805126953125
2021-12-22,6383.388555220777,6383.388555220777,6297.4169921875,6297.4169921875,33232000,6340.40185546875,6340.40185546875,6447.86669921875,6254.4306640625,6275.923828125,6336.10361328125,6325.357299804688
2021-12-23,6297.416717947346,6318.909607769691,6275.923828125,6275.923828125,37136400,6297.4169921875,6340.40185546875,6340.40185546875,6447.86669921875,6254.4306640625,6340.40224609375,6319.98408203125
2021-12-24,6275.923828125,6318.909607769691,6275.923828125,6275.923828125,30802100,6275.923828125,6297.4169921875,6340.40185546875,6340.40185546875,6447.86669921875,6306.013671875,6321.058740234375
2021-12-27,6275.9238879145405,6318.90966796875,6275.9238879145405,6318.90966796875,20722100,6275.923828125,6275.923828125,6297.4169921875,6340.40185546875,6340.40185546875,6301.715234375,6318.909448242188
2021-12-28,6340.402557995854,6361.89544802296,6297.416777941646,6318.90966796875,39343800,6318.90966796875,6275.923828125,6275.923828125,6297.4169921875,6340.40185546875,6297.416796875,6322.1333984375
2021-12-29,6318.909607769691,6340.402497592037,6275.923828125,6275.923828125,42079500,6318.90966796875,6318.90966796875,6275.923828125,6275.923828125,6297.4169921875,6293.1181640625,6322.1333984375
2021-12-30,6318.909607769691,6318.909607769691,6275.923828125,6275.923828125,49954700,6275.923828125,6318.90966796875,6318.90966796875,6275.923828125,6275.923828125,6293.1181640625,6313.5362548828125
2022-01-03,6297.4169921875,6361.895664462458,6275.924101429181,6297.4169921875,54287400,6275.923828125,6275.923828125,6318.90966796875,6318.90966796875,6275.923828125,6297.416796875,6311.38701171875
2022-01-04,6297.416837125212,6404.8812882706925,6297.416837125212,6361.8955078125,70624000,6297.4169921875,6275.923828125,6275.923828125,6318.90966796875,6318.90966796875,6306.01396484375,6313.536303710937
2022-01-05,6404.88037109375,6469.3590325477135,6340.401709639786,6404.88037109375,76164900,6361.8955078125,6297.4169921875,6275.923828125,6275.923828125,6318.90966796875,6323.20810546875,6317.834838867188
2022-01-06,6447.866423233695,6469.359311311141,6383.387759001358,6426.37353515625,63657100,6404.88037109375,6361.8955078125,6297.4169921875,6275.923828125,6275.923828125,6353.298046875,6319.984106445312
2022-01-07,6490.852178436478,6619.809506484885,6447.866402420343,6576.82373046875,143433300,6426.37353515625,6404.88037109375,6361.8955078125,6297.4169921875,6275.923828125,6413.47802734375,6332.879809570312
2022-01-10,6512.345489501953,6576.824157714844,6490.852600097656,6533.83837890625,45351900,6576.82373046875,6426.37353515625,6404.88037109375,6361.8955078125,6297.4169921875,6460.7623046875,6342.551635742188
2022-01-11,6576.823793881899,6619.8095703125,6555.330905666599,6619.8095703125,110334600,6533.83837890625,6576.82373046875,6426.37353515625,6404.88037109375,6361.8955078125,6512.3451171875,6359.745922851563
2022-01-12,6619.8095703125,6619.8095703125,6576.823793881899,6619.8095703125,62606000,6619.8095703125,6533.83837890625,6576.82373046875,6426.37353515625,6404.88037109375,6555.33095703125,6376.940209960938
2022-01-13,6619.8095703125,6662.795346743101,6576.823793881899,6619.8095703125,50025200,6619.8095703125,6619.8095703125,6533.83837890625,6576.82373046875,6426.37353515625,6594.0181640625,6394.134497070312
2022-01-14,6619.810235867834,6748.767578125,6576.824455115446,6748.767578125,65898700,6619.8095703125,6619.8095703125,6619.8095703125,6533.83837890625,6576.82373046875,6628.40693359375,6418.851342773438
2022-01-17,6791.752740675403,6791.752740675403,6619.809633316532,6662.79541015625,63902600,6748.767578125,6619.8095703125,6619.8095703125,6619.8095703125,6533.83837890625,6654.19833984375,6429.5977783203125
2022-01-18,6684.288944803542,6684.288944803542,6490.852930323697,6598.3173828125,71476300,6662.79541015625,6748.767578125,6619.8095703125,6619.8095703125,6619.8095703125,6649.89990234375,6442.4935546875
2022-01-19,6576.82449231474,6641.303163808021,6512.345820821458,6598.3173828125,60389700,6598.3173828125,6662.79541015625,6748.767578125,6619.8095703125,6619.8095703125,6645.60146484375,6455.389331054687
2022-01-20,6641.301825324055,6684.28759765625,6555.330280659667,6684.28759765625,59925500,6598.3173828125,6598.3173828125,6662.79541015625,6748.767578125,6619.8095703125,6658.4970703125,6474.732861328125
2022-01-21,6684.288545044713,6834.73876953125,6619.809877407625,6834.73876953125,63370500,6684.28759765625,6598.3173828125,6598.3173828125,6662.79541015625,6748.767578125,6675.69130859375,6502.673608398438
2022-01-24,6727.274138621795,6748.76702724359,6684.288361378205,6705.78125,40278300,6834.73876953125,6684.28759765625,6598.3173828125,6598.3173828125,6662.79541015625,6684.2884765625,6524.166479492187
2022-01-25,6598.3160529918605,6684.28759765625,6555.330280659667,6684.28759765625,106796900,6705.78125,6834.73876953125,6684.28759765625,6598.3173828125,6598.3173828125,6701.48251953125,6542.435375976563
2022-01-26,6619.8095703125,6662.795346743101,6576.823793881899,6619.8095703125,53350200,6684.28759765625,6705.78125,6834.73876953125,6684.28759765625,6598.3173828125,6705.78095703125,6557.48037109375
2022-01-27,6555.3310296474365,6705.78125,6555.3310296474365,6705.78125,71945100,6619.8095703125,6684.28759765625,6705.78125,6834.73876953125,6684.28759765625,6710.0796875,6578.9732421875
2022-01-28,6705.780483822347,6727.273369988445,6619.808939157958,6684.28759765625,70595000,6705.78125,6619.8095703125,6684.28759765625,6705.78125,6834.73876953125,6679.989453125,6599.391430664063
2022-01-31,6684.288884797644,6684.288884797644,6555.33154296875,6555.33154296875,68122000,6684.28759765625,6705.78125,6619.8095703125,6684.28759765625,6705.78125,6649.89951171875,6612.287158203125
2022-02-02,6684.288361378205,6705.78125,6598.316806891026,6705.78125,65308100,6555.33154296875,6684.28759765625,6705.78125,6619.8095703125,6684.28759765625,6654.1982421875,6629.4814453125
2022-02-03,6705.781894720874,6727.274785409082,6619.810331968042,6641.30322265625,35100600,6705.78125,6555.33154296875,6684.28759765625,6705.78125,6619.8095703125,6658.49697265625,6641.302587890625
2022-02-04,6662.796113344459,6705.781894720874,6619.810331968042,6641.30322265625,39324700,6641.30322265625,6705.78125,6555.33154296875,6684.28759765625,6705.78125,6645.6013671875,6652.049072265625
2022-02-07,6684.288361378205,6705.78125,6619.809695512821,6705.78125,56813200,6641.30322265625,6641.30322265625,6705.78125,6555.33154296875,6684.28759765625,6649.90009765625,6658.496948242188
2022-02-08,6662.796113344459,6748.76767609729,6641.30322265625,6641.30322265625,61883100,6705.78125,6641.30322265625,6641.30322265625,6705.78125,6555.33154296875,6667.09443359375,6663.870190429688
2022-02-09,6748.7672126818,6834.73876953125,6705.781434257076,6834.73876953125,108922200,6641.30322265625,6705.78125,6641.30322265625,6641.30322265625,6705.78125,6692.8859375,6674.616650390625
2022-02-10,6834.738517515121,6834.738517515121,6662.79541015625,6662.79541015625,93277000,6834.73876953125,6641.30322265625,6705.78125,6641.30322265625,6641.30322265625,6697.184375,6676.765942382813
2022-02-11,6598.317077051717,6727.2744140625,6576.82418754992,6727.2744140625,71968800,6662.79541015625,6834.73876953125,6641.30322265625,6705.78125,6641.30322265625,6714.37861328125,6682.139184570313
2022-02-14,6662.795346743101,6684.288234958401,6619.8095703125,6619.8095703125,57710700,6727.2744140625,6662.79541015625,6834.73876953125,6641.30322265625,6705.78125,6697.18427734375,6675.691284179688
2022-02-15,6662.795805431548,6770.26025390625,6641.302915736607,6770.26025390625,55617000,6619.8095703125,6727.2744140625,6662.79541015625,6834.73876953125,6641.30322265625,6722.97568359375,6681.064526367188
2022-02-16,6748.767002596003,6856.2314453125,6727.274114052704,6856.2314453125,77055100,6770.26025390625,6619.8095703125,6727.2744140625,6662.79541015625,6834.73876953125,6727.27421875,6693.960229492188
2022-02-17,6748.767636842365,6813.246308531942,6705.781855715981,6791.75341796875,48704600,6856.2314453125,6770.26025390625,6619.8095703125,6727.2744140625,6662.79541015625,6753.0658203125,6703.63203125
2022-02-18,6834.738983635647,6834.738983635647,6748.76742409306,6813.24609375,56813400,6791.75341796875,6856.2314453125,6770.26025390625,6619.8095703125,6727.2744140625,6770.26015625,6710.079956054688
2022-02-21,6813.245880318887,6856.231658743613,6791.752991106525,6834.73876953125,43821700,6813.24609375,6791.75341796875,6856.2314453125,6770.26025390625,6619.8095703125,6813.24599609375,6710.079956054688
2022-02-22,6791.75341796875,6834.739199095135,6748.767636842365,6791.75341796875,80095500,6834.73876953125,6813.24609375,6791.75341796875,6856.2314453125,6770.26025390625,6817.54462890625,6714.378564453125
2022-02-23,6791.752632472826,6963.695737092391,6770.25974439538,6920.7099609375,99240300,6791.75341796875,6834.73876953125,6813.24609375,6791.75341796875,6856.2314453125,6830.44033203125,6726.199682617187
2022-02-24,6985.188064575195,7006.680950927735,6813.244973754882,6877.7236328125,124947700,6920.7099609375,6791.75341796875,6834.73876953125,6813.24609375,6791.75341796875,6847.634375,6739.095385742187
2022-02-25,6834.738408627717,7028.174401324728,6813.245520550272,6920.7099609375,135899900,6877.7236328125,6920.7099609375,6791.75341796875,6834.73876953125,6813.24609375,6869.1271484375,6749.841821289063
2022-03-01,6877.724184782608,7028.174401324728,6877.724184782608,6920.7099609375,136616800,6920.7099609375,6877.7236328125,6920.7099609375,6791.75341796875,6834.73876953125,6886.32138671875,6761.662939453125
2022-03-02,7071.160330745494,7071.160330745494,6856.2314453125,6856.2314453125,100301000,6920.7099609375,6920.7099609375,6877.7236328125,6920.7099609375,6791.75341796875,6899.2169921875,6776.707934570312
2022-03-04,6856.232089658327,6899.217870784711,6791.75341796875,6791.75341796875,132983400,6856.2314453125,6920.7099609375,6920.7099609375,6877.7236328125,6920.7099609375,6873.42568359375,6781.00654296875
2022-03-07,6705.781123173701,6748.766899604301,6619.8095703125,6619.8095703125,130990900,6791.75341796875,6856.2314453125,6920.7099609375,6920.7099609375,6877.7236328125,6821.84287109375,6779.931860351562
2022-03-08,6619.809506484885,6748.766834533292,6576.82373046875,6576.82373046875,119256500,6619.8095703125,6791.75341796875,6856.2314453125,6920.7099609375,6920.7099609375,6753.065625,6776.707885742188
2022-03-09,6619.810235867834,6834.739139629777,6576.824455115446,6748.767578125,132814500,6576.82373046875,6619.8095703125,6791.75341796875,6856.2314453125,6920.7099609375,6718.6771484375,6778.857202148438
2022-03-10,6813.24609375,6856.231873521293,6705.781644321766,6813.24609375,86484000,6748.767578125,6576.82373046875,6619.8095703125,6791.75341796875,6856.2314453125,6710.080078125,6787.454345703125
2022-03-11,6641.302766619988,6834.73876953125,6641.302766619988,6834.73876953125,61053900,6813.24609375,6748.767578125,6576.82373046875,6619.8095703125,6791.75341796875,6718.6771484375,6787.454345703125
2022-03-14,6920.710722837654,6963.696503724845,6834.739161063274,6942.20361328125,78432100,6834.73876953125,6813.24609375,6748.767578125,6576.82373046875,6619.8095703125,6783.15595703125,6801.424755859375
2022-03-15,7006.681640625,7049.66741756135,6942.202975220476,7006.681640625,111214500,6942.20361328125,6834.73876953125,6813.24609375,6748.767578125,6576.82373046875,6869.1275390625,6815.3951171875
2022-03-16,7114.146146448647,7114.146146448647,6942.203037168922,7049.66748046875,149761300,7006.681640625,6942.20361328125,6834.73876953125,6813.24609375,6748.767578125,6929.30751953125,6836.888012695313
2022-03-17,7135.638269042968,7135.638269042968,6877.7236328125,6877.7236328125,132439400,7049.66748046875,7006.681640625,6942.20361328125,6834.73876953125,6813.24609375,6942.20302734375,6842.261181640625
2022-03-18,6877.724980221519,6963.696542474288,6791.75341796875,6791.75341796875,143981700,6877.7236328125,7049.66748046875,7006.681640625,6942.20361328125,6834.73876953125,6933.60595703125,6839.037280273437
2022-03-21,6705.781855715981,6834.739199095135,6705.781855715981,6791.75341796875,85485500,6791.75341796875,6877.7236328125,7049.66748046875,7006.681640625,6942.20361328125,6903.51591796875,6839.037280273437
2022-03-22,6791.753203864353,6834.738983635647,6770.260313978707,6813.24609375,60010900,6791.75341796875,6791.75341796875,6877.7236328125,7049.66748046875,7006.681640625,6864.82880859375,6839.037280273437
2022-03-23,6813.246308531942,6834.739199095135,6727.274746279173,6791.75341796875,82208000,6813.24609375,6791.75341796875,6791.75341796875,6877.7236328125,7049.66748046875,6813.24599609375,6836.888012695313
2022-03-24,6748.76742409306,6834.738983635647,6705.781644321766,6813.24609375,95245100,6791.75341796875,6813.24609375,6791.75341796875,6791.75341796875,6877.7236328125,6800.35048828125,6837.962646484375
2022-03-25,6791.752991106525,6834.73876953125,6791.752991106525,6834.73876953125,85101200,6813.24609375,6791.75341796875,6813.24609375,6791.75341796875,6791.75341796875,6808.94755859375,6833.664086914063
2022-03-28,6830.374460727353,6895.84130859375,6808.552178105221,6895.84130859375,83911500,6834.73876953125,6813.24609375,6791.75341796875,6813.24609375,6791.75341796875,6829.76513671875,6834.569970703125
2022-03-29,6874.019060074143,6895.841342804538,6830.374494613356,6852.19677734375,62180600,6895.84130859375,6834.73876953125,6813.24609375,6791.75341796875,6813.24609375,6837.5552734375,6831.144311523438
2022-03-30,6895.840835813492,6895.840835813492,6830.373992435516,6874.0185546875,71430600,6852.19677734375,6895.84130859375,6834.73876953125,6813.24609375,6791.75341796875,6854.00830078125,6828.809741210937
2022-03-31,6917.663540544181,6983.130387931035,6874.018975619612,6961.30810546875,112691900,6874.0185546875,6852.19677734375,6895.84130859375,6834.73876953125,6813.24609375,6883.620703125,6834.06357421875
2022-04-01,7048.5967721066645,7048.5967721066645,6852.196242852919,6917.6630859375,105575400,6961.30810546875,6874.0185546875,6852.19677734375,6895.84130859375,6834.73876953125,6900.20556640625,6840.359057617187
2022-04-04,6917.663591215882,6917.663591215882,6830.374460727353,6895.84130859375,57321200,6917.6630859375,6961.30810546875,6874.0185546875,6852.19677734375,6895.84130859375,6900.20556640625,6854.16064453125
2022-04-05,6895.84130859375,6895.84130859375,6852.196743349486,6895.84130859375,48528300,6895.84130859375,6917.6630859375,6961.30810546875,6874.0185546875,6852.19677734375,6908.93447265625,6870.1115234375
2022-04-06,6830.374070690525,6852.196352066532,6764.9072265625,6764.9072265625,119263000,6895.84130859375,6895.84130859375,6917.6630859375,6961.30810546875,6874.0185546875,6887.11220703125,6870.918505859375
2022-04-07,6743.084945186492,6830.374070690525,6721.262663810484,6764.9072265625,68619400,6764.9072265625,6895.84130859375,6895.84130859375,6917.6630859375,6961.30810546875,6847.83203125,6868.5015625
2022-04-08,6808.552211882961,6874.019060074143,6786.729929152568,6852.19677734375,69791600,6764.9072265625,6764.9072265625,6895.84130859375,6895.84130859375,6917.6630859375,6834.73876953125,6869.374462890625
2022-04-11,6830.374086645429,6874.018649499393,6743.0849609375,6743.0849609375,62776200,6852.19677734375,6764.9072265625,6764.9072265625,6895.84130859375,6895.84130859375,6804.1875,6859.418530273438
2022-04-12,6743.08491398738,6808.5517578125,6721.26263271234,6808.5517578125,73471300,6743.0849609375,6852.19677734375,6764.9072265625,6764.9072265625,6895.84130859375,6786.72958984375,6849.512036132813
2022-04-13,6808.5517578125,6852.19632036258,6764.90719526242,6808.5517578125,57622100,6808.5517578125,6743.0849609375,6852.19677734375,6764.9072265625,6764.9072265625,6795.45849609375,6837.45625
2022-04-14,6808.551821225649,6808.551821225649,6721.2626953125,6721.2626953125,93342900,6808.5517578125,6808.5517578125,6743.0849609375,6852.19677734375,6764.9072265625,6786.72958984375,6829.633203125
2022-04-18,6721.2626953125,6743.084976790787,6655.795850877637,6721.2626953125,68464700,6721.2626953125,6808.5517578125,6808.5517578125,6743.0849609375,6852.19677734375,6760.5427734375,6826.108666992188
2022-04-19,6721.262743340164,6721.262743340164,6655.7958984375,6655.7958984375,98632000,6721.2626953125,6721.2626953125,6808.5517578125,6808.5517578125,6743.0849609375,6743.0849609375,6819.310791015625
2022-04-20,6743.085501876531,6743.085501876531,6655.796369166156,6677.61865234375,124388800,6655.7958984375,6721.2626953125,6721.2626953125,6808.5517578125,6808.5517578125,6716.89833984375,6812.5294189453125
2022-04-21,6808.5516807965305,6917.6630859375,6764.907118740142,6917.6630859375,129323400,6677.61865234375,6655.7958984375,6721.2626953125,6721.2626953125,6808.5517578125,6738.72060546875,6818.82490234375
2022-04-22,6852.196273561508,6917.663116939484,6808.551711309524,6874.0185546875,85956100,6917.6630859375,6677.61865234375,6655.7958984375,6721.2626953125,6721.2626953125,6769.27177734375,6821.863525390625
2022-04-25,6874.018478393555,6983.1298828125,6830.373916625977,6983.1298828125,91279600,6874.0185546875,6917.6630859375,6677.61865234375,6655.7958984375,6721.2626953125,6821.64521484375,6829.283081054688
2022-04-26,6917.663918269231,7092.2421875,6917.663918269231,7092.2421875,128360900,6983.1298828125,6874.0185546875,6917.6630859375,6677.61865234375,6655.7958984375,6908.93447265625,6839.103125
2022-04-27,7048.597086092321,7157.70849609375,7048.597086092321,7157.70849609375,89463100,7092.2421875,6983.1298828125,6874.0185546875,6917.6630859375,6677.61865234375,7004.95244140625,6854.3787109375
2022-04-28,7201.353605769231,7201.353605769231,7048.597620192308,7092.2421875,133730600,7157.70849609375,7092.2421875,6983.1298828125,6874.0185546875,6917.6630859375,7039.86826171875,6865.289892578125
2022-05-09,6874.018731368215,6895.841013055099,6633.9736328125,6633.9736328125,456796600,7092.2421875,7157.70849609375,7092.2421875,6983.1298828125,6874.0185546875,6991.85927734375,6848.923168945313
2022-05-10,6328.461265183762,6633.973188330565,6328.461265183762,6568.50634765625,268445700,6633.9736328125,7092.2421875,7157.70849609375,7092.2421875,6983.1298828125,6908.9345703125,6831.46533203125
2022-05-11,6568.50723645578,6721.263218698938,6503.040386922999,6677.61865234375,156535200,6568.50634765625,6633.9736328125,7092.2421875,7157.70849609375,7092.2421875,6826.00986328125,6820.55419921875
2022-05-12,6568.5064986710695,6590.328779397551,6350.28369140625,6350.28369140625,240529600,6677.61865234375,6568.50634765625,6633.9736328125,7092.2421875,7157.70849609375,6664.52490234375,6793.276318359375
2022-05-13,6328.461864067833,6524.862404676835,6328.461864067833,6393.9287109375,212968600,6350.28369140625,6677.61865234375,6568.50634765625,6633.9736328125,7092.2421875,6524.86220703125,6774.727392578125
2022-05-17,6350.284097207559,6524.862354175465,6350.284097207559,6459.3955078125,159657600,6393.9287109375,6350.28369140625,6677.61865234375,6568.50634765625,6633.9736328125,6489.94658203125,6759.451806640625
2022-05-18,6546.684521967823,6612.1513671875,6437.573113268359,6612.1513671875,153514300,6459.3955078125,6393.9287109375,6350.28369140625,6677.61865234375,6568.50634765625,6498.6755859375,6747.449536132813
2022-05-19,6459.394990037752,6524.861831152999,6437.572709666003,6503.03955078125,140908900,6612.1513671875,6459.3955078125,6393.9287109375,6350.28369140625,6677.61865234375,6463.759765625,6735.447265625
2022-05-20,6481.217789933488,6524.862354175465,6459.3955078125,6459.3955078125,86520200,6503.03955078125,6612.1513671875,6459.3955078125,6393.9287109375,6350.28369140625,6485.58212890625,6717.989453125
2022-05-23,6503.039595471398,6524.861875993114,6415.7504733845335,6437.57275390625,71603500,6459.3955078125,6503.03955078125,6612.1513671875,6459.3955078125,6393.9287109375,6494.3109375,6699.440502929688
2022-05-24,6393.928207708866,6524.861891143177,6393.928207708866,6415.75048828125,108710800,6437.57275390625,6459.3955078125,6503.03955078125,6612.1513671875,6459.3955078125,6485.58193359375,6684.164892578125
2022-05-25,6459.395034427966,6503.039595471398,6415.7504733845335,6437.57275390625,76747400,6415.75048828125,6437.57275390625,6459.3955078125,6503.03955078125,6612.1513671875,6450.6662109375,6669.980395507812
2022-05-27,6568.506803707714,6612.1513671875,6524.86224022793,6612.1513671875,84336900,6437.57275390625,6415.75048828125,6437.57275390625,6459.3955078125,6503.03955078125,6472.48857421875,6667.798168945313
2022-05-30,6612.1513671875,6633.973648927393,6524.86224022793,6612.1513671875,105411400,6612.1513671875,6437.57275390625,6415.75048828125,6437.57275390625,6459.3955078125,6503.03974609375,6664.5248046875
2022-05-31,6633.973538306452,6764.9072265625,6568.506694178428,6764.9072265625,286292700,6612.1513671875,6612.1513671875,6437.57275390625,6415.75048828125,6437.57275390625,6568.506640625,6656.88701171875
2022-06-02,6655.795930667286,6699.440494147071,6568.506803707714,6612.1513671875,149226300,6764.9072265625,6612.1513671875,6612.1513671875,6437.57275390625,6415.75048828125,6607.78681640625,6643.79365234375
2022-06-03,6633.9736328125,6699.44047787315,6612.151351125617,6633.9736328125,80563100,6612.1513671875,6764.9072265625,6612.1513671875,6612.1513671875,6437.57275390625,6647.0669921875,6626.33583984375
2022-06-06,6590.328672268247,6612.150952639996,6481.217270409501,6503.03955078125,81140300,6633.9736328125,6612.1513671875,6764.9072265625,6612.1513671875,6612.1513671875,6625.24462890625,6596.875708007812
2022-06-07,6372.105912341101,6524.861875993114,6372.105912341101,6437.57275390625,129242500,6503.03955078125,6633.9736328125,6612.1513671875,6764.9072265625,6612.1513671875,6590.32890625,6560.868920898438
2022-06-08,6546.684506064968,6633.9736328125,6481.217661004318,6633.9736328125,108910500,6437.57275390625,6503.03955078125,6633.9736328125,6612.1513671875,6764.9072265625,6564.1421875,6537.955493164062
2022-06-09,6546.6845703125,6612.151416015626,6546.6845703125,6546.6845703125,107828300,6633.9736328125,6437.57275390625,6503.03955078125,6633.9736328125,6612.1513671875,6551.048828125,6533.591040039062
2022-06-10,6459.395049426021,6503.039610570791,6415.75048828125,6415.75048828125,111768600,6546.6845703125,6633.9736328125,6437.57275390625,6503.03955078125,6633.9736328125,6507.40419921875,6525.9532470703125
2022-06-13,6372.10592713648,6459.395049426021,6350.283646564095,6415.75048828125,85539500,6415.75048828125,6546.6845703125,6633.9736328125,6437.57275390625,6503.03955078125,6489.94638671875,6512.859838867187
2022-06-14,6372.106379328548,6459.3955078125,6328.461815086571,6459.3955078125,80865100,6415.75048828125,6415.75048828125,6546.6845703125,6633.9736328125,6437.57275390625,6494.3109375,6518.3154296875
2022-06-15,6372.10642864761,6437.573275517278,6372.10642864761,6393.9287109375,130367100,6459.3955078125,6415.75048828125,6415.75048828125,6546.6845703125,6633.9736328125,6446.301953125,6518.3154296875
2022-06-16,6459.395395008251,6633.973648927393,6437.573113268359,6612.1513671875,132666300,6393.9287109375,6459.3955078125,6415.75048828125,6415.75048828125,6546.6845703125,6459.3953125,6525.95322265625
2022-06-17,6481.217724609375,6590.329134114584,6481.217724609375,6546.6845703125,117839400,6612.1513671875,6393.9287109375,6459.3955078125,6415.75048828125,6415.75048828125,6485.58212890625,6522.6798828125
2022-06-20,6633.973616803279,6677.618180071721,6546.684490266393,6655.7958984375,88138700,6546.6845703125,6612.1513671875,6393.9287109375,6459.3955078125,6415.75048828125,6533.5912109375,6530.317700195313
2022-06-21,6633.974085988562,6677.61865234375,6590.329519633374,6677.61865234375,44295700,6655.7958984375,6546.6845703125,6612.1513671875,6393.9287109375,6459.3955078125,6577.23583984375,6541.228857421875
2022-06-22,6655.795979817709,6677.618261718751,6546.6845703125,6546.6845703125,53041800,6677.61865234375,6655.7958984375,6546.6845703125,6612.1513671875,6393.9287109375,6607.78701171875,6546.684448242188
2022-06-23,6503.039506981935,6612.150908105793,6503.039506981935,6568.50634765625,60443000,6546.6845703125,6677.61865234375,6655.7958984375,6546.6845703125,6612.1513671875,6599.0580078125,6554.322241210937
2022-06-24,6633.974210911371,6633.974210911371,6524.86279296875,6524.86279296875,57956600,6568.50634765625,6546.6845703125,6677.61865234375,6655.7958984375,6546.6845703125,6594.69365234375,6558.686743164062
2022-06-27,6524.861891143177,6546.684171715561,6415.75048828125,6415.75048828125,76354100,6524.86279296875,6568.50634765625,6546.6845703125,6677.61865234375,6655.7958984375,6546.6845703125,6548.86669921875
2022-06-28,6372.10693359375,6459.396069670377,6372.10693359375,6372.10693359375,146078100,6415.75048828125,6524.86279296875,6568.50634765625,6546.6845703125,6677.61865234375,6485.5822265625,6536.864477539062
2022-06-29,6393.928252859214,6459.39509503866,6350.28369140625,6350.28369140625,98517800,6372.10693359375,6415.75048828125,6524.86279296875,6568.50634765625,6546.6845703125,6446.30205078125,6516.13330078125
2022-06-30,6372.10647898707,6459.395608836207,6328.4619140625,6328.4619140625,101343900,6350.28369140625,6372.10693359375,6415.75048828125,6524.86279296875,6568.50634765625,6398.2931640625,6501.948828125
2022-07-01,6372.10647898707,6393.928761449354,6328.4619140625,6328.4619140625,68738800,6328.4619140625,6350.28369140625,6372.10693359375,6415.75048828125,6524.86279296875,6359.01298828125,6486.6732421875
2022-07-04,6328.462052582004,6350.284335521941,6110.239223182624,6153.8837890625,102238600,6328.4619140625,6328.4619140625,6350.28369140625,6372.10693359375,6415.75048828125,6306.6396484375,6469.2154541015625
2022-07-05,6197.5282192887935,6393.928761449354,6197.5282192887935,6328.4619140625,69172900,6153.8837890625,6328.4619140625,6328.4619140625,6350.28369140625,6372.10693359375,6297.91064453125,6463.759912109375
2022-07-06,6372.10693359375,6393.9292176129065,6262.995513497967,6372.10693359375,66801100,6328.4619140625,6153.8837890625,6328.4619140625,6328.4619140625,6350.28369140625,6302.27529296875,6450.666577148438
2022-07-07,6306.639237524758,6328.46151862346,6197.52783203125,6197.52783203125,86126800,6372.10693359375,6328.4619140625,6153.8837890625,6328.4619140625,6328.4619140625,6276.0884765625,6433.208740234375
2022-07-08,6219.350568864729,6262.995134260271,6175.706003469187,6241.1728515625,64312400,6197.52783203125,6372.10693359375,6328.4619140625,6153.8837890625,6328.4619140625,6258.6306640625,6424.4798583984375
2022-07-11,6284.817434210526,6284.817434210526,6219.3505859375,6219.3505859375,36830800,6241.1728515625,6197.52783203125,6372.10693359375,6328.4619140625,6153.8837890625,6271.7240234375,6414.65986328125
2022-07-12,6262.99365234375,6328.460484946647,6241.171374809452,6262.99365234375,34269000,6219.3505859375,6241.1728515625,6197.52783203125,6372.10693359375,6328.4619140625,6258.63037109375,6404.839770507812
2022-07-13,6197.527894810268,6219.350176130022,6110.23876953125,6110.23876953125,71988200,6262.99365234375,6219.3505859375,6241.1728515625,6197.52783203125,6372.10693359375,6206.25673828125,6390.6552734375
2022-07-14,6132.06103515625,6197.5278789479535,6110.2387538923485,6132.06103515625,83316300,6110.23876953125,6262.99365234375,6219.3505859375,6241.1728515625,6197.52783203125,6193.16337890625,6366.6507568359375
2022-07-15,6197.527894810268,6197.527894810268,6110.23876953125,6110.23876953125,57419900,6132.06103515625,6110.23876953125,6262.99365234375,6219.3505859375,6241.1728515625,6166.9765625,6344.828466796875
2022-07-18,6132.061438073645,6241.1728515625,6132.061438073645,6241.1728515625,60077700,6110.23876953125,6132.06103515625,6110.23876953125,6262.99365234375,6219.3505859375,6171.341015625,6324.097314453125
2022-07-19,6197.526819740854,6262.99365234375,6197.526819740854,6262.99365234375,59641000,6241.1728515625,6110.23876953125,6132.06103515625,6110.23876953125,6262.99365234375,6171.341015625,6303.366064453125
2022-07-20,6284.817250844595,6459.3955078125,6262.994968723607,6459.3955078125,105792900,6262.99365234375,6241.1728515625,6110.23876953125,6132.06103515625,6110.23876953125,6241.17236328125,6299.001611328125
2022-07-21,6459.3955078125,6459.3955078125,6328.461815086571,6459.3955078125,64337100,6459.3955078125,6262.99365234375,6241.1728515625,6110.23876953125,6132.06103515625,6306.6392578125,6293.546069335937
2022-07-22,6459.395557807167,6459.395557807167,6372.10642864761,6393.9287109375,38956500,6459.3955078125,6459.3955078125,6262.99365234375,6241.1728515625,6110.23876953125,6363.37724609375,6286.999365234375
2022-07-25,6415.751501632064,6437.5737856512205,6372.10693359375,6372.10693359375,31247600,6393.9287109375,6459.3955078125,6459.3955078125,6262.99365234375,6241.1728515625,6389.5640625,6284.8171875
2022-07-26,6328.462365555437,6437.5737856512205,6328.462365555437,6372.10693359375,44379900,6372.10693359375,6393.9287109375,6459.3955078125,6459.3955078125,6262.99365234375,6411.38671875,6284.8171875
2022-07-27,6393.9287109375,6415.750993227389,6350.2841463577215,6393.9287109375,58465500,6372.10693359375,6372.10693359375,6393.9287109375,6459.3955078125,6459.3955078125,6398.293359375,6286.999438476562
2022-07-28,6437.572768853635,6503.039610570791,6393.928207708866,6415.75048828125,86909700,6393.9287109375,6372.10693359375,6372.10693359375,6393.9287109375,6459.3955078125,6389.56435546875,6291.3638671875
2022-07-29,6459.395049426021,6524.861891143177,6415.75048828125,6415.75048828125,131553000,6415.75048828125,6393.9287109375,6372.10693359375,6372.10693359375,6393.9287109375,6393.9287109375,6295.728295898438
2022-08-01,6415.75087890625,6546.6845703125,6415.75087890625,6546.6845703125,104841600,6415.75048828125,6415.75048828125,6393.9287109375,6372.10693359375,6372.10693359375,6428.84423828125,6315.368334960937
2022-08-02,6633.9736328125,6655.795914499384,6546.684506064968,6633.9736328125,106466900,6546.6845703125,6415.75048828125,6415.75048828125,6393.9287109375,6372.10693359375,6481.217578125,6330.6439208984375
2022-08-03,6655.7958984375,6655.7958984375,6612.151335169057,6655.7958984375,60170600,6633.9736328125,6546.6845703125,6415.75048828125,6415.75048828125,6393.9287109375,6533.591015625,6344.828369140625
2022-08-04,6699.4403514373,6808.5517578125,6677.61807016226,6808.5517578125,164221000,6655.7958984375,6633.9736328125,6546.6845703125,6415.75048828125,6415.75048828125,6612.15126953125,6375.379565429687
2022-08-05,6830.373992435516,6874.0185546875,6743.084867931548,6874.0185546875,118734200,6808.5517578125,6655.7958984375,6633.9736328125,6546.6845703125,6415.75048828125,6703.8048828125,6407.0218505859375
2022-08-08,6874.0185546875,6917.663116939484,6764.90714905754,6874.0185546875,84328900,6874.0185546875,6808.5517578125,6655.7958984375,6633.9736328125,6546.6845703125,6769.2716796875,6439.7552490234375
2022-08-09,6874.019025971617,6961.308156460146,6874.019025971617,6895.84130859375,92875800,6874.0185546875,6874.0185546875,6808.5517578125,6655.7958984375,6633.9736328125,6821.64521484375,6471.397631835937
2022-08-10,6808.552178105221,6895.84130859375,6743.085330238825,6895.84130859375,104376300,6895.84130859375,6874.0185546875,6874.0185546875,6808.5517578125,6655.7958984375,6869.654296875,6510.677758789063
2022-08-11,6852.196709782823,6939.48583984375,6830.37442726759,6939.48583984375,73204700,6895.84130859375,6895.84130859375,6874.0185546875,6874.0185546875,6808.5517578125,6895.84111328125,6551.048999023437
2022-08-12,6917.6630859375,6961.307647993888,6852.196242852919,6917.6630859375,59381200,6939.48583984375,6895.84130859375,6895.84130859375,6874.0185546875,6874.0185546875,6904.57001953125,6591.42021484375
2022-08-15,6939.48583984375,6961.308122358983,6895.841274813287,6939.48583984375,81411000,6917.6630859375,6939.48583984375,6895.84130859375,6895.84130859375,6874.0185546875,6917.6634765625,6626.335864257812
2022-08-16,6939.485823006466,6961.30810546875,6852.196693157328,6961.30810546875,83556700,6939.48583984375,6917.6630859375,6939.48583984375,6895.84130859375,6895.84130859375,6930.7568359375,6661.251586914063
2022-08-18,6895.840759277344,7004.952163696289,6874.018478393555,6983.1298828125,86136900,6961.30810546875,6939.48583984375,6917.6630859375,6939.48583984375,6895.84130859375,6948.21455078125,6687.438305664063
2022-08-19,7026.775004326542,7026.775004326542,6895.84130859375,6895.84130859375,58194900,6983.1298828125,6961.30810546875,6939.48583984375,6917.6630859375,6939.48583984375,6939.48564453125,6709.260595703125
2022-08-22,6852.196197509766,6983.1298828125,6830.373916625977,6983.1298828125,97293300,6895.84130859375,6983.1298828125,6961.30810546875,6939.48583984375,6917.6630859375,6952.57900390625,6738.720654296875
2022-08-23,6983.130439082278,6983.130439082278,6895.84130859375,6895.84130859375,71671800,6983.1298828125,6895.84130859375,6983.1298828125,6961.30810546875,6939.48583984375,6943.85009765625,6764.907373046875
2022-08-24,6939.48583984375,7004.952687389447,6895.841274813287,6939.48583984375,108892400,6895.84130859375,6983.1298828125,6895.84130859375,6983.1298828125,6961.30810546875,6939.48564453125,6793.276318359375
2022-08-25,6983.130321207431,7070.419450222524,6895.841192192338,7048.59716796875,99503500,6939.48583984375,6895.84130859375,6983.1298828125,6895.84130859375,6983.1298828125,6952.5791015625,6826.009741210937
2022-08-26,7004.952163696289,7092.241287231445,6983.1298828125,6983.1298828125,80472400,7048.59716796875,6939.48583984375,6895.84130859375,6983.1298828125,6895.84130859375,6970.03681640625,6854.3787109375
2022-08-29,6983.130272239264,7114.06396484375,6939.485708037769,7114.06396484375,57762100,6983.1298828125,7048.59716796875,6939.48583984375,6895.84130859375,6983.1298828125,6996.2236328125,6889.294384765625
2022-08-30,7070.419384317661,7223.175358670202,7048.5971022672975,7135.88623046875,124467000,7114.06396484375,6983.1298828125,7048.59716796875,6939.48583984375,6895.84130859375,7044.2326171875,6918.754467773438
2022-08-31,7048.597086092321,7179.530778094036,7026.774804092035,7157.70849609375,137659900,7135.88623046875,7114.06396484375,6983.1298828125,7048.59716796875,6939.48583984375,7087.8771484375,6944.9412109375
2022-09-01,7114.06396484375,7201.353093246741,7092.2416827430025,7114.06396484375,74960800,7157.70849609375,7135.88623046875,7114.06396484375,6983.1298828125,7048.59716796875,7100.9705078125,6967.8546142578125
2022-09-02,7114.063915867211,7179.53076171875,7114.063915867211,7179.53076171875,71430600,7114.06396484375,7157.70849609375,7135.88623046875,7114.06396484375,6983.1298828125,7140.25068359375,6986.403564453125
2022-09-05,7179.530243934101,7244.997085064199,7157.707963557402,7223.1748046875,62906000,7179.53076171875,7114.06396484375,7157.70849609375,7135.88623046875,7114.06396484375,7162.0728515625,7003.861376953125
2022-09-06,7244.997085064199,7288.641645817598,7201.352524310801,7223.1748046875,67079900,7223.1748046875,7179.53076171875,7114.06396484375,7157.70849609375,7135.88623046875,7179.53056640625,7021.319189453125
2022-09-07,7201.353428171642,7310.46484375,7201.353428171642,7310.46484375,117931700,7223.1748046875,7223.1748046875,7179.53076171875,7114.06396484375,7157.70849609375,7210.0818359375,7042.050366210938
2022-09-08,7332.286653255988,7419.575780080464,7288.64208984375,7288.64208984375,132777400,7310.46484375,7223.1748046875,7223.1748046875,7179.53076171875,7114.06396484375,7244.9974609375,7061.690405273437
2022-09-09,7419.576259328358,7419.576259328358,7223.175711287314,7310.46484375,91234600,7288.64208984375,7310.46484375,7223.1748046875,7223.1748046875,7179.53076171875,7271.18427734375,7080.23935546875
2022-09-12,7266.820277518657,7354.109409981344,7266.820277518657,7310.46484375,52395300,7310.46484375,7288.64208984375,7310.46484375,7223.1748046875,7223.1748046875,7288.64228515625,7099.879443359375
2022-09-13,7310.464740652493,7485.043003115836,7310.464740652493,7441.3984375,124485200,7310.46484375,7310.46484375,7288.64208984375,7310.46484375,7223.1748046875,7332.28701171875,7124.975073242187
2022-09-14,7310.46475758272,7550.509869025735,7310.46475758272,7419.576171875,116642400,7441.3984375,7310.46484375,7310.46484375,7288.64208984375,7310.46484375,7354.10927734375,7147.8884765625
2022-09-15,7419.576478794644,7746.910735212054,7419.576478794644,7637.79931640625,190404800,7419.576171875,7441.3984375,7310.46484375,7310.46484375,7288.64208984375,7423.94072265625,7180.621948242188
2022-09-16,7594.152962046967,7615.975240673539,7375.93017578125,7375.93017578125,363127600,7637.79931640625,7419.576171875,7441.3984375,7310.46484375,7310.46484375,7437.0337890625,7204.626391601562
2022-09-19,7397.754266110458,7637.7993897895585,7375.931982139631,7550.51025390625,102530600,7375.93017578125,7637.79931640625,7419.576171875,7441.3984375,7310.46484375,7485.04287109375,7232.99541015625
2022-09-20,7463.220703125,7550.509834155701,7463.220703125,7463.220703125,89238400,7550.51025390625,7375.93017578125,7637.79931640625,7419.576171875,7441.3984375,7489.40732421875,7261.3643798828125
2022-09-21,7441.398472068584,7506.86532079646,7354.109340431416,7397.75390625,90933700,7463.220703125,7550.51025390625,7375.93017578125,7637.79931640625,7419.576171875,7485.04287109375,7284.277783203125
2022-09-22,7310.464774612831,7441.398472068584,7310.464774612831,7397.75390625,61908500,7397.75390625,7463.220703125,7550.51025390625,7375.93017578125,7637.79931640625,7437.0337890625,7301.735620117188
2022-09-23,7310.46484375,7397.753976212687,7310.46484375,7310.46484375,60567600,7397.75390625,7397.75390625,7463.220703125,7550.51025390625,7375.93017578125,7423.94072265625,7318.102368164063
2022-09-26,7157.707877410979,7419.575238779673,7157.707877410979,7354.1083984375,106228200,7310.46484375,7397.75390625,7397.75390625,7463.220703125,7550.51025390625,7384.6603515625,7330.10458984375
2022-09-27,7310.46489669616,7375.93174651732,7244.998046875,7244.998046875,89567100,7354.1083984375,7310.46484375,7397.75390625,7397.75390625,7463.220703125,7341.0158203125,7335.5601806640625
2022-09-28,7201.352978955518,7354.108951236392,7201.352978955518,7266.81982421875,89153400,7244.998046875,7354.1083984375,7310.46484375,7397.75390625,7397.75390625,7314.82900390625,7341.015747070312
2022-09-29,7266.820277518657,7375.931693097015,7266.820277518657,7310.46484375,62643700,7266.81982421875,7244.998046875,7354.1083984375,7310.46484375,7397.75390625,7297.37119140625,7350.835791015625
2022-09-30,7310.464723821272,7485.042985882675,7223.17559279057,7463.220703125,176524800,7310.46484375,7266.81982421875,7244.998046875,7354.1083984375,7310.46484375,7327.92236328125,7365.020288085938
2022-10-03,7375.931606158088,7441.398454733456,7375.931606158088,7419.576171875,115079600,7463.220703125,7310.46484375,7266.81982421875,7244.998046875,7354.1083984375,7341.01591796875,7374.840356445313
2022-10-04,7441.398420367324,7528.687551398026,7441.398420367324,7463.220703125,80524500,7419.576171875,7463.220703125,7310.46484375,7266.81982421875,7244.998046875,7384.66044921875,7386.8426513671875
2022-10-05,7441.397011660965,7463.219290287537,7354.107897154678,7375.93017578125,63788000,7463.220703125,7419.576171875,7463.220703125,7310.46484375,7266.81982421875,7406.48251953125,7390.11591796875
2022-10-06,7397.752958665616,7419.575238779673,7354.1083984375,7354.1083984375,43967400,7375.93017578125,7463.220703125,7419.576171875,7463.220703125,7310.46484375,7415.21123046875,7393.389233398438
2022-10-07,7266.819906095179,7310.464470095751,7157.70849609375,7157.70849609375,112043400,7354.1083984375,7375.93017578125,7463.220703125,7419.576171875,7463.220703125,7354.1087890625,7385.751416015625
2022-10-10,7114.064347232681,7310.46489669616,7092.242063958961,7244.998046875,80238200,7157.70849609375,7354.1083984375,7375.93017578125,7463.220703125,7419.576171875,7319.1931640625,7382.478076171875
2022-10-11,7157.708463541667,7244.997591145834,7114.063899739584,7201.35302734375,64060000,7244.998046875,7157.70849609375,7354.1083984375,7375.93017578125,7463.220703125,7266.81962890625,7370.475805664062
2022-10-12,7157.708415446697,7266.81982421875,7135.886133692286,7266.81982421875,47569700,7201.35302734375,7244.998046875,7157.70849609375,7354.1083984375,7375.93017578125,7244.99755859375,7362.83798828125
2022-10-13,7223.1748046875,7310.4639261942975,7223.1748046875,7223.1748046875,62282800,7266.81982421875,7201.35302734375,7244.998046875,7157.70849609375,7354.1083984375,7218.81083984375,7342.106762695313
2022-10-14,7244.997591145834,7288.642154947917,7201.35302734375,7201.35302734375,70642900,7223.1748046875,7266.81982421875,7201.35302734375,7244.998046875,7157.70849609375,7227.53974609375,7333.377905273437
2022-10-17,7201.35302734375,7244.997591145834,7135.886181640625,7201.35302734375,56387500,7201.35302734375,7223.1748046875,7266.81982421875,7201.35302734375,7244.998046875,7218.8107421875,7315.920043945312
2022-10-18,7223.175763601281,7397.75402979104,7201.353480327561,7244.998046875,85665300,7201.35302734375,7201.35302734375,7223.1748046875,7266.81982421875,7201.35302734375,7227.53974609375,7305.0089111328125
2022-10-19,7201.352524310801,7288.641645817598,7179.530243934101,7223.1748046875,66753500,7244.998046875,7201.35302734375,7201.35302734375,7223.1748046875,7266.81982421875,7218.8107421875,7296.279956054687
2022-10-20,7201.353343290441,7419.576171875,7201.353343290441,7419.576171875,91812300,7223.1748046875,7244.998046875,7201.35302734375,7201.35302734375,7223.1748046875,7258.091015625,7297.371069335937
2022-10-21,7375.931982139631,7615.977105818732,7375.931982139631,7550.51025390625,122777800,7419.576171875,7223.1748046875,7244.998046875,7201.35302734375,7201.35302734375,7327.9224609375,7309.37333984375
2022-10-24,7637.799689475069,7768.7333984375,7615.977404647998,7768.7333984375,89416500,7550.51025390625,7419.576171875,7223.1748046875,7244.998046875,7201.35302734375,7441.39853515625,7330.10458984375
2022-10-25,7703.265709186423,7746.910274110992,7594.154296875001,7594.154296875,84696300,7768.7333984375,7550.51025390625,7419.576171875,7223.1748046875,7244.998046875,7511.22978515625,7347.56240234375
2022-10-26,7528.687551398026,7550.509834155701,7463.220703125,7463.220703125,98962100,7594.154296875,7768.7333984375,7550.51025390625,7419.576171875,7223.1748046875,7559.23896484375,7357.3824462890625
2022-10-27,7463.220602101293,7594.154296875001,7463.220602101293,7594.154296875,77003400,7463.220703125,7594.154296875,7768.7333984375,7550.51025390625,7419.576171875,7594.15458984375,7371.566918945313
2022-10-28,7550.510181361607,7637.799316406251,7550.510181361607,7637.79931640625,84980600,7594.154296875,7463.220703125,7594.154296875,7768.7333984375,7550.51025390625,7611.61240234375,7380.295849609375
2022-10-31,7725.088414972479,7725.088414972479,7659.621563998136,7681.44384765625,138922800,7637.79931640625,7594.154296875,7463.220703125,7594.154296875,7768.7333984375,7594.1544921875,7393.389233398438
2022-11-01,7856.0221169211645,7856.0221169211645,7615.976996681907,7681.44384765625,118118400,7681.44384765625,7637.79931640625,7594.154296875,7463.220703125,7594.154296875,7611.61240234375,7404.300390625
2022-11-02,7681.443883928572,7703.266167689732,7615.97703264509,7637.79931640625,68323600,7681.44384765625,7681.44384765625,7637.79931640625,7594.154296875,7463.220703125,7646.528125,7417.39384765625
2022-11-03,7594.154713023793,7703.266131314364,7594.154713023793,7681.44384765625,81856300,7637.79931640625,7681.44384765625,7681.44384765625,7637.79931640625,7594.154296875,7663.98603515625,7433.7606201171875
2022-11-04,7659.62109375,7681.443376068376,7572.331964476496,7659.62109375,84458300,7681.44384765625,7637.79931640625,7681.44384765625,7681.44384765625,7637.79931640625,7668.350390625,7458.85625
2022-11-07,7615.975998355844,7725.08740234375,7572.331436760682,7725.08740234375,94794000,7659.62109375,7681.44384765625,7637.79931640625,7681.44384765625,7681.44384765625,7677.0791015625,7482.860717773437
2022-11-08,7725.088451450893,7746.910735212054,7615.97703264509,7637.79931640625,42525500,7725.08740234375,7659.62109375,7681.44384765625,7637.79931640625,7681.44384765625,7668.3501953125,7504.683032226562
2022-11-09,7572.332853763204,7746.9111328125,7572.332853763204,7746.9111328125,96599500,7637.79931640625,7725.08740234375,7659.62109375,7681.44384765625,7637.79931640625,7690.17255859375,7528.68759765625
2022-11-10,7615.976996681907,7681.44384765625,7615.976996681907,7681.44384765625,89463000,7746.9111328125,7637.79931640625,7725.08740234375,7659.62109375,7681.44384765625,7690.17255859375,7551.601049804687
2022-11-11,7768.731963938912,7790.554244736493,7703.265121546168,7725.08740234375,59597900,7681.44384765625,7746.9111328125,7637.79931640625,7725.08740234375,7659.62109375,7703.2658203125,7577.787768554687
2022-11-14,7746.910735212054,7768.733018973215,7637.799316406251,7637.79931640625,49208200,7725.08740234375,7681.44384765625,7746.9111328125,7637.79931640625,7725.08740234375,7685.808203125,7599.610083007812
2022-11-15,7659.621563998136,7725.088414972479,7637.799280340021,7681.44384765625,59092900,7637.79931640625,7725.08740234375,7681.44384765625,7746.9111328125,7637.79931640625,7694.537109375,7621.432373046875
2022-11-16,7528.687517033067,7572.3320823492,7463.220669058866,7506.865234375,143424800,7681.44384765625,7637.79931640625,7725.08740234375,7681.44384765625,7746.9111328125,7646.5279296875,7635.61689453125
2022-11-17,7528.687915528743,7703.266186033758,7506.865631715616,7615.97705078125,72679800,7506.865234375,7681.44384765625,7637.79931640625,7725.08740234375,7681.44384765625,7633.4345703125,7645.436938476562
2022-11-18,7615.976978853134,7768.732964102337,7615.976978853134,7703.26611328125,83556900,7615.97705078125,7506.865234375,7681.44384765625,7637.79931640625,7725.08740234375,7629.0703125,7653.074731445313
2022-11-21,7746.910753660011,7768.733037473138,7615.97705078125,7615.97705078125,35901000,7703.26611328125,7615.97705078125,7506.865234375,7681.44384765625,7637.79931640625,7624.705859375,7645.4369140625
2022-11-22,7768.7333984375,7812.377968091643,7725.088828783356,7768.7333984375,84684200,7615.97705078125,7703.26611328125,7615.97705078125,7506.865234375,7681.44384765625,7642.16376953125,7654.165869140625
2022-11-23,7768.733417693662,7834.200272337148,7746.9111328125,7746.9111328125,84642100,7768.7333984375,7615.97705078125,7703.26611328125,7615.97705078125,7506.865234375,7690.17294921875,7668.350390625
2022-11-24,7834.199689398872,7856.02197265625,7812.377406141493,7856.02197265625,53520800,7746.9111328125,7768.7333984375,7615.97705078125,7703.26611328125,7615.97705078125,7738.18193359375,7681.443774414062
2022-11-25,7856.022479979108,7856.022479979108,7768.733341312674,7834.2001953125,75048300,7856.02197265625,7746.9111328125,7768.7333984375,7615.97705078125,7703.26611328125,7764.36875,7691.263818359375
2022-11-28,7899.666521489785,7943.311087906855,7834.199671864178,7877.84423828125,96209700,7834.2001953125,7856.02197265625,7746.9111328125,7768.7333984375,7615.97705078125,7816.7421875,7701.083837890625
2022-11-29,7834.2001953125,7921.489333978934,7790.555625979283,7834.2001953125,91562100,7877.84423828125,7834.2001953125,7856.02197265625,7746.9111328125,7768.7333984375,7829.835546875,7708.721655273437
2022-11-30,7746.908490580898,8205.176316784275,7725.086213142641,8117.88720703125,644359600,7834.2001953125,7877.84423828125,7834.2001953125,7856.02197265625,7746.9111328125,7904.03076171875,7732.726049804687
2022-12-01,8096.067088487413,8161.533938259548,7856.02197265625,7856.02197265625,155775400,8117.88720703125,7834.2001953125,7877.84423828125,7834.2001953125,7856.02197265625,7904.03076171875,7741.454956054687
2022-12-02,7799.06298828125,7864.785429193733,7799.06298828125,7799.06298828125,130982100,7856.02197265625,8117.88720703125,7834.2001953125,7877.84423828125,7834.2001953125,7897.0033203125,7748.42705078125
2022-12-05,7711.432380698005,7799.062294115028,7689.524902343749,7689.52490234375,114656300,7799.06298828125,7856.02197265625,8117.88720703125,7834.2001953125,7877.84423828125,7859.339453125,7746.64892578125
2022-12-06,7645.709485320605,7667.616962355908,7514.26462310879,7601.89453125,180553800,7689.52490234375,7799.06298828125,7856.02197265625,8117.88720703125,7834.2001953125,7812.8783203125,7744.853686523437
2022-12-07,7448.542003744453,7514.264433189257,7404.72705078125,7404.72705078125,229308700,7601.89453125,7689.52490234375,7799.06298828125,7856.02197265625,8117.88720703125,7670.2462890625,7727.744482421875
2022-12-08,7339.005572150735,7514.265406709558,7317.098092830882,7448.54296875,172590100,7404.72705078125,7601.89453125,7689.52490234375,7799.06298828125,7856.02197265625,7588.75048828125,7716.099438476563
2022-12-09,7448.5436691417635,7536.173594661079,7404.728706382106,7514.26611328125,90851300,7448.54296875,7404.72705078125,7601.89453125,7689.52490234375,7799.06298828125,7531.79111328125,7705.558374023438
2022-12-12,7470.450380522629,7623.802734375,7426.635422279095,7623.802734375,102851800,7514.26611328125,7448.54296875,7404.72705078125,7601.89453125,7689.52490234375,7518.6466796875,7704.858544921875
2022-12-13,7558.080297009698,7623.802734375,7492.357859644397,7623.802734375,104580200,7623.802734375,7514.26611328125,7448.54296875,7404.72705078125,7601.89453125,7523.0283203125,7701.976489257812
2022-12-14,7536.172599637681,7623.802513586957,7470.450164175724,7558.080078125,118164300,7623.802734375,7623.802734375,7514.26611328125,7448.54296875,7404.72705078125,7553.69892578125,7704.537231445312
2022-12-15,7514.265406709558,7536.1728860294115,7448.54296875,7448.54296875,113255700,7558.080078125,7623.802734375,7623.802734375,7514.26611328125,7448.54296875,7553.69892578125,7696.16552734375
2022-12-16,7382.820975370185,7579.988301121911,7360.913494731104,7536.17333984375,181516700,7448.54296875,7558.080078125,7623.802734375,7623.802734375,7514.26611328125,7558.08037109375,7687.810888671875
2022-12-19,7579.98779296875,7623.80275130961,7536.172834627891,7579.98779296875,67482900,7536.17333984375,7448.54296875,7558.080078125,7623.802734375,7623.802734375,7549.3173828125,7686.01142578125
2022-12-20,7492.358631901421,7579.988557420736,7492.358631901421,7514.26611328125,41243700,7579.98779296875,7536.17333984375,7448.54296875,7558.080078125,7623.802734375,7527.41005859375,7673.288061523437
2022-12-21,7536.172100144093,7623.802008285303,7514.26462310879,7601.89453125,33617700,7514.26611328125,7579.98779296875,7536.17333984375,7448.54296875,7558.080078125,7536.17294921875,7666.037231445312
2022-12-22,7579.988557420736,7601.896038800564,7514.26611328125,7514.26611328125,59591500,7601.89453125,7514.26611328125,7579.98779296875,7536.17333984375,7448.54296875,7549.317578125,7648.949438476562
2022-12-23,7470.450448069852,7514.265406709558,7448.54296875,7448.54296875,47393000,7514.26611328125,7601.89453125,7514.26611328125,7579.98779296875,7536.17333984375,7531.79150390625,7629.666577148438
2022-12-26,7448.5436691417635,7558.081076040908,7448.5436691417635,7514.26611328125,20495900,7448.54296875,7514.26611328125,7601.89453125,7514.26611328125,7579.98779296875,7518.64716796875,7611.487670898437
2022-12-27,7536.17333984375,7579.988301121911,7514.265859204669,7536.17333984375,27193800,7514.26611328125,7448.54296875,7514.26611328125,7601.89453125,7514.26611328125,7523.02861328125,7596.586328125
2022-12-28,7579.98779296875,7579.98779296875,7492.35787628703,7579.98779296875,40420200,7536.17333984375,7514.26611328125,7448.54296875,7514.26611328125,7601.89453125,7518.647265625,7569.691357421875
2022-12-29,7470.451150521592,7536.173594661079,7448.5436691417635,7514.26611328125,47020900,7579.98779296875,7536.17333984375,7514.26611328125,7448.54296875,7514.26611328125,7518.647265625,7552.603564453125
2022-12-30,7514.265389425712,7579.9878272341,7492.357910156249,7492.35791015625,44681400,7514.26611328125,7579.98779296875,7536.17333984375,7514.26611328125,7448.54296875,7527.41025390625,7537.268310546875
2023-01-02,7514.265389425712,7536.172868695175,7448.542951617324,7492.35791015625,10653900,7492.35791015625,7514.26611328125,7579.98779296875,7536.17333984375,7514.26611328125,7523.02861328125,7527.4099609375
2023-01-03,7492.357910156249,7536.172868695175,7470.450430886787,7492.35791015625,27399100,7492.35791015625,7492.35791015625,7514.26611328125,7579.98779296875,7536.17333984375,7514.26552734375,7521.933129882813
2023-01-04,7470.450500853762,7514.26545980305,7317.09814453125,7317.09814453125,90918800,7492.35791015625,7492.35791015625,7492.35791015625,7514.26611328125,7579.98779296875,7461.68759765625,7517.551684570312
2023-01-05,7317.098180042613,7339.005659623579,7141.838343394886,7229.46826171875,128838500,7317.09814453125,7492.35791015625,7492.35791015625,7492.35791015625,7514.26611328125,7404.72802734375,7506.59794921875
2023-01-06,7098.023366905121,7295.190682652485,7098.023366905121,7273.283203125,69286600,7229.46826171875,7317.09814453125,7492.35791015625,7492.35791015625,7492.35791015625,7360.9130859375,7494.548803710937
2023-01-09,7295.189668373244,7404.72705078125,7295.189668373244,7404.72705078125,86916900,7273.283203125,7229.46826171875,7317.09814453125,7492.35791015625,7492.35791015625,7343.3869140625,7483.59501953125
2023-01-10,7360.912413990825,7382.819891413417,7141.837639764908,7163.7451171875,101759100,7404.72705078125,7273.283203125,7229.46826171875,7317.09814453125,7492.35791015625,7277.66435546875,7460.592138671875
2023-01-11,7054.208227163461,7141.8381430288455,7010.393269230769,7119.9306640625,96069100,7163.7451171875,7404.72705078125,7273.283203125,7229.46826171875,7317.09814453125,7238.230859375,7438.68466796875
2023-01-12,7141.837639764908,7251.375026877867,7119.930162342316,7163.7451171875,103804600,7119.9306640625,7163.7451171875,7404.72705078125,7273.283203125,7229.46826171875,7225.08623046875,7424.444775390625
2023-01-13,7141.838415299884,7163.745895101417,7032.301016292217,7054.20849609375,119748200,7163.7451171875,7119.9306640625,7163.7451171875,7404.72705078125,7273.283203125,7181.2712890625,7400.346533203125
2023-01-16,7054.207977856595,7185.652847009203,7054.207977856595,7141.837890625,105710700,7054.20849609375,7163.7451171875,7119.9306640625,7163.7451171875,7404.72705078125,7128.69345703125,7378.439038085938
2023-01-17,7163.745077597128,7339.004896009291,7141.837600295608,7295.18994140625,88695900,7141.837890625,7054.20849609375,7163.7451171875,7119.9306640625,7163.7451171875,7154.982421875,7367.4852294921875
2023-01-18,7185.653285015061,7295.190682652485,7163.745805487576,7273.283203125,96814600,7295.18994140625,7141.837890625,7054.20849609375,7163.7451171875,7119.9306640625,7185.6529296875,7351.054663085937
2023-01-19,7317.09741870777,7317.09741870777,7229.467509501689,7295.18994140625,66391800,7273.283203125,7295.18994140625,7141.837890625,7054.20849609375,7163.7451171875,7211.94189453125,7340.100854492188
2023-01-20,7251.375723597515,7295.190682652485,7229.468244070031,7273.283203125,96859500,7295.18994140625,7273.283203125,7295.18994140625,7141.837890625,7054.20849609375,7255.7568359375,7331.337866210937
2023-01-24,7273.282490738981,7317.097445502469,7207.56005859375,7207.56005859375,42474500,7273.283203125,7295.18994140625,7273.283203125,7295.18994140625,7141.837890625,7268.90126953125,7316.002563476562
2023-01-25,7273.282744616997,7273.282744616997,7185.65283203125,7185.65283203125,66124500,7207.56005859375,7273.283203125,7295.18994140625,7273.283203125,7295.18994140625,7246.99384765625,7298.476538085937
2023-01-26,7207.560467655328,7426.63525390625,7207.560467655328,7426.63525390625,77582300,7185.65283203125,7207.56005859375,7273.283203125,7295.18994140625,7273.283203125,7277.6642578125,7290.808911132813
2023-01-27,7623.802734375,7755.247609105604,7492.357859644397,7623.802734375,196804700,7426.63525390625,7185.65283203125,7207.56005859375,7273.283203125,7295.18994140625,7343.38681640625,7296.2857421875
2023-01-30,7645.710213496768,7689.5251717403025,7514.265338766164,7623.802734375,68544300,7623.802734375,7426.63525390625,7185.65283203125,7207.56005859375,7273.283203125,7413.49072265625,7302.857983398438
2023-01-31,7558.080125656803,7601.895082906987,7426.63525390625,7426.63525390625,200589000,7623.802734375,7623.802734375,7426.63525390625,7185.65283203125,7207.56005859375,7457.30576171875,7299.571850585938
2023-02-01,7514.265406709558,7514.265406709558,7404.728010110294,7448.54296875,77396200,7426.63525390625,7623.802734375,7623.802734375,7426.63525390625,7185.65283203125,7509.8837890625,7297.381103515625
2023-02-02,7382.819574299649,7470.449480226054,7360.912097818047,7404.72705078125,99109500,7448.54296875,7426.63525390625,7623.802734375,7623.802734375,7426.63525390625,7505.5021484375,7301.762548828125
2023-02-03,7492.357859644397,7623.802734375,7448.542901400862,7623.802734375,71716700,7404.72705078125,7448.54296875,7426.63525390625,7623.802734375,7623.802734375,7505.5021484375,7321.479272460938
2023-02-06,7667.617929015938,7667.617929015938,7579.988009827185,7645.71044921875,117757700,7623.802734375,7404.72705078125,7448.54296875,7426.63525390625,7623.802734375,7509.88369140625,7340.100634765625
2023-02-07,7689.524637513242,7755.2470703125,7667.617159913489,7755.2470703125,116014700,7645.71044921875,7623.802734375,7404.72705078125,7448.54296875,7426.63525390625,7575.6060546875,7357.626635742187
2023-02-08,7733.34033203125,7755.247811725389,7711.4328523371105,7733.34033203125,54495500,7755.2470703125,7645.71044921875,7623.802734375,7404.72705078125,7448.54296875,7632.56552734375,7386.106396484375
2023-02-09,7733.340547368767,7799.06298828125,7711.433067064607,7799.06298828125,72381700,7733.34033203125,7755.2470703125,7645.71044921875,7623.802734375,7404.72705078125,7711.43271484375,7420.063012695313
2023-02-10,7777.155291419529,7799.062771113668,7623.802933560552,7733.34033203125,62060900,7799.06298828125,7733.34033203125,7755.2470703125,7645.71044921875,7623.802734375,7733.340234375,7448.5427734375
2023-02-13,7777.15576171875,7799.063242737676,7689.525837643046,7777.15576171875,63775000,7733.34033203125,7799.06298828125,7733.34033203125,7755.2470703125,7645.71044921875,7759.629296875,7484.69013671875
2023-02-14,7755.247043034218,7842.876953125,7733.339565511523,7842.876953125,81678200,7777.15576171875,7733.34033203125,7799.06298828125,7733.34033203125,7755.2470703125,7777.1552734375,7519.74208984375
2023-02-15,7777.15576171875,7799.063242737676,7667.61835662412,7777.15576171875,38037000,7842.876953125,7777.15576171875,7733.34033203125,7799.06298828125,7733.34033203125,7785.918359375,7543.840380859375
2023-02-16,7733.340129983837,7755.247609105604,7623.802734375,7623.802734375,66040400,7777.15576171875,7842.876953125,7777.15576171875,7733.34033203125,7799.06298828125,7750.86630859375,7561.366357421875
2023-02-17,7689.525408813127,7755.247848204692,7645.71044921875,7645.71044921875,43588900,7623.802734375,7777.15576171875,7842.876953125,7777.15576171875,7733.34033203125,7733.34033203125,7578.8923828125
2023-02-20,7645.71068359375,7733.34060546875,7623.803203125,7667.6181640625,40077000,7645.71044921875,7623.802734375,7777.15576171875,7842.876953125,7777.15576171875,7711.4328125,7598.609130859375
2023-02-21,7689.5251717403025,7711.43265086207,7623.802734375,7623.802734375,25390500,7667.6181640625,7645.71044921875,7623.802734375,7777.15576171875,7842.876953125,7667.61796875,7619.421264648437
2023-02-22,7623.802008285303,7667.616962355908,7558.079577179395,7601.89453125,38671900,7623.802734375,7667.6181640625,7645.71044921875,7623.802734375,7777.15576171875,7632.56572265625,7640.233349609375
2023-02-23,7558.080530029996,7667.617929015938,7558.080530029996,7645.71044921875,53412300,7601.89453125,7623.802734375,7667.6181640625,7645.71044921875,7623.802734375,7636.947265625,7651.187109375
2023-02-24,7689.524439391211,7755.246870497119,7601.89453125,7601.89453125,44123400,7645.71044921875,7601.89453125,7623.802734375,7667.6181640625,7645.71044921875,7628.18408203125,7650.09169921875
2023-02-27,7601.894988926727,7689.524902343749,7579.987510572471,7689.52490234375,59983900,7601.89453125,7645.71044921875,7601.89453125,7623.802734375,7667.6181640625,7632.5654296875,7653.3778076171875
2023-02-28,7689.525644531251,7689.525644531251,7601.895722656251,7667.6181640625,106349400,7689.52490234375,7601.89453125,7645.71044921875,7601.89453125,7623.802734375,7641.328515625,7665.426953125
2023-03-01,7645.710743039153,7667.618223678233,7536.17333984375,7536.17333984375,67034700,7667.6181640625,7689.52490234375,7601.89453125,7645.71044921875,7601.89453125,7628.18427734375,7669.808471679687
2023-03-02,7536.172599637681,7623.802513586957,7536.172599637681,7558.080078125,56672000,7536.17333984375,7667.6181640625,7689.52490234375,7601.89453125,7645.71044921875,7610.658203125,7677.476123046875
2023-03-03,7579.987604281895,7601.895082906987,7426.63525390625,7426.63525390625,95376900,7558.080078125,7536.17333984375,7667.6181640625,7689.52490234375,7601.89453125,7575.60634765625,7667.617749023438
2023-03-06,7492.358459472656,7492.358459472656,7360.91357421875,7360.91357421875,92652000,7426.63525390625,7558.080078125,7536.17333984375,7667.6181640625,7689.52490234375,7509.88408203125,7653.377905273437
2023-03-07,7317.097392549147,7426.634778665152,7317.097392549147,7382.81982421875,106115600,7360.91357421875,7426.63525390625,7558.080078125,7536.17333984375,7667.6181640625,7452.9244140625,7634.75654296875
2023-03-08,7360.913743622449,7514.26611328125,7360.913743622449,7514.26611328125,79350900,7382.81982421875,7360.91357421875,7426.63525390625,7558.080078125,7536.17333984375,7448.54296875,7623.80283203125
2023-03-09,7579.988557420736,7579.988557420736,7492.358631901421,7514.26611328125,54201400,7514.26611328125,7382.81982421875,7360.91357421875,7426.63525390625,7558.080078125,7439.78017578125,7609.56298828125
2023-03-10,7448.542003744453,7492.356956707656,7404.72705078125,7404.72705078125,59580100,7514.26611328125,7514.26611328125,7382.81982421875,7360.91357421875,7426.63525390625,7435.39853515625,7593.13232421875
2023-03-13,7404.727993078399,7558.080347964637,7404.727993078399,7492.35791015625,82077700,7404.72705078125,7514.26611328125,7514.26611328125,7382.81982421875,7360.91357421875,7461.68740234375,7578.892431640625
2023-03-14,7382.819850612331,7426.634805215372,7295.18994140625,7295.18994140625,90495300,7492.35791015625,7404.72705078125,7514.26611328125,7514.26611328125,7382.81982421875,7444.16142578125,7551.508081054688
2023-03-15,7404.727327913852,7426.634805215372,7295.18994140625,7295.18994140625,86747400,7295.18994140625,7492.35791015625,7404.72705078125,7514.26611328125,7514.26611328125,7400.34619140625,7527.4097900390625
2023-03-16,7273.283203125,7317.09816217997,7229.468244070031,7273.283203125,105894000,7295.18994140625,7295.18994140625,7492.35791015625,7404.72705078125,7514.26611328125,7352.149609375,7509.883813476563
2023-03-17,7339.0048828125,7404.72731459888,7295.189928288246,7339.0048828125,198558600,7273.283203125,7295.18994140625,7295.18994140625,7492.35791015625,7404.72705078125,7339.00517578125,7494.54853515625
2023-03-20,7360.91357421875,7426.636016845703,7339.006093343099,7360.91357421875,37277900,7339.0048828125,7273.283203125,7295.18994140625,7295.18994140625,7492.35791015625,7312.71630859375,7479.213305664062
2023-03-21,7360.913051470588,7448.54296875,7339.005572150735,7448.54296875,91617400,7360.91357421875,7339.0048828125,7273.283203125,7295.18994140625,7295.18994140625,7343.3869140625,7470.4503173828125
2023-03-24,7623.802933560552,7733.34033203125,7558.080494478133,7733.34033203125,145603600,7448.54296875,7360.91357421875,7339.0048828125,7273.283203125,7295.18994140625,7431.0169921875,7477.022607421875
2023-03-27,7733.340129983837,7733.340129983837,7623.802734375,7623.802734375,110692800,7733.34033203125,7448.54296875,7360.91357421875,7339.0048828125,7273.283203125,7501.1208984375,7475.927221679687
2023-03-28,7711.431916426513,7711.431916426513,7601.89453125,7601.89453125,98296600,7623.802734375,7733.34033203125,7448.54296875,7360.91357421875,7339.0048828125,7553.698828125,7475.927221679687
2023-03-29,7753.84346147017,7865.5703125,7709.152721058238,7865.5703125,101068200,7601.89453125,7623.802734375,7733.34033203125,7448.54296875,7360.91357421875,7654.63017578125,7484.7294921875
2023-03-30,7954.951636641289,7954.951636641289,7865.570157577904,7887.91552734375,118912100,7865.5703125,7601.89453125,7623.802734375,7733.34033203125,7448.54296875,7742.5046875,7495.744360351562
2023-03-31,7887.915503627232,7910.260873325893,7798.534024832589,7820.87939453125,97146900,7887.91552734375,7865.5703125,7601.89453125,7623.802734375,7733.34033203125,7760.0125,7509.979663085937
2023-04-03,7887.915682705966,7887.915682705966,7820.879572088068,7865.5703125,60288900,7820.87939453125,7887.91552734375,7865.5703125,7601.89453125,7623.802734375,7808.366015625,7525.354174804687
2023-04-04,7887.915347889957,7887.915347889957,7731.4977630876065,7843.224609375,60975800,7865.5703125,7820.87939453125,7887.91552734375,7865.5703125,7601.89453125,7856.63203125,7546.183642578125
2023-04-05,7843.224919972242,7865.570290114613,7798.5341796875,7798.5341796875,36922100,7843.224609375,7865.5703125,7820.87939453125,7887.91552734375,7865.5703125,7843.2248046875,7568.064672851562
2023-04-06,7776.188655133928,7843.224764229911,7776.188655133928,7820.87939453125,45489400,7798.5341796875,7843.224609375,7865.5703125,7820.87939453125,7887.91552734375,7829.817578125,7589.9676513671875
2023-04-10,7798.534201882102,7865.5703125,7776.188831676136,7865.5703125,32996000,7820.87939453125,7798.5341796875,7843.224609375,7865.5703125,7820.87939453125,7838.75576171875,7607.532861328125
2023-04-11,7887.91552734375,7887.91552734375,7820.879418046211,7887.91552734375,44554300,7865.5703125,7820.87939453125,7798.5341796875,7843.224609375,7865.5703125,7843.2248046875,7626.21533203125
2023-04-12,7954.951171875,7954.951171875,7887.915066494031,7954.951171875,91903600,7887.91552734375,7865.5703125,7820.87939453125,7798.5341796875,7843.224609375,7865.5701171875,7653.726538085937
2023-04-13,7999.643223695728,7999.643223695728,7932.607107296044,7977.2978515625,51726500,7954.951171875,7887.91552734375,7865.5703125,7820.87939453125,7798.5341796875,7901.3228515625,7677.97353515625
2023-04-14,8044.3330078125,8044.3330078125,7999.642268880209,8044.3330078125,110354200,7977.2978515625,7954.951171875,7887.91552734375,7865.5703125,7820.87939453125,7946.01357421875,7715.430688476563
2023-04-17,8066.6787109375,8089.024081327908,7954.951858985457,8066.6787109375,83946900,8044.3330078125,7977.2978515625,7954.951171875,7887.91552734375,7865.5703125,7986.23525390625,7754.005126953125
2023-04-18,8089.023948523116,8200.750798640838,8066.678578499572,8156.06005859375,91178700,8066.6787109375,8044.3330078125,7977.2978515625,7954.951171875,7887.91552734375,8039.86416015625,7798.143969726562
2023-04-26,8156.059596849524,8223.095703125,8044.332753057066,8223.095703125,186928200,8156.06005859375,8066.6787109375,8044.3330078125,7977.2978515625,7954.951171875,8093.49306640625,7842.3485107421875
2023-04-27,8133.714048625342,8200.750153421704,8111.368680359888,8178.40478515625,54842400,8223.095703125,8156.06005859375,8066.6787109375,8044.3330078125,7977.2978515625,8133.714453125,7883.223071289062
2023-04-28,8133.714665702693,8156.060035663415,8089.023925781249,8089.02392578125,145775300,8178.40478515625,8223.095703125,8156.06005859375,8066.6787109375,8044.3330078125,8142.65263671875,7915.247119140625
2023-05-02,8133.714665702693,8133.714665702693,7954.951706016919,8089.02392578125,83645900,8089.02392578125,8178.40478515625,8223.095703125,8156.06005859375,8066.6787109375,8147.1216796875,7933.031298828125
2023-05-03,8089.024712228642,8089.024712228642,7932.607107296044,7977.2978515625,83728800,8089.02392578125,8089.02392578125,8178.40478515625,8223.095703125,8156.06005859375,8111.36923828125,7950.7060546875
2023-05-04,7977.296899414063,8066.678377278646,7932.606160481771,8044.3330078125,67565000,7977.2978515625,8089.02392578125,8089.02392578125,8178.40478515625,8223.095703125,8075.61669921875,7972.827978515625
2023-05-05,8044.3330078125,8089.023746744792,7999.642268880209,8044.3330078125,64815100,8044.3330078125,7977.2978515625,8089.02392578125,8089.02392578125,8178.40478515625,8048.80234375,7981.76611328125
2023-05-08,8044.3330078125,8111.369116210938,7999.642268880209,8044.3330078125,84754500,8044.3330078125,8044.3330078125,7977.2978515625,8089.02392578125,8089.02392578125,8039.86416015625,7989.586987304688
2023-05-09,7999.643223695728,8021.988595828957,7954.952479429272,7977.2978515625,40929600,8044.3330078125,8044.3330078125,8044.3330078125,7977.2978515625,8089.02392578125,8017.5189453125,7997.40791015625
2023-05-10,7977.2978515625,7999.643223695728,7954.952479429272,7977.2978515625,45322600,7977.2978515625,8044.3330078125,8044.3330078125,8044.3330078125,7977.2978515625,8017.5189453125,8002.994287109375
2023-05-11,7954.951636641289,7954.951636641289,7865.570157577904,7887.91552734375,81993900,7977.2978515625,7977.2978515625,8044.3330078125,8044.3330078125,8044.3330078125,7986.23544921875,8005.228833007813
2023-05-12,7820.879572088068,7932.606423117898,7798.534201882102,7865.5703125,96525600,7887.91552734375,7977.2978515625,7977.2978515625,8044.3330078125,8044.3330078125,7950.48291015625,8008.580639648438
2023-05-15,7932.606086404914,7932.606086404914,7798.533870860042,7843.224609375,64830300,7865.5703125,7887.91552734375,7977.2978515625,7977.2978515625,8044.3330078125,7910.26123046875,8009.697900390625
2023-05-16,7865.56945941092,7887.914827193337,7776.18798828125,7776.18798828125,49497000,7843.224609375,7865.5703125,7887.91552734375,7977.2978515625,7977.2978515625,7870.0392578125,8005.228784179688
2023-05-17,7843.224609374999,7910.260717147436,7820.879240117521,7843.224609375,69996100,7776.18798828125,7843.224609375,7865.5703125,7887.91552734375,7977.2978515625,7843.224609375,8002.99423828125
2023-05-19,7954.951529947917,8044.3330078125,7887.915421549479,8044.3330078125,123592500,7843.224609375,7776.18798828125,7843.224609375,7865.5703125,7887.91552734375,7874.50810546875,8007.463330078125
2023-05-22,8044.3330078125,8111.369116210938,7977.296899414063,8044.3330078125,91000000,8044.3330078125,7843.224609375,7776.18798828125,7843.224609375,7865.5703125,7910.26064453125,8010.815087890625
2023-05-23,8089.023948523116,8178.405428617294,8066.678578499572,8156.06005859375,102980500,8044.3330078125,8044.3330078125,7843.224609375,7776.18798828125,7843.224609375,7972.827734375,8016.401440429688
2023-05-24,8223.09630367036,8223.09630367036,8066.6787109375,8066.6787109375,77392900,8156.06005859375,8044.3330078125,8044.3330078125,7843.224609375,7776.18798828125,8030.92587890625,8016.401440429688
2023-05-25,8133.714665702693,8178.405405624137,8089.023925781249,8089.02392578125,76325700,8066.6787109375,8156.06005859375,8044.3330078125,8044.3330078125,7843.224609375,8080.0857421875,8013.049633789063
2023-05-26,8200.750153421704,8223.095521687159,8133.714048625342,8178.40478515625,55675900,8089.02392578125,8066.6787109375,8156.06005859375,8044.3330078125,8044.3330078125,8106.90009765625,8010.815087890625
2023-05-29,8267.786258218068,8267.786258218068,8111.368680359888,8178.40478515625,79148200,8178.40478515625,8089.02392578125,8066.6787109375,8156.06005859375,8044.3330078125,8133.714453125,8010.815087890625
2023-05-30,8223.09539695946,8334.822236592061,8178.40466110642,8267.7861328125,97189500,8178.40478515625,8178.40478515625,8089.02392578125,8066.6787109375,8156.06005859375,8156.05966796875,8019.753198242188
2023-05-31,8312.477625388467,8334.822995349188,8089.023925781249,8089.02392578125,722827900,8267.7861328125,8178.40478515625,8178.40478515625,8089.02392578125,8066.6787109375,8160.5287109375,8019.753198242188
2023-06-05,8178.404965608017,8334.82254691746,8133.714228091033,8223.095703125,163535600,8089.02392578125,8267.7861328125,8178.40478515625,8178.40478515625,8089.02392578125,8187.34306640625,8032.043090820312
2023-06-06,8089.023312094433,8223.095521687159,8089.023312094433,8178.40478515625,74872200,8223.095703125,8089.02392578125,8267.7861328125,8178.40478515625,8178.40478515625,8187.34306640625,8038.7466796875
2023-06-07,8156.0597245771805,8200.750462794042,8111.368986360319,8133.71435546875,87492200,8178.40478515625,8223.095703125,8089.02392578125,8267.7861328125,8178.40478515625,8178.40498046875,8043.215747070312
2023-06-08,8111.369318546661,8156.06005859375,8111.369318546661,8156.06005859375,53188400,8133.71435546875,8178.40478515625,8223.095703125,8089.02392578125,8267.7861328125,8156.059765625,8048.802099609375
2023-06-09,8200.750462794042,8200.750462794042,8133.71435546875,8133.71435546875,44632400,8156.06005859375,8133.71435546875,8178.40478515625,8223.095703125,8089.02392578125,8164.9978515625,8056.622924804687
2023-06-12,8178.40478515625,8178.40478515625,8133.714048625342,8178.40478515625,38082300,8133.71435546875,8156.06005859375,8133.71435546875,8178.40478515625,8223.095703125,8156.05966796875,8066.678271484375
2023-06-13,8200.750153421704,8200.750153421704,8133.714048625342,8178.40478515625,45552600,8178.40478515625,8133.71435546875,8156.06005859375,8133.71435546875,8178.40478515625,8156.05966796875,8081.202734375
2023-06-14,8133.714020532026,8156.0593887203,8089.023284155475,8111.36865234375,72223700,8178.40478515625,8178.40478515625,8133.71435546875,8156.06005859375,8133.71435546875,8151.59052734375,8093.492651367187
2023-06-15,8133.714665702693,8133.714665702693,8089.023925781249,8089.02392578125,59073000,8111.36865234375,8178.40478515625,8178.40478515625,8133.71435546875,8156.06005859375,8138.18330078125,8105.7826171875
2023-06-16,8133.714665702693,8133.714665702693,8021.987815899084,8089.02392578125,112769400,8089.02392578125,8111.36865234375,8178.40478515625,8178.40478515625,8133.71435546875,8129.24521484375,8121.4244140625
2023-06-19,8044.3330078125,8089.023746744792,8044.3330078125,8044.3330078125,32330600,8089.02392578125,8089.02392578125,8111.36865234375,8178.40478515625,8178.40478515625,8102.430859375,8131.479833984375
2023-06-20,8066.678555820527,8089.023925781249,7999.642445938362,8089.02392578125,54990100,8044.3330078125,8089.02392578125,8089.02392578125,8111.36865234375,8178.40478515625,8084.5546875,8133.714379882813
2023-06-21,8089.023948523116,8156.06005859375,8044.333208476027,8156.06005859375,42676300,8089.02392578125,8044.3330078125,8089.02392578125,8089.02392578125,8111.36865234375,8093.49296875,8139.300732421875
2023-06-22,8156.060035663415,8178.405405624137,8089.023925781249,8089.02392578125,48291100,8156.06005859375,8089.02392578125,8044.3330078125,8089.02392578125,8089.02392578125,8093.49296875,8135.94892578125
2023-06-23,8066.678555820527,8178.405405624137,8066.678555820527,8089.02392578125,47813500,8089.02392578125,8156.06005859375,8089.02392578125,8044.3330078125,8089.02392578125,8093.49296875,8137.066186523438
2023-06-26,8066.6779159672,8156.0593887203,8066.6779159672,8111.36865234375,36389900,8089.02392578125,8089.02392578125,8156.06005859375,8089.02392578125,8044.3330078125,8106.90009765625,8138.183422851563
2023-06-27,8089.023312094433,8178.40478515625,8089.023312094433,8178.40478515625,36225100,8111.36865234375,8089.02392578125,8089.02392578125,8156.06005859375,8089.02392578125,8124.77626953125,8138.183422851563
2023-07-03,8066.6779159672,8111.36865234375,8066.6779159672,8111.36865234375,108855900,8178.40478515625,8111.36865234375,8089.02392578125,8089.02392578125,8156.06005859375,8115.83798828125,8134.831616210938
2023-07-04,8178.405405624137,8178.405405624137,8089.023925781249,8089.02392578125,35049300,8111.36865234375,8178.40478515625,8111.36865234375,8089.02392578125,8089.02392578125,8115.83798828125,8125.893505859375
2023-07-05,8089.023925781249,8111.369295741972,8066.678555820527,8089.02392578125,44609200,8089.02392578125,8111.36865234375,8178.40478515625,8111.36865234375,8089.02392578125,8115.83798828125,8125.893505859375
2023-07-06,8089.023284155475,8133.714020532026,8066.6779159672,8111.36865234375,52532400,8089.02392578125,8089.02392578125,8111.36865234375,8178.40478515625,8111.36865234375,8115.83798828125,8120.307153320313
2023-07-07,8066.6787109375,8133.714822108725,8066.6787109375,8066.6787109375,37641300,8111.36865234375,8089.02392578125,8089.02392578125,8111.36865234375,8178.40478515625,8093.4927734375,8114.720849609375
2023-07-10,8133.714665702693,8133.714665702693,8089.023925781249,8089.02392578125,28981500,8066.6787109375,8111.36865234375,8089.02392578125,8089.02392578125,8111.36865234375,8089.023828125,8112.486328125
2023-07-11,8133.714822108725,8133.714822108725,8066.6787109375,8066.6787109375,43703500,8089.02392578125,8066.6787109375,8111.36865234375,8089.02392578125,8089.02392578125,8084.55478515625,8108.017260742187
2023-07-12,8111.369494529121,8200.7509765625,8089.024124020776,8200.7509765625,61566500,8066.6787109375,8089.02392578125,8066.6787109375,8111.36865234375,8089.02392578125,8106.9001953125,8111.369091796875
2023-07-13,8223.096168664384,8245.441538687928,8156.06005859375,8156.06005859375,65230900,8200.7509765625,8066.6787109375,8089.02392578125,8066.6787109375,8111.36865234375,8115.8384765625,8110.25185546875
2023-07-14,8200.750334366508,8223.095703125,8156.059596849524,8223.095703125,55554500,8156.06005859375,8200.7509765625,8066.6787109375,8089.02392578125,8066.6787109375,8147.121875,8112.486401367188
2023-07-17,8223.096347070845,8267.787088087534,8200.7509765625,8200.7509765625,62550100,8223.095703125,8156.06005859375,8200.7509765625,8066.6787109375,8089.02392578125,8169.46728515625,8116.955517578125
2023-07-18,8223.095521687159,8267.786258218068,8133.714048625342,8178.40478515625,52924600,8200.7509765625,8223.095703125,8156.06005859375,8200.7509765625,8066.6787109375,8191.8125,8121.424560546875
2023-07-20,8223.095521687159,8245.440889952613,8156.059416890796,8178.40478515625,83476600,8178.40478515625,8200.7509765625,8223.095703125,8156.06005859375,8200.7509765625,8187.34326171875,8125.893603515625
2023-07-21,8178.40478515625,8200.750153421704,8156.059416890796,8178.40478515625,42667800,8178.40478515625,8178.40478515625,8200.7509765625,8223.095703125,8156.06005859375,8191.81220703125,8132.597192382813
2023-07-24,8223.095831902472,8223.095831902472,8133.71435546875,8133.71435546875,62061200,8178.40478515625,8178.40478515625,8178.40478515625,8200.7509765625,8223.095703125,8173.9359375,8134.831713867187
2023-07-25,8200.750153421704,8312.476994748975,8178.40478515625,8178.40478515625,122802700,8133.71435546875,8178.40478515625,8178.40478515625,8178.40478515625,8200.7509765625,8169.46669921875,8135.948950195312
2023-07-26,8200.750386447193,8357.16796875,8156.05964864639,8357.16796875,113868700,8178.40478515625,8133.71435546875,8178.40478515625,8178.40478515625,8178.40478515625,8205.2193359375,8149.35615234375
2023-07-27,8401.857998814363,8401.857998814363,8245.4404296875,8245.4404296875,77848400,8357.16796875,8178.40478515625,8133.71435546875,8178.40478515625,8178.40478515625,8218.62646484375,8157.176977539062
2023-07-28,8223.096168664384,8245.441538687928,8156.06005859375,8156.06005859375,74510200,8245.4404296875,8357.16796875,8178.40478515625,8133.71435546875,8178.40478515625,8214.15751953125,8159.411547851562
2023-07-31,8200.750798640838,8223.096168664384,8133.714688570205,8156.06005859375,80868000,8156.06005859375,8245.4404296875,8357.16796875,8178.40478515625,8133.71435546875,8218.62666015625,8158.294311523437
2023-08-01,8200.750798640838,8200.750798640838,8133.714688570205,8156.06005859375,49756400,8156.06005859375,8156.06005859375,8245.4404296875,8357.16796875,8178.40478515625,8214.15771484375,8160.528881835938
2023-08-02,8156.059596849524,8223.095703125,8156.059596849524,8223.095703125,60629900,8156.06005859375,8156.06005859375,8156.06005859375,8245.4404296875,8357.16796875,8187.34326171875,8167.232470703125
2023-08-03,8178.40466110642,8312.47686866554,8178.40466110642,8267.7861328125,64596100,8223.095703125,8156.06005859375,8156.06005859375,8156.06005859375,8245.4404296875,8191.81240234375,8176.170581054687
2023-08-04,8267.786258218068,8290.13162648352,8156.059416890796,8178.40478515625,52675900,8267.7861328125,8223.095703125,8156.06005859375,8156.06005859375,8156.06005859375,8196.28134765625,8179.522387695312
2023-08-07,8178.405955188679,8290.1328125,8178.405955188679,8290.1328125,55589300,8178.40478515625,8267.7861328125,8223.095703125,8156.06005859375,8156.06005859375,8223.0958984375,8190.695092773438
2023-08-08,8290.131809400476,8312.477178158968,8223.095703125,8223.095703125,43373400,8290.1328125,8178.40478515625,8267.7861328125,8223.095703125,8156.06005859375,8236.50302734375,8197.398681640625
2023-08-09,8290.131558032746,8401.8583984375,8267.786189951796,8401.8583984375,77056800,8223.095703125,8290.1328125,8178.40478515625,8267.7861328125,8223.095703125,8272.25556640625,8214.157666015624
2023-08-10,8401.8583984375,8424.20376651845,8357.167662275599,8401.8583984375,76738100,8401.8583984375,8223.095703125,8290.1328125,8178.40478515625,8267.7861328125,8299.07001953125,8224.213037109375
2023-08-11,8424.20376651845,8446.549134599401,8379.51303035655,8401.8583984375,68898600,8401.8583984375,8401.8583984375,8223.095703125,8290.1328125,8178.40478515625,8343.7607421875,8236.502954101563
2023-08-14,8334.822599849598,8357.16796875,8245.441124247995,8357.16796875,75495400,8401.8583984375,8401.8583984375,8401.8583984375,8223.095703125,8290.1328125,8357.1677734375,8243.206567382813
2023-08-15,8334.821929603495,8379.512663810483,8312.4765625,8312.4765625,59303700,8357.16796875,8401.8583984375,8401.8583984375,8401.8583984375,8223.095703125,8375.0439453125,8248.792846679688
2023-08-16,8290.131195396505,8334.821929603495,8267.78582829301,8312.4765625,53440000,8312.4765625,8357.16796875,8401.8583984375,8401.8583984375,8401.8583984375,8357.167578125,8255.496435546875
2023-08-18,8267.7861328125,8357.167604518581,8267.7861328125,8267.7861328125,79328900,8312.4765625,8312.4765625,8357.16796875,8401.8583984375,8401.8583984375,8330.353125,8259.965502929688
2023-08-21,8245.44171757919,8267.787088087534,8200.7509765625,8200.7509765625,73573000,8267.7861328125,8312.4765625,8312.4765625,8357.16796875,8401.8583984375,8290.131640625,8261.0828125
2023-08-22,8178.404359879032,8334.821929603495,8178.404359879032,8312.4765625,65664600,8200.7509765625,8267.7861328125,8312.4765625,8312.4765625,8357.16796875,8281.193359375,8270.020922851563
2023-08-23,8312.4765625,8334.821929603495,8290.131195396505,8312.4765625,63749800,8312.4765625,8200.7509765625,8267.7861328125,8312.4765625,8312.4765625,8281.193359375,8276.72451171875
2023-08-24,8267.786440641985,8334.82254691746,8223.095703125,8223.095703125,53725900,8312.4765625,8312.4765625,8200.7509765625,8267.7861328125,8312.4765625,8263.3171875,8270.0208984375
2023-08-25,8223.096698113208,8290.1328125,8200.751326650943,8290.1328125,50379000,8223.095703125,8312.4765625,8312.4765625,8200.7509765625,8267.7861328125,8267.7865234375,8272.255517578125
2023-08-28,8267.786440641985,8267.786440641985,8223.095703125,8223.095703125,44423100,8290.1328125,8223.095703125,8312.4765625,8312.4765625,8200.7509765625,8272.25546875,8275.607299804688
2023-08-29,8290.13150073902,8312.47686866554,8223.09539695946,8267.7861328125,45428500,8223.095703125,8290.1328125,8223.095703125,8312.4765625,8312.4765625,8263.3173828125,8281.193603515625
2023-08-30,8312.477178158968,8312.477178158968,8223.095703125,8223.095703125,56227000,8267.7861328125,8223.095703125,8290.1328125,8223.095703125,8312.4765625,8245.4412109375,8284.545385742187
2023-08-31,8223.096347070845,8245.44171757919,8133.714865037466,8200.7509765625,136107200,8223.095703125,8267.7861328125,8223.095703125,8290.1328125,8223.095703125,8240.972265625,8283.428149414063
2023-09-01,8223.095062669376,8290.131163723747,8200.749695651253,8245.4404296875,42152700,8200.7509765625,8223.095703125,8267.7861328125,8223.095703125,8290.1328125,8232.0337890625,8282.310864257812
2023-09-04,8245.4404296875,8290.131163723747,8200.749695651253,8245.4404296875,40610600,8245.4404296875,8200.7509765625,8223.095703125,8267.7861328125,8223.095703125,8236.502734375,8285.662646484376
2023-09-05,8267.785796705622,8267.785796705622,8223.095062669376,8245.4404296875,42007200,8245.4404296875,8245.4404296875,8200.7509765625,8223.095703125,8267.7861328125,8232.03359375,8283.42802734375
2023-09-06,8223.095521687159,8267.786258218068,8178.40478515625,8178.40478515625,49318400,8245.4404296875,8245.4404296875,8245.4404296875,8200.7509765625,8223.095703125,8223.09541015625,8281.193481445312
2023-09-07,8156.06023554581,8200.7509765625,8133.714865037466,8200.7509765625,61405200,8178.40478515625,8245.4404296875,8245.4404296875,8245.4404296875,8200.7509765625,8223.09541015625,8271.138110351563
2023-09-08,8133.714688570205,8178.405428617294,8089.023948523116,8156.06005859375,80732300,8200.7509765625,8178.40478515625,8245.4404296875,8245.4404296875,8245.4404296875,8205.2193359375,8258.848193359376
2023-09-11,8111.369318546661,8156.06005859375,8111.369318546661,8156.06005859375,53155900,8156.06005859375,8200.7509765625,8178.40478515625,8245.4404296875,8245.4404296875,8187.34326171875,8246.558276367188
2023-09-12,8133.71435546875,8156.0597245771805,8111.368986360319,8133.71435546875,66479000,8156.06005859375,8156.06005859375,8200.7509765625,8178.40478515625,8245.4404296875,8164.998046875,8235.385595703125
2023-09-13,8089.023284155475,8111.36865234375,8044.332547778926,8111.36865234375,69490200,8133.71435546875,8156.06005859375,8156.06005859375,8200.7509765625,8178.40478515625,8151.5908203125,8225.330200195312
2023-09-14,8044.332879035028,8156.0597245771805,8044.332879035028,8133.71435546875,112757900,8111.36865234375,8133.71435546875,8156.06005859375,8156.06005859375,8200.7509765625,8138.18349609375,8216.39208984375
2023-09-15,8089.023746744792,8133.714485677084,8044.3330078125,8044.3330078125,121005300,8133.71435546875,8111.36865234375,8133.71435546875,8156.06005859375,8156.06005859375,8115.8380859375,8205.21943359375
2023-09-18,8089.023746744792,8111.369116210938,8044.3330078125,8044.3330078125,34272200,8044.3330078125,8133.71435546875,8111.36865234375,8133.71435546875,8156.06005859375,8093.49267578125,8197.39853515625
2023-09-19,8044.332547778926,8111.36865234375,8021.987179590651,8111.36865234375,33325800,8044.3330078125,8044.3330078125,8133.71435546875,8111.36865234375,8133.71435546875,8089.02353515625,8187.343139648437
2023-09-20,8156.059416890796,8200.750153421704,8111.368680359888,8178.40478515625,54305500,8111.36865234375,8044.3330078125,8044.3330078125,8133.71435546875,8111.36865234375,8102.43076171875,8180.63955078125
2023-09-21,8156.06005859375,8178.405428617294,8111.369318546661,8156.06005859375,40607000,8178.40478515625,8111.36865234375,8044.3330078125,8044.3330078125,8133.71435546875,8106.89990234375,8177.287768554687
2023-09-22,8156.0593887203,8178.404756908575,8111.36865234375,8111.36865234375,42445300,8156.06005859375,8178.40478515625,8111.36865234375,8044.3330078125,8044.3330078125,8120.30703125,8168.349560546875
2023-09-25,8111.369116210938,8111.369116210938,8044.3330078125,8044.3330078125,56132200,8111.36865234375,8156.06005859375,8178.40478515625,8111.36865234375,8044.3330078125,8120.30703125,8159.41142578125
2023-09-26,8044.332336766759,8066.677704368889,7999.641601562499,7999.6416015625,73544700,8044.3330078125,8111.36865234375,8156.06005859375,8178.40478515625,8111.36865234375,8097.96162109375,8146.00419921875
2023-09-27,7954.951325924296,8044.332801496479,7932.60595703125,7932.60595703125,84345000,7999.6416015625,8044.3330078125,8111.36865234375,8156.06005859375,8178.40478515625,8048.80185546875,8131.479711914062
2023-09-29,7887.91552734375,7954.951636641289,7887.91552734375,7887.91552734375,118960000,7932.60595703125,7999.6416015625,8044.3330078125,8111.36865234375,8156.06005859375,7995.17294921875,8115.837939453125
2023-10-02,7954.951075025827,8133.714020532026,7932.605706837552,8111.36865234375,93663000,7887.91552734375,7932.60595703125,7999.6416015625,8044.3330078125,8111.36865234375,7995.17294921875,8109.134350585938
2023-10-03,8111.368859332541,8223.095703125,8066.678121815557,8223.095703125,98380200,8111.36865234375,7887.91552734375,7932.60595703125,7999.6416015625,8044.3330078125,8030.92548828125,8108.017114257813
2023-10-04,8223.095703125,8267.786440641985,8156.059596849524,8223.095703125,112582800,8223.095703125,8111.36865234375,7887.91552734375,7932.60595703125,7999.6416015625,8075.61630859375,8106.899877929687
2023-10-05,8223.095493285124,8223.095493285124,8111.36865234375,8111.36865234375,72855700,8223.095703125,8223.095703125,8111.36865234375,7887.91552734375,7932.60595703125,8111.36884765625,8103.548071289062
2023-10-06,8133.714822108725,8133.714822108725,8066.6787109375,8066.6787109375,53344400,8111.36865234375,8223.095703125,8223.095703125,8111.36865234375,7887.91552734375,8147.121484375,8096.844458007812
2023-10-09,8066.678555820527,8156.060035663415,8066.678555820527,8089.02392578125,43774500,8066.6787109375,8111.36865234375,8223.095703125,8223.095703125,8111.36865234375,8142.6525390625,8093.492651367187
2023-10-10,8044.333967962185,8044.333967962185,7977.2978515625,7977.2978515625,71966100,8089.02392578125,8066.6787109375,8111.36865234375,8223.095703125,8223.095703125,8093.49296875,8084.554541015625
2023-10-11,7977.2978515625,8066.679340095413,7977.2978515625,7977.2978515625,84305800,7977.2978515625,8089.02392578125,8066.6787109375,8111.36865234375,8223.095703125,8044.3333984375,8076.733715820313
2023-10-12,8044.333185859806,8133.714665702693,8044.333185859806,8089.02392578125,71064500,7977.2978515625,7977.2978515625,8089.02392578125,8066.6787109375,8111.36865234375,8039.864453125,8075.616479492188
2023-10-13,8133.714020532026,8156.0593887203,8066.6779159672,8111.36865234375,62941800,8089.02392578125,7977.2978515625,7977.2978515625,8089.02392578125,8066.6787109375,8048.80244140625,8074.499194335937
2023-10-16,8156.0597245771805,8156.0597245771805,8089.023617251889,8133.71435546875,29429200,8111.36865234375,8089.02392578125,7977.2978515625,7977.2978515625,8089.02392578125,8057.74052734375,8078.96826171875
2023-10-17,8089.023071971019,8111.368439573149,7999.641601562499,7999.6416015625,59606000,8133.71435546875,8111.36865234375,8089.02392578125,7977.2978515625,7977.2978515625,8062.20927734375,8076.73369140625
2023-10-18,7977.29685017214,7999.642219500353,7910.2607421875,7910.2607421875,50919200,7999.6416015625,8133.71435546875,8111.36865234375,8089.02392578125,7977.2978515625,8048.80185546875,8066.678295898438
2023-10-19,7887.915503627232,7910.260873325893,7820.87939453125,7820.87939453125,89509700,7910.2607421875,7999.6416015625,8133.71435546875,8111.36865234375,8089.02392578125,7995.17294921875,8048.802026367188
2023-10-20,7798.535518040564,8066.680005766888,7798.535518040564,8021.9892578125,64554500,7820.87939453125,7910.2607421875,7999.6416015625,8133.71435546875,8111.36865234375,7977.2970703125,8042.098486328125
2023-10-23,7932.606111515714,7977.29685017214,7910.2607421875,7910.2607421875,50633500,8021.9892578125,7820.87939453125,7910.2607421875,7999.6416015625,8133.71435546875,7932.60634765625,8032.043090820312
2023-10-24,7843.224609374999,7932.606086404914,7843.224609374999,7843.224609375,76963200,7910.2607421875,8021.9892578125,7820.87939453125,7910.2607421875,7999.6416015625,7901.32294921875,8021.987670898437
2023-10-25,7887.915219245158,7977.296694817342,7887.915219245158,7932.60595703125,54748400,7843.224609375,7910.2607421875,8021.9892578125,7820.87939453125,7910.2607421875,7905.7919921875,8018.635888671875
2023-10-26,7977.297140826468,7999.64251096884,7798.5341796875,7798.5341796875,63199400,7932.60595703125,7843.224609375,7910.2607421875,8021.9892578125,7820.87939453125,7901.32294921875,8011.932299804687
2023-10-27,7798.533356063667,7865.56945941092,7776.18798828125,7776.18798828125,52450700,7798.5341796875,7932.60595703125,7843.224609375,7910.2607421875,8021.9892578125,7852.1626953125,8006.345922851562
2023-10-30,7776.18852621822,7910.2607421875,7776.18852621822,7910.2607421875,51958200,7776.18798828125,7798.5341796875,7932.60595703125,7843.224609375,7910.2607421875,7852.1626953125,7996.29052734375
2023-10-31,7865.5701339285715,7887.915503627232,7798.534024832589,7820.87939453125,64907600,7910.2607421875,7776.18798828125,7798.5341796875,7932.60595703125,7843.224609375,7847.69365234375,7976.179711914063
2023-11-01,7820.8793462708945,7843.224715831669,7686.80712890625,7686.80712890625,67027600,7820.87939453125,7910.2607421875,7776.18798828125,7798.5341796875,7932.60595703125,7798.53388671875,7949.365283203125
2023-11-02,7798.533895546434,7954.951480843926,7798.533895546434,7910.2607421875,56050900,7686.80712890625,7820.87939453125,7910.2607421875,7776.18798828125,7798.5341796875,7820.87919921875,7939.309887695313
2023-11-03,7977.296540335323,7999.6419087956465,7910.260434954354,7954.951171875,60414100,7910.2607421875,7686.80712890625,7820.87939453125,7910.2607421875,7776.18798828125,7856.6318359375,7933.7235107421875
2023-11-06,8021.987815899084,8089.023925781249,7999.642445938362,8089.02392578125,84994200,7954.951171875,7910.2607421875,7686.80712890625,7820.87939453125,7910.2607421875,7892.38447265625,7933.7235107421875
2023-11-07,8044.334631789694,8066.680005766888,7954.95313588092,8021.9892578125,60648200,8089.02392578125,7954.951171875,7910.2607421875,7686.80712890625,7820.87939453125,7932.6064453125,7935.958081054688
2023-11-08,7999.642268880209,8044.3330078125,7954.951529947917,8044.3330078125,31829300,8021.9892578125,8089.02392578125,7954.951171875,7910.2607421875,7686.80712890625,8004.11162109375,7939.309838867188
2023-11-09,7954.951529947917,8089.023746744792,7954.951529947917,8044.3330078125,46076800,8044.3330078125,8021.9892578125,8089.02392578125,7954.951171875,7910.2607421875,8030.92607421875,7937.07529296875
2023-11-10,7999.642376172982,8044.333115704674,7887.91552734375,7887.91552734375,50754600,8044.3330078125,8044.3330078125,8021.9892578125,8089.02392578125,7954.951171875,8017.5189453125,7925.90263671875
2023-11-13,7932.60595703125,7977.296694817342,7910.260588138204,7932.60595703125,20827700,7887.91552734375,8044.3330078125,8044.3330078125,8021.9892578125,8089.02392578125,7986.2353515625,7915.847216796875
2023-11-14,7954.952479429272,7999.643223695728,7932.607107296044,7977.2978515625,37195700,7932.60595703125,7887.91552734375,8044.3330078125,8044.3330078125,8021.9892578125,7977.2970703125,7914.730029296875
2023-11-15,8021.987815899084,8089.023925781249,7999.642445938362,8089.02392578125,84977900,7977.2978515625,7932.60595703125,7887.91552734375,8044.3330078125,8044.3330078125,7986.23525390625,7923.668188476562
2023-11-16,8089.023284155475,8111.36865234375,7999.641811402376,8111.36865234375,48714300,8089.02392578125,7977.2978515625,7932.60595703125,7887.91552734375,8044.3330078125,7999.6423828125,7938.192651367188
2023-11-17,8066.6779159672,8111.36865234375,8021.987179590651,8111.36865234375,57050500,8111.36865234375,8089.02392578125,7977.2978515625,7932.60595703125,7887.91552734375,8044.3330078125,7942.66162109375
2023-11-20,8021.987432603433,8066.678170389525,7932.60595703125,7932.60595703125,49216000,8111.36865234375,8111.36865234375,8089.02392578125,7977.2978515625,7932.60595703125,8044.3330078125,7943.778881835938
2023-11-21,7887.915347889957,7954.951455662393,7843.224609374999,7843.224609375,107614800,7932.60595703125,8111.36865234375,8111.36865234375,8089.02392578125,7977.2978515625,8017.518359375,7943.778881835938
2023-11-22,7843.224481459067,7932.60595703125,7843.224481459067,7932.60595703125,40364800,7843.224609375,7932.60595703125,8111.36865234375,8111.36865234375,8089.02392578125,7986.234765625,7943.778881835938
2023-11-23,7910.261735162815,8021.988595828957,7910.261735162815,7977.2978515625,55542100,7932.60595703125,7843.224609375,7932.60595703125,8111.36865234375,8111.36865234375,7959.42060546875,7952.717065429688
2023-11-24,7977.2978515625,8021.988595828957,7954.952479429272,7977.2978515625,43631900,7977.2978515625,7932.60595703125,7843.224609375,7932.60595703125,8111.36865234375,7932.6064453125,7962.77255859375
2023-11-27,7954.951325924296,7999.642063710387,7932.60595703125,7932.60595703125,35679000,7977.2978515625,7977.2978515625,7932.60595703125,7843.224609375,7932.60595703125,7932.6064453125,7963.889819335937
2023-11-28,7932.60595703125,7999.642063710387,7910.260588138204,7932.60595703125,69070600,7932.60595703125,7977.2978515625,7977.2978515625,7932.60595703125,7843.224609375,7950.48271484375,7969.476147460938
2023-11-29,7954.951171875,7999.6419087956465,7954.951171875,7954.951171875,54715600,7932.60595703125,7932.60595703125,7977.2978515625,7977.2978515625,7932.60595703125,7954.9517578125,7982.883349609375
2023-11-30,7977.298509858113,8021.9892578125,7954.95313588092,8021.9892578125,205312100,7954.951171875,7932.60595703125,7932.60595703125,7977.2978515625,7977.2978515625,7963.8900390625,7988.469775390625
2023-12-01,7977.29623396037,8021.986969164629,7954.95086635824,7999.6416015625,80566400,8021.9892578125,7954.951171875,7932.60595703125,7932.60595703125,7977.2978515625,7968.3587890625,7990.704296875
2023-12-04,8037.810382746848,8105.166335674894,8015.358398437499,8015.3583984375,54747400,7999.6416015625,8021.9892578125,7954.951171875,7932.60595703125,7932.60595703125,7984.90927734375,7987.021020507813
2023-12-05,8037.809235647823,8037.809235647823,7925.549330122016,7992.9052734375,94363900,8015.3583984375,7999.6416015625,8021.9892578125,7954.951171875,7932.60595703125,7996.969140625,7985.566821289062
2023-12-06,7948.002602317116,8037.810541326349,7903.0986328125,7903.0986328125,81852800,7992.9052734375,8015.3583984375,7999.6416015625,8021.9892578125,7954.951171875,7986.5986328125,7978.505102539062
2023-12-07,7858.194825601983,7925.55078125,7835.742840385978,7925.55078125,91322500,7903.0986328125,7992.9052734375,8015.3583984375,7999.6416015625,8021.9892578125,7967.3109375,7972.565991210938
2023-12-08,7903.0978125,7948.00177734375,7858.19384765625,7858.19384765625,43891600,7925.55078125,7903.0986328125,7992.9052734375,8015.3583984375,7999.6416015625,7939.02138671875,7971.079907226563
2023-12-11,7790.837900390625,7880.645830078125,7790.837900390625,7858.19384765625,78642800,7858.19384765625,7925.55078125,7903.0986328125,7992.9052734375,8015.3583984375,7907.5884765625,7967.359301757812
2023-12-12,7813.2900390625,7858.194004804239,7813.2900390625,7813.2900390625,87589300,7858.19384765625,7858.19384765625,7925.55078125,7903.0986328125,7992.9052734375,7871.6654296875,7959.158911132812
2023-12-13,7813.289873018733,7858.193837806196,7790.837890625,7790.837890625,51560500,7813.2900390625,7858.19384765625,7858.19384765625,7925.55078125,7903.0986328125,7849.21328125,7944.249609375
2023-12-14,7880.646814841592,8127.61865234375,7858.194829614124,8127.61865234375,115332800,7790.837890625,7813.2900390625,7858.19384765625,7858.19384765625,7925.55078125,7889.62685546875,7945.062109375
2023-12-15,8194.974289147189,8284.7822265625,8150.070320439533,8284.7822265625,275013500,8127.61865234375,7790.837890625,7813.2900390625,7858.19384765625,7858.19384765625,7974.94453125,7953.7327880859375
2023-12-18,8262.3291015625,8284.781082816746,8217.425139054008,8262.3291015625,111712200,8284.7822265625,8127.61865234375,7790.837890625,7813.2900390625,7858.19384765625,8055.77158203125,7970.2189453125
2023-12-19,8194.973487647805,8307.2333984375,8194.973487647805,8307.2333984375,65174500,8262.3291015625,8284.7822265625,8127.61865234375,7790.837890625,7813.2900390625,8154.56025390625,7993.419384765625
2023-12-20,8307.234700520834,8352.138671875,8284.78271484375,8352.138671875,72938100,8307.2333984375,8262.3291015625,8284.7822265625,8127.61865234375,7790.837890625,8266.82041015625,8014.396020507813
2023-12-21,8352.136886310322,8374.5888671875,8307.232924555965,8374.5888671875,88116700,8352.138671875,8307.2333984375,8262.3291015625,8284.7822265625,8127.61865234375,8316.214453125,8034.260571289063
2023-12-22,8329.684905433143,8397.040848064678,8329.684905433143,8374.5888671875,64449600,8374.5888671875,8352.138671875,8307.2333984375,8262.3291015625,8284.7822265625,8334.17578125,8054.125122070312
2023-12-27,8419.4931640625,8441.945145833333,8374.589200520833,8419.4931640625,64464700,8374.5888671875,8374.5888671875,8352.138671875,8307.2333984375,8262.3291015625,8365.60859375,8078.469482421875
2023-12-28,8374.59033462849,8464.398273873836,8374.59033462849,8441.9462890625,70184600,8419.4931640625,8374.5888671875,8374.5888671875,8352.138671875,8307.2333984375,8392.551171875,8103.936499023437
2023-12-29,8464.398273873836,8486.850258685174,8397.042319439828,8441.9462890625,79903400,8441.9462890625,8419.4931640625,8374.5888671875,8374.5888671875,8352.138671875,8410.5126953125,8128.2862548828125
2024-01-02,8441.946452254642,8464.3984375,8397.042481763927,8464.3984375,30545200,8441.9462890625,8441.9462890625,8419.4931640625,8374.5888671875,8374.5888671875,8428.474609375,8150.406713867187
2024-01-03,8464.397943996491,8464.397943996491,8374.590008251169,8397.0419921875,34603300,8464.3984375,8441.9462890625,8441.9462890625,8419.4931640625,8374.5888671875,8432.965234375,8170.276733398437
2024-01-04,8441.946776055409,8509.302734375,8419.494789948878,8509.302734375,56501800,8397.0419921875,8464.3984375,8441.9462890625,8441.9462890625,8419.4931640625,8450.9271484375,8194.973950195312
2024-01-05,8531.75342689295,8621.56135770235,8509.301444190602,8599.109375,85290100,8509.302734375,8397.0419921875,8464.3984375,8441.9462890625,8441.9462890625,8482.359765625,8225.284155273437
2024-01-08,8621.56135770235,8644.013340404701,8509.301444190602,8599.109375,50896000,8599.109375,8509.302734375,8397.0419921875,8464.3984375,8441.9462890625,8513.7923828125,8260.084692382812
2024-01-09,8621.561688311689,8644.013671875,8599.109704748376,8644.013671875,59848600,8599.109375,8599.109375,8509.302734375,8397.0419921875,8464.3984375,8549.7154296875,8296.007836914063
2024-01-10,8666.465155636452,8666.465155636452,8576.6572265625,8576.6572265625,52774900,8644.013671875,8599.109375,8599.109375,8509.302734375,8397.0419921875,8585.6384765625,8331.931005859375
2024-01-11,8644.013340404701,8666.46532310705,8599.109375,8599.109375,39381500,8576.6572265625,8644.013671875,8599.109375,8599.109375,8509.302734375,8603.5998046875,8368.976782226562
2024-01-12,8666.466147511275,8711.3701171875,8621.56217783505,8711.3701171875,68253400,8599.109375,8576.6572265625,8644.013671875,8599.109375,8599.109375,8626.051953125,8413.880786132813
2024-01-15,8756.273271810733,8756.273271810733,8666.465340817802,8733.8212890625,88399500,8711.3701171875,8599.109375,8576.6572265625,8644.013671875,8599.109375,8652.9943359375,8461.029956054688
2024-01-16,8711.3701171875,8756.274086863725,8688.918132349389,8711.3701171875,44869200,8733.8212890625,8711.3701171875,8599.109375,8576.6572265625,8644.013671875,8666.465625,8490.217529296875
2024-01-17,8756.2734375,8756.2734375,8666.465504807693,8756.2734375,107706100,8711.3701171875,8733.8212890625,8711.3701171875,8599.109375,8576.6572265625,8702.3888671875,8513.79208984375
2024-01-18,8688.9169921875,8756.272937863372,8644.013028403586,8688.9169921875,71048900,8756.2734375,8711.3701171875,8733.8212890625,8711.3701171875,8599.109375,8720.350390625,8535.121484375
2024-01-19,8778.725573254871,8778.725573254871,8621.561688311689,8644.013671875,63176500,8688.9169921875,8756.2734375,8711.3701171875,8733.8212890625,8711.3701171875,8706.8791015625,8551.960498046876
2024-01-22,8621.561688311689,8666.465655438313,8554.205737621754,8644.013671875,52868300,8644.013671875,8688.9169921875,8756.2734375,8711.3701171875,8733.8212890625,8688.917578125,8566.554248046876
2024-01-23,8486.8505859375,8621.5625,8486.8505859375,8621.5625,92348600,8644.013671875,8644.013671875,8688.9169921875,8756.2734375,8711.3701171875,8670.9560546875,8578.9029296875
2024-01-24,8621.562007874016,8621.562007874016,8509.30208589649,8554.2060546875,84906000,8621.5625,8644.013671875,8644.013671875,8688.9169921875,8756.2734375,8630.542578125,8587.8837890625
2024-01-25,8486.848966899672,8599.108873869243,8486.848966899672,8531.7529296875,63212700,8554.2060546875,8621.5625,8644.013671875,8644.013671875,8688.9169921875,8599.109765625,8593.49677734375
2024-01-26,8441.94596006016,8486.84992793282,8352.13802431484,8397.0419921875,78977300,8531.7529296875,8554.2060546875,8621.5625,8644.013671875,8644.013671875,8549.7154296875,8591.2515625
2024-01-29,8441.94533295157,8576.6572265625,8419.493350683082,8576.6572265625,73452800,8397.0419921875,8531.7529296875,8554.2060546875,8621.5625,8644.013671875,8536.244140625,8597.987109375
2024-01-30,8531.75487775259,8666.466796875,8509.30289123219,8666.466796875,73136400,8576.6572265625,8397.0419921875,8531.7529296875,8554.2060546875,8621.5625,8545.225,8608.09052734375
2024-01-31,8711.36912017343,8711.36912017343,8576.6572265625,8576.6572265625,102581200,8666.466796875,8576.6572265625,8397.0419921875,8531.7529296875,8554.2060546875,8549.715234375,8617.0712890625
2024-02-01,8666.466147511275,8733.822102025611,8599.110192996939,8711.3701171875,104208700,8576.6572265625,8666.466796875,8576.6572265625,8397.0419921875,8531.7529296875,8585.638671875,8627.174658203125
2024-02-02,8778.726071701836,8801.178056539948,8644.014162673164,8711.3701171875,99324000,8711.3701171875,8576.6572265625,8666.466796875,8576.6572265625,8397.0419921875,8648.504296875,8632.7876953125
2024-02-05,8688.9173058094,8688.9173058094,8554.2054095953,8599.109375,57983300,8711.3701171875,8711.3701171875,8576.6572265625,8666.466796875,8576.6572265625,8652.9947265625,8632.7876953125
2024-02-06,8756.273589691558,8756.273589691558,8644.013671875,8644.013671875,87651000,8599.109375,8711.3701171875,8711.3701171875,8576.6572265625,8666.466796875,8648.5041015625,8632.7876953125
2024-02-07,8711.3701171875,8733.822102025611,8666.466147511275,8711.3701171875,92953500,8644.013671875,8599.109375,8711.3701171875,8711.3701171875,8576.6572265625,8675.4466796875,8639.52333984375
2024-02-12,8756.272794762437,8801.1767578125,8711.368831712372,8801.1767578125,87949400,8711.3701171875,8644.013671875,8599.109375,8711.3701171875,8711.3701171875,8693.4080078125,8649.626708984375
2024-02-13,8756.273271810733,8801.177237307198,8711.369306314267,8733.8212890625,66072400,8801.1767578125,8711.3701171875,8644.013671875,8599.109375,8711.3701171875,8697.8982421875,8650.749267578125
2024-02-15,8935.889970653552,8958.34195550444,8846.08203125,8846.08203125,164748900,8733.8212890625,8801.1767578125,8711.3701171875,8644.013671875,8599.109375,8747.2927734375,8656.3623046875
2024-02-16,8958.341632478801,8980.7936165201,8868.5336963136,8935.8896484375,142277200,8846.08203125,8733.8212890625,8801.1767578125,8711.3701171875,8644.013671875,8805.66796875,8667.58828125
2024-02-19,8890.986164952532,8958.342120747628,8823.630209157436,8868.5341796875,53341300,8935.8896484375,8846.08203125,8733.8212890625,8801.1767578125,8711.3701171875,8837.10078125,8673.201318359375
2024-02-20,8846.081237336346,9003.2451171875,8846.081237336346,9003.2451171875,63997700,8868.5341796875,8935.8896484375,8846.08203125,8733.8212890625,8801.1767578125,8877.514453125,8688.917724609375
2024-02-21,8935.88981242168,8980.79378132832,8846.081874608397,8958.341796875,75371600,9003.2451171875,8868.5341796875,8935.8896484375,8846.08203125,8733.8212890625,8922.4185546875,8704.634130859375
2024-02-22,8958.342120747628,8958.342120747628,8868.5341796875,8868.5341796875,66913000,8958.341796875,9003.2451171875,8868.5341796875,8935.8896484375,8846.08203125,8926.908984375,8715.86015625
2024-02-23,8890.985836116412,8913.43782055105,8801.177898377862,8823.6298828125,55192300,8868.5341796875,8958.341796875,9003.2451171875,8868.5341796875,8935.8896484375,8904.45703125,8725.963525390625
2024-02-26,8756.272794762437,8868.532702387596,8733.820813237404,8801.1767578125,41356000,8823.6298828125,8868.5341796875,8958.341796875,9003.2451171875,8868.5341796875,8890.985546875,8738.312060546876
2024-02-27,8756.274253362342,8890.986164952532,8756.274253362342,8868.5341796875,43735800,8801.1767578125,8823.6298828125,8868.5341796875,8958.341796875,9003.2451171875,8864.043359375,8755.151123046875
2024-02-28,8958.34196044922,8980.7939453125,8890.986005859375,8980.7939453125,54043100,8868.5341796875,8801.1767578125,8823.6298828125,8868.5341796875,8958.341796875,8868.5337890625,8784.338720703125
2024-02-29,8980.794106012658,8980.794106012658,8846.082194422468,8868.5341796875,126671200,8980.7939453125,8868.5341796875,8801.1767578125,8823.6298828125,8868.5341796875,8868.5337890625,8798.932568359374
2024-03-01,8890.985836116412,8913.43782055105,8801.177898377862,8823.6298828125,51520600,8868.5341796875,8980.7939453125,8868.5341796875,8801.1767578125,8823.6298828125,8868.5337890625,8806.79072265625
2024-03-04,8801.177403846154,8823.629387019231,8756.2734375,8756.2734375,43822900,8823.6298828125,8868.5341796875,8980.7939453125,8868.5341796875,8801.1767578125,8859.553125,8815.771533203126
2024-03-05,8890.984683912628,8890.984683912628,8778.724776287469,8801.1767578125,61952900,8756.2734375,8823.6298828125,8868.5341796875,8980.7939453125,8868.5341796875,8846.081640625,8820.261865234375
2024-03-06,8890.9856803549,8980.7936165201,8778.725760148398,8935.8896484375,70242200,8801.1767578125,8756.2734375,8823.6298828125,8868.5341796875,8980.7939453125,8837.10078125,8831.487841796876
2024-03-07,9025.697757523149,9137.9576798804,8980.793788580248,9093.0537109375,118369300,8935.8896484375,8801.1767578125,8756.2734375,8823.6298828125,8868.5341796875,8882.0046875,8856.18505859375
2024-03-08,9205.312812692426,9250.21677763239,9093.052900342518,9115.5048828125,100947200,9093.0537109375,8935.8896484375,8801.1767578125,8756.2734375,8823.6298828125,8940.3796875,8879.759619140625
2024-03-13,9340.025703125,9340.025703125,8980.7939453125,8980.7939453125,141622600,9115.5048828125,9093.0537109375,8935.8896484375,8801.1767578125,8756.2734375,8985.2837890625,8893.230810546875
2024-03-14,9025.698083762109,9272.669921875,9003.246098479116,9272.669921875,110681100,8980.7939453125,9115.5048828125,9093.0537109375,8935.8896484375,8801.1767578125,9079.582421875,8916.80546875
2024-03-15,9160.408847752464,9250.21677763239,9025.696952932574,9115.5048828125,154176800,9272.669921875,8980.7939453125,9115.5048828125,9093.0537109375,8935.8896484375,9115.50546875,8935.8896484375
2024-03-18,9137.956865282482,9227.764795162408,9115.5048828125,9115.5048828125,62444100,9115.5048828125,9272.669921875,8980.7939453125,9115.5048828125,9093.0537109375,9119.995703125,8949.360791015624
2024-03-19,9115.505048372235,9205.312979883292,9115.505048372235,9137.95703125,55004800,9115.5048828125,9115.5048828125,9272.669921875,8980.7939453125,9115.5048828125,9124.4861328125,8959.46416015625
2024-03-20,9070.60172646605,9115.50569540895,9048.1497419946,9093.0537109375,66269700,9137.95703125,9115.5048828125,9115.5048828125,9272.669921875,8980.7939453125,9146.9380859375,8970.69013671875
2024-03-21,9137.9576798804,9182.861648823302,9025.697757523149,9093.0537109375,90279400,9093.0537109375,9137.95703125,9115.5048828125,9115.5048828125,9272.669921875,9111.01484375,8975.18056640625
2024-03-22,8980.794593131188,9093.054525545327,8935.890620165532,9070.6025390625,91968200,9093.0537109375,9093.0537109375,9137.95703125,9115.5048828125,9115.5048828125,9102.034375,8980.793603515625
2024-03-25,9256.6533203125,9256.6533203125,9118.83714184631,9256.6533203125,66971000,9070.6025390625,9093.0537109375,9093.0537109375,9137.95703125,9115.5048828125,9130.2640625,9000.199560546875
2024-03-26,9233.6845703125,9233.6845703125,9141.807111901431,9233.6845703125,65742700,9256.6533203125,9070.6025390625,9093.0537109375,9093.0537109375,9137.95703125,9149.4095703125,9020.702294921875
2024-03-27,9210.714594157103,9256.6533203125,9187.745231079403,9256.6533203125,39514100,9233.6845703125,9256.6533203125,9070.6025390625,9093.0537109375,9093.0537109375,9182.1294921875,9043.476123046876
2024-03-28,9210.714594157103,9279.622683390198,9164.775868001709,9256.6533203125,79229700,9256.6533203125,9233.6845703125,9256.6533203125,9070.6025390625,9093.0537109375,9214.8494140625,9062.882080078123
2024-04-01,9256.653969701776,9279.623334390864,9026.960322810914,9049.9296875,79248700,9256.6533203125,9256.6533203125,9233.6845703125,9256.6533203125,9070.6025390625,9210.71484375,9066.3388671875
2024-04-02,9118.837528113165,9141.806892163826,9003.990707859848,9095.8681640625,76763100,9049.9296875,9256.6533203125,9256.6533203125,9233.6845703125,9256.6533203125,9178.5578125,9077.70556640625
2024-04-03,8958.052411417322,9003.991141732284,8751.328125,8751.328125,177418400,9095.8681640625,9049.9296875,9256.6533203125,9256.6533203125,9233.6845703125,9082.0865234375,9074.090478515624
2024-04-04,8797.266675920051,9049.9296875,8797.266675920051,9049.9296875,75993500,8751.328125,9095.8681640625,9049.9296875,9256.6533203125,9256.6533203125,9040.741796875,9088.773291015625
2024-04-05,9141.807768765904,9141.807768765904,9026.9609375,9026.9609375,70428600,9049.9296875,8751.328125,9095.8681640625,9049.9296875,9256.6533203125,8994.8033203125,9100.0625
2024-04-16,8590.54281930244,8797.267111745547,8498.665355994393,8705.3896484375,283265900,9026.9609375,9049.9296875,8751.328125,9095.8681640625,9049.9296875,8925.8953125,9088.5375
2024-04-17,8774.29749015748,8889.144315944883,8751.328125,8751.328125,95620700,8705.3896484375,9026.9609375,9049.9296875,8751.328125,9095.8681640625,8856.9873046875,9071.451220703126
2024-04-18,8751.328380091523,8797.267111745547,8682.420282610488,8705.3896484375,127134000,8751.328125,8705.3896484375,9026.9609375,9049.9296875,8751.328125,8847.799609375,9050.945458984375
2024-04-19,8590.54281930244,8728.359014264512,8544.604087648417,8705.3896484375,147784300,8705.3896484375,8751.328125,8705.3896484375,9026.9609375,9049.9296875,8778.8916015625,9037.175244140624
2024-04-22,8636.48071941845,8659.450083033924,8590.5419921875,8590.5419921875,128908000,8705.3896484375,8705.3896484375,8751.328125,8705.3896484375,9026.9609375,8691.6078125,9003.06884765625
2024-04-23,8636.480318123393,8981.020756346401,8636.480318123393,8935.08203125,178833000,8590.5419921875,8705.3896484375,8705.3896484375,8751.328125,8705.3896484375,8737.5462890625,8994.047705078125
2024-04-24,9026.95982353172,9141.806640625,8958.051733275754,9141.806640625,132832700,8935.08203125,8590.5419921875,8705.3896484375,8705.3896484375,8751.328125,8815.6419921875,8995.36279296875
2024-04-25,9187.745764066496,9187.745764066496,8912.113391144501,8981.021484375,104874100,9141.806640625,8935.08203125,8590.5419921875,8705.3896484375,8705.3896484375,8870.768359375,8987.516015625
2024-04-26,8912.113169642857,9026.959988839286,8843.205078125,8843.205078125,100932900,8981.021484375,9141.806640625,8935.08203125,8590.5419921875,8705.3896484375,8898.3314453125,8975.023583984375
2024-04-29,8751.327243104273,9049.928960060586,8751.327243104273,9003.990234375,90063500,8843.205078125,8981.021484375,9141.806640625,8935.08203125,8590.5419921875,8981.02109375,8970.57041015625
2024-04-30,9233.683862802933,9233.683862802933,9003.990234375,9003.990234375,109623000,9003.990234375,8843.205078125,8981.021484375,9141.806640625,8935.08203125,8994.802734375,8967.239794921876
2024-05-02,9095.866952306937,9095.866952306937,8728.357176456151,8774.2958984375,97079400,9003.990234375,9003.990234375,8843.205078125,8981.021484375,9141.806640625,8921.3005859375,8943.121923828125
2024-05-03,8958.052228743654,9049.9296875,8889.144134676395,9049.9296875,81200400,8774.2958984375,9003.990234375,9003.990234375,8843.205078125,8981.021484375,8935.0822265625,8933.9341796875
2024-05-06,9049.928960060586,9072.89832290338,8981.020871532206,9003.990234375,53076200,9049.9296875,8774.2958984375,9003.990234375,9003.990234375,8843.205078125,8967.2392578125,8921.301025390625
2024-05-07,8912.11328125,8958.052009503866,8843.2051888692,8912.11328125,66746800,9003.990234375,9049.9296875,8774.2958984375,9003.990234375,9003.990234375,8948.8638671875,8904.0740234375
2024-05-08,8820.235999999999,8912.113458333333,8613.51171875,8613.51171875,112808900,8912.11328125,9003.990234375,9049.9296875,8774.2958984375,9003.990234375,8870.7681640625,8882.253125
2024-05-13,8452.726377952757,8751.328125,8452.726377952757,8751.328125,145469900,8613.51171875,8912.11328125,9003.990234375,9049.9296875,8774.2958984375,8866.174609375,8865.026123046875
2024-05-14,8843.203981409522,8889.142703390871,8751.326537446826,8774.2958984375,95363500,8751.328125,8613.51171875,8912.11328125,9003.990234375,9049.9296875,8811.0478515625,8866.17451171875
2024-05-15,8728.3583984375,8820.235855263158,8659.450305818256,8728.3583984375,54741900,8774.2958984375,8751.328125,8613.51171875,8912.11328125,9003.990234375,8755.921484375,8850.095947265625
2024-05-16,8797.266962687174,8889.144424438477,8751.328231811523,8820.236328125,61126000,8728.3583984375,8774.2958984375,8751.328125,8613.51171875,8912.11328125,8737.54609375,8839.759716796874
2024-05-17,8820.236538461539,9049.930198317308,8797.267172475962,8958.052734375,99848500,8820.236328125,8728.3583984375,8774.2958984375,8751.328125,8613.51171875,8806.454296875,8852.39287109375
2024-05-20,8912.113940880607,9003.991404188655,8705.3896484375,8705.3896484375,87890100,8958.052734375,8820.236328125,8728.3583984375,8774.2958984375,8751.328125,8797.2666015625,8850.095947265625
2024-05-21,8682.4198125,8797.266635416667,8613.51171875,8613.51171875,75311400,8705.3896484375,8958.052734375,8820.236328125,8728.3583984375,8774.2958984375,8765.109765625,8845.50205078125
2024-05-22,8705.389904882295,8797.267370896883,8567.573705860412,8659.451171875,121712700,8613.51171875,8705.3896484375,8958.052734375,8820.236328125,8728.3583984375,8751.3283203125,8843.205126953126
2024-05-27,8544.603515625,8613.511608492943,8521.634151335686,8544.603515625,128578500,8659.451171875,8613.51171875,8705.3896484375,8958.052734375,8820.236328125,8696.2017578125,8840.908203125
2024-05-28,8544.603515625,8636.480972782258,8544.603515625,8544.603515625,73945700,8544.603515625,8659.451171875,8613.51171875,8705.3896484375,8958.052734375,8613.5119140625,8821.38427734375
2024-05-29,8521.633927809085,8567.57265518272,8406.787109375,8406.787109375,117351600,8544.603515625,8544.603515625,8659.451171875,8613.51171875,8705.3896484375,8553.79140625,8784.63330078125
2024-05-30,8268.970703125,8498.664333767361,8062.246435546876,8268.970703125,207115100,8406.787109375,8544.603515625,8544.603515625,8659.451171875,8613.51171875,8484.883203125,8749.03076171875
2024-05-31,8360.848849239865,8498.6650390625,8291.940754328547,8498.6650390625,756431600,8268.970703125,8406.787109375,8544.603515625,8544.603515625,8659.451171875,8452.7259765625,8731.803759765626
2024-06-03,8590.542863460243,8590.542863460243,8475.69603373484,8521.634765625,72197700,8498.6650390625,8268.970703125,8406.787109375,8544.603515625,8544.603515625,8448.1322265625,8707.685986328124
2024-06-04,8751.327537495823,8751.327537495823,8590.5419921875,8590.5419921875,75353100,8521.634765625,8498.6650390625,8268.970703125,8406.787109375,8544.603515625,8457.319921875,8687.01357421875
2024-06-05,8728.35865162037,8728.35865162037,8544.603732638889,8682.419921875,82087300,8590.5419921875,8521.634765625,8498.6650390625,8268.970703125,8406.787109375,8512.446484375,8682.419775390625
2024-06-06,8751.328380091523,8751.328380091523,8682.420282610488,8705.3896484375,44991300,8682.419921875,8590.5419921875,8521.634765625,8498.6650390625,8268.970703125,8599.7302734375,8665.1927734375
2024-06-07,8728.357804121984,8728.357804121984,8567.572265625,8567.572265625,51599800,8705.3896484375,8682.419921875,8590.5419921875,8521.634765625,8498.6650390625,8613.51171875,8643.371875
2024-06-10,8728.35875984252,8751.328125,8682.420029527559,8751.328125,45584700,8567.572265625,8705.3896484375,8682.419921875,8590.5419921875,8521.634765625,8659.450390625,8635.3326171875
2024-06-11,8774.297158518146,8774.297158518146,8544.603515625,8544.603515625,68690900,8751.328125,8567.572265625,8705.3896484375,8682.419921875,8590.5419921875,8650.2626953125,8631.88720703125
2024-06-12,8544.603769003379,8567.573133973818,8498.6650390625,8498.6650390625,49785700,8544.603515625,8751.328125,8567.572265625,8705.3896484375,8682.419921875,8613.51171875,8619.254052734375
2024-06-13,8705.388578995415,8705.388578995415,8452.7255859375,8452.7255859375,84652200,8498.6650390625,8544.603515625,8751.328125,8567.572265625,8705.3896484375,8562.97890625,8603.175537109375
2024-06-14,8452.7255859375,8498.66431194803,8360.84813391644,8452.7255859375,52986300,8452.7255859375,8498.6650390625,8544.603515625,8751.328125,8567.572265625,8540.0095703125,8589.393896484375
2024-06-19,8498.666074974102,8498.666074974102,8314.9111328125,8314.9111328125,100051000,8452.7255859375,8452.7255859375,8498.6650390625,8544.603515625,8751.328125,8452.726171875,8564.12763671875
2024-06-20,8406.78814033488,8659.451171875,8360.849407327587,8659.451171875,81474800,8314.9111328125,8452.7255859375,8452.7255859375,8498.6650390625,8544.603515625,8475.695703125,8549.19755859375
2024-06-21,8705.389500935873,8889.144424438477,8636.481404622396,8820.236328125,166841200,8659.451171875,8314.9111328125,8452.7255859375,8452.7255859375,8498.6650390625,8540.0099609375,8554.939892578124
2024-06-24,8820.236328125,8958.052520751953,8797.266962687174,8820.236328125,79592300,8820.236328125,8659.451171875,8314.9111328125,8452.7255859375,8452.7255859375,8613.512109375,8565.276123046875
2024-06-25,8820.236328125,8820.236328125,8682.420135498047,8820.236328125,80029000,8820.236328125,8820.236328125,8659.451171875,8314.9111328125,8452.7255859375,8687.0142578125,8573.315380859374
2024-06-26,8751.327762643916,8866.174583675987,8682.419670024672,8728.3583984375,77913200,8820.236328125,8820.236328125,8820.236328125,8659.451171875,8314.9111328125,8769.7037109375,8582.503125
2024-06-27,8797.267172475962,8958.052734375,8774.297806490384,8958.052734375,89150700,8728.3583984375,8820.236328125,8820.236328125,8820.236328125,8659.451171875,8829.4240234375,8603.1755859375
2024-06-28,9003.990101542822,9164.775639070373,8981.020739038886,9118.8369140625,166172300,8958.052734375,8728.3583984375,8820.236328125,8820.236328125,8820.236328125,8889.144140625,8638.778076171875
2024-07-01,9049.93004845728,9095.868779667722,9026.960682852055,9072.8994140625,68634600,9118.8369140625,8958.052734375,8728.3583984375,8820.236328125,8820.236328125,8939.6767578125,8678.97451171875
2024-07-02,9187.745620265152,9187.745620265152,9049.929435961174,9095.8681640625,78848500,9072.8994140625,9118.8369140625,8958.052734375,8728.3583984375,8820.236328125,8994.803125,8708.83466796875
2024-07-03,9164.776728515624,9187.74609375,9118.837998046874,9187.74609375,55860200,9095.8681640625,9072.8994140625,9118.8369140625,8958.052734375,8728.3583984375,9086.6806640625,8742.140234375
2024-07-04,9164.777135019083,9187.746501272264,9026.9609375,9026.9609375,67054000,9187.74609375,9095.8681640625,9072.8994140625,9118.8369140625,8958.052734375,9100.4623046875,8763.961181640625
2024-07-05,9118.837277206345,9164.776004043655,9072.898550369033,9141.806640625,36946900,9026.9609375,9187.74609375,9095.8681640625,9072.8994140625,9118.8369140625,9105.05625,8786.930517578125
2024-07-08,9187.745841106966,9233.6845703125,9141.807111901431,9233.6845703125,72903600,9141.806640625,9026.9609375,9187.74609375,9095.8681640625,9072.8994140625,9137.21328125,8813.345263671876
2024-07-09,9279.622683390198,9325.561409545597,9256.6533203125,9256.6533203125,61853200,9233.6845703125,9141.806640625,9026.9609375,9187.74609375,9095.8681640625,9169.3703125,8847.79931640625
2024-07-10,9348.532122621442,9394.470855410736,9233.685290648204,9279.6240234375,62325900,9256.6533203125,9233.6845703125,9141.806640625,9026.9609375,9187.74609375,9187.7458984375,8874.214111328125
2024-07-11,9187.745231079403,9302.592046467898,9187.745231079403,9256.6533203125,55908400,9279.6240234375,9256.6533203125,9233.6845703125,9141.806640625,9026.9609375,9233.684375,8909.8166015625
2024-07-12,9233.683957234802,9279.622683390198,9210.714594157103,9256.6533203125,62646500,9256.6533203125,9279.6240234375,9256.6533203125,9233.6845703125,9141.806640625,9256.6537109375,8947.716015625
2024-07-15,9233.6845703125,9256.653934915268,9141.807111901431,9233.6845703125,36682600,9256.6533203125,9256.6533203125,9279.6240234375,9256.6533203125,9233.6845703125,9256.6537109375,8986.76396484375
2024-07-16,9164.776004043655,9210.714730880967,9141.806640625,9141.806640625,37192700,9233.6845703125,9256.6533203125,9256.6533203125,9279.6240234375,9256.6533203125,9233.684375,9021.218017578123
2024-07-17,9095.867685746174,9141.80641143176,9003.990234375,9003.990234375,90666000,9141.806640625,9233.6845703125,9256.6533203125,9256.6533203125,9279.6240234375,9178.5576171875,9055.67197265625
2024-07-18,9003.991626701732,9279.6240234375,9003.991626701732,9279.6240234375,65383200,9003.990234375,9141.806640625,9233.6845703125,9256.6533203125,9256.6533203125,9183.1517578125,9086.680615234374
2024-07-19,9233.684678819443,9302.5927734375,9164.776584201389,9302.5927734375,53880300,9279.6240234375,9003.990234375,9141.806640625,9233.6845703125,9256.6533203125,9192.3396484375,9110.7984375
2024-07-22,9302.593389832147,9325.562756226796,9279.6240234375,9279.6240234375,31285300,9302.5927734375,9279.6240234375,9003.990234375,9141.806640625,9233.6845703125,9201.5275390625,9133.767822265623
2024-07-23,9371.500614250614,9371.500614250614,9302.592521498773,9348.53125,39321100,9279.6240234375,9302.5927734375,9279.6240234375,9003.990234375,9141.806640625,9242.8724609375,9160.182568359374
2024-07-24,9302.592046467898,9348.530772623297,9256.6533203125,9256.6533203125,24658000,9348.53125,9279.6240234375,9302.5927734375,9279.6240234375,9003.990234375,9293.405078125,9186.597314453124
2024-07-25,9394.469837966471,9463.3779296875,9371.500474059463,9463.3779296875,98088100,9256.6533203125,9348.53125,9279.6240234375,9302.5927734375,9279.6240234375,9330.155859375,9211.86357421875
2024-07-26,9532.286385820218,9555.255750605327,9463.378291464893,9486.34765625,75565800,9463.3779296875,9256.6533203125,9348.53125,9279.6240234375,9302.5927734375,9366.9068359375,9230.239111328125
2024-07-29,9555.255640243902,9578.22500476372,9348.531359565548,9417.439453125,69092500,9486.34765625,9463.3779296875,9256.6533203125,9348.53125,9279.6240234375,9394.469921875,9247.46611328125
2024-07-30,9463.378071253072,9463.378071253072,9348.53125,9348.53125,32122900,9417.439453125,9486.34765625,9463.3779296875,9256.6533203125,9348.53125,9394.469921875,9260.099267578124
2024-07-31,9509.317275889598,9509.317275889598,9394.4704488861,9440.4091796875,82519900,9348.53125,9417.439453125,9486.34765625,9463.3779296875,9256.6533203125,9431.22109375,9272.732421875
2024-08-01,9371.500583584337,9532.2861328125,9371.500583584337,9532.2861328125,61176200,9440.4091796875,9348.53125,9417.439453125,9486.34765625,9463.3779296875,9445.002734375,9297.998681640624
2024-08-02,9440.409071978402,9509.317167394302,9371.5009765625,9371.5009765625,55699900,9532.2861328125,9440.4091796875,9348.53125,9417.439453125,9486.34765625,9422.0333984375,9309.4833984375
2024-08-05,9187.746242088608,9325.562435719938,9072.8994140625,9072.8994140625,126328300,9371.5009765625,9532.2861328125,9440.4091796875,9348.53125,9417.439453125,9353.125390625,9301.444140625
2024-08-06,9256.654189453126,9256.654189453126,9141.80736328125,9187.74609375,78473900,9072.8994140625,9371.5009765625,9532.2861328125,9440.4091796875,9348.53125,9320.968359375,9297.998779296877
2024-08-07,9187.74655785891,9279.6240234375,9187.74655785891,9279.6240234375,52327400,9187.74609375,9072.8994140625,9371.5009765625,9532.2861328125,9440.4091796875,9288.811328125,9297.998779296877
2024-08-08,9325.56163565862,9394.4697265625,9256.653544754738,9394.4697265625,54162100,9279.6240234375,9187.74609375,9072.8994140625,9371.5009765625,9532.2861328125,9261.248046875,9304.889599609374
2024-08-09,9394.468629733685,9417.437990686576,9279.621824969212,9325.560546875,47062400,9394.4697265625,9279.6240234375,9187.74609375,9072.8994140625,9371.5009765625,9252.0599609375,9308.3349609375
2024-08-12,9279.623516007969,9371.5009765625,9256.654150869332,9371.5009765625,40364100,9325.560546875,9394.4697265625,9279.6240234375,9187.74609375,9072.8994140625,9311.7802734375,9315.22578125
2024-08-13,9417.439201873483,9463.3779296875,9348.531110152457,9463.3779296875,55207100,9371.5009765625,9325.560546875,9394.4697265625,9279.6240234375,9187.74609375,9366.906640625,9331.304345703124
2024-08-14,9463.378437117037,9463.378437117037,9371.5009765625,9371.5009765625,47999100,9463.3779296875,9371.5009765625,9325.560546875,9394.4697265625,9279.6240234375,9385.28203125,9349.6798828125
2024-08-15,9371.500362927873,9463.377817466382,9348.530999293249,9394.4697265625,33396600,9371.5009765625,9463.3779296875,9371.5009765625,9325.560546875,9394.4697265625,9385.28203125,9355.42216796875
2024-08-16,9463.378291464893,9486.34765625,9417.439561894673,9486.34765625,40731400,9394.4697265625,9371.5009765625,9463.3779296875,9371.5009765625,9325.560546875,9417.439453125,9364.609912109376
2024-08-19,9486.347404461596,9578.224861163404,9440.408676110692,9532.2861328125,51054400,9486.34765625,9394.4697265625,9371.5009765625,9463.3779296875,9371.5009765625,9449.596484375,9377.243017578125
2024-08-20,9486.34715508843,9601.193972946645,9463.377791516788,9578.224609375,60304400,9532.2861328125,9486.34765625,9394.4697265625,9371.5009765625,9463.3779296875,9472.5658203125,9388.727685546875
2024-08-21,9647.13270008993,9647.13270008993,9578.224609375,9578.224609375,84848800,9578.224609375,9532.2861328125,9486.34765625,9394.4697265625,9371.5009765625,9513.910546875,9404.80625
2024-08-22,9509.317021035107,9555.255750605327,9394.470197109564,9486.34765625,56611600,9578.224609375,9578.224609375,9532.2861328125,9486.34765625,9394.4697265625,9532.2861328125,9405.954736328124
2024-08-23,9486.34765625,9532.286385820218,9463.378291464893,9486.34765625,46651600,9486.34765625,9578.224609375,9578.224609375,9532.2861328125,9486.34765625,9532.2861328125,9405.954736328124
2024-08-26,9440.408926679782,9532.286385820218,9417.439561894673,9486.34765625,35145600,9486.34765625,9486.34765625,9578.224609375,9578.224609375,9532.2861328125,9523.0984375,9409.400146484377
2024-08-27,9440.409071978402,9463.378437117037,9348.531611423869,9371.5009765625,60448400,9486.34765625,9486.34765625,9486.34765625,9578.224609375,9578.224609375,9481.7537109375,9410.5486328125
2024-08-28,9463.378651494566,9509.3173828125,9417.43992017663,9509.3173828125,38489900,9371.5009765625,9486.34765625,9486.34765625,9486.34765625,9578.224609375,9467.972265625,9413.99404296875
2024-08-29,9647.1327265434,9647.1327265434,9394.4697265625,9394.4697265625,53004700,9509.3173828125,9371.5009765625,9486.34765625,9486.34765625,9486.34765625,9449.5966796875,9407.10322265625
2024-08-30,9486.34765625,9486.34765625,9371.500832324456,9486.34765625,158403700,9394.4697265625,9509.3173828125,9371.5009765625,9486.34765625,9486.34765625,9449.5966796875,9412.845556640625
2024-09-02,9532.286641290297,9532.286641290297,9371.5010834854,9440.4091796875,72008600,9486.34765625,9394.4697265625,9509.3173828125,9371.5009765625,9486.34765625,9440.408984375,9431.221044921876
2024-09-03,9486.347435503683,9486.347435503683,9325.561885749385,9348.53125,50950200,9440.4091796875,9486.34765625,9394.4697265625,9509.3173828125,9371.5009765625,9435.8150390625,9439.260302734376
2024-09-04,9325.561746245448,9463.3779296875,9302.59238233844,9463.3779296875,44817000,9348.53125,9440.4091796875,9486.34765625,9394.4697265625,9509.3173828125,9426.6271484375,9448.447998046877
2024-09-05,9509.316911204269,9509.316911204269,9417.439453125,9417.439453125,39332900,9463.3779296875,9348.53125,9440.4091796875,9486.34765625,9394.4697265625,9431.22109375,9449.596484375
2024-09-06,9394.469837966471,9463.3779296875,9394.469837966471,9463.3779296875,31541800,9417.439453125,9463.3779296875,9348.53125,9440.4091796875,9486.34765625,9426.6271484375,9456.487353515626
2024-09-09,9463.3785450882,9509.317275889598,9371.5010834854,9440.4091796875,36185100,9463.3779296875,9417.439453125,9463.3779296875,9348.53125,9440.4091796875,9426.6271484375,9459.932763671875
2024-09-10,9509.3173828125,9509.3173828125,9440.409285835598,9509.3173828125,55093100,9440.4091796875,9463.3779296875,9417.439453125,9463.3779296875,9348.53125,9458.784375,9462.229736328123
2024-09-11,9578.224609375,9578.224609375,9509.316518660073,9578.224609375,64621300,9509.3173828125,9440.4091796875,9463.3779296875,9417.439453125,9463.3779296875,9481.7537109375,9472.56591796875
2024-09-12,9601.194697195704,9647.133427804296,9532.286601282816,9624.1640625,70759100,9578.224609375,9509.3173828125,9440.4091796875,9463.3779296875,9417.439453125,9523.0986328125,9484.050634765625
2024-09-13,9555.255245803355,9578.224609375,9486.34715508843,9578.224609375,70057100,9624.1640625,9578.224609375,9509.3173828125,9440.4091796875,9463.3779296875,9546.06796875,9488.644482421874
2024-09-17,9601.194084821427,9647.1328125,9509.316629464283,9647.1328125,89745000,9578.224609375,9624.1640625,9578.224609375,9509.3173828125,9440.4091796875,9587.4126953125,9494.38681640625
2024-09-18,9647.132674632352,9761.9794921875,9601.193947610294,9761.9794921875,65420200,9647.1328125,9578.224609375,9624.1640625,9578.224609375,9509.3173828125,9637.9451171875,9503.574560546876
2024-09-19,9830.888627078555,10014.6435546875,9784.94989517632,10014.6435546875,140886600,9761.9794921875,9647.1328125,9578.224609375,9624.1640625,9578.224609375,9725.22890625,9525.3955078125
2024-09-20,10014.642718604988,10014.642718604988,9899.7958984375,9899.7958984375,142194600,10014.6435546875,9761.9794921875,9647.1328125,9578.224609375,9624.1640625,9780.3552734375,9546.067919921876
2024-09-23,9853.85869943279,10060.5830078125,9853.85869943279,10060.5830078125,72553800,9899.7958984375,10014.6435546875,9761.9794921875,9647.1328125,9578.224609375,9876.826953125,9574.7796875
2024-09-24,9899.796260127316,10060.581814236111,9899.796260127316,9922.765625,105191100,10060.5830078125,9899.7958984375,10014.6435546875,9761.9794921875,9647.1328125,9931.953515625,9596.6005859375
2024-09-25,9807.917590725809,9968.703125,9670.101418490784,9968.703125,158369100,9922.765625,10060.5830078125,9899.7958984375,10014.6435546875,9761.9794921875,9973.2982421875,9626.460693359377
2024-09-26,9991.67423426548,9991.67423426548,9807.919305819218,9830.888671875,84960100,9968.703125,9922.765625,10060.5830078125,9899.7958984375,10014.6435546875,9936.547265625,9642.5392578125
2024-09-27,9647.133032570422,9876.826676203053,9555.255575117371,9784.94921875,93027400,9830.888671875,9968.703125,9922.765625,10060.5830078125,9899.7958984375,9913.5779296875,9662.063232421877
2024-09-30,9624.163844960654,9693.07193931598,9486.34765625,9486.34765625,144692100,9784.94921875,9830.888671875,9968.703125,9922.765625,10060.5830078125,9798.730859375,9662.063232421877
2024-10-01,9555.255109597156,9693.0712890625,9532.285746352933,9693.0712890625,59797700,9486.34765625,9784.94921875,9830.888671875,9968.703125,9922.765625,9752.7919921875,9674.696337890626
2024-10-02,9486.347265625,9693.071540178573,9486.347265625,9647.1328125,86746200,9693.0712890625,9486.34765625,9784.94921875,9830.888671875,9968.703125,9688.4779296875,9689.626416015624
2024-10-03,9601.1943359375,9670.102429257626,9555.255607057416,9601.1943359375,60887000,9647.1328125,9693.0712890625,9486.34765625,9784.94921875,9830.888671875,9642.5390625,9696.517236328124
2024-10-04,9555.255966587112,9624.1640625,9509.31723597852,9624.1640625,58500400,9601.1943359375,9647.1328125,9693.0712890625,9486.34765625,9784.94921875,9610.38203125,9706.853466796874
2024-10-07,9509.316657501517,9532.286021408525,9417.439201873483,9463.3779296875,91867900,9624.1640625,9601.1943359375,9647.1328125,9693.0712890625,9486.34765625,9605.7880859375,9706.853466796874
2024-10-08,9371.499981219951,9647.132333608772,9325.561255821814,9555.2548828125,99622900,9463.3779296875,9624.1640625,9601.1943359375,9647.1328125,9693.0712890625,9578.2248046875,9712.595751953126
2024-10-09,9555.255245803355,9670.10206366157,9555.255245803355,9578.224609375,56835200,9555.2548828125,9463.3779296875,9624.1640625,9601.1943359375,9647.1328125,9564.4431640625,9716.04111328125
2024-10-10,9578.224720982143,9647.1328125,9555.255357142858,9647.1328125,51080000,9578.224609375,9555.2548828125,9463.3779296875,9624.1640625,9601.1943359375,9573.630859375,9719.4865234375
2024-10-11,9716.041046216114,9716.041046216114,9532.2861328125,9532.2861328125,44632100,9647.1328125,9578.224609375,9555.2548828125,9463.3779296875,9624.1640625,9555.2552734375,9714.892626953126
2024-10-14,9532.28599330357,9647.1328125,9532.28599330357,9647.1328125,31738600,9532.2861328125,9647.1328125,9578.224609375,9555.2548828125,9463.3779296875,9592.00625,9718.338037109375
2024-10-15,9693.071401654412,9761.9794921875,9601.193947610294,9761.9794921875,66635200,9647.1328125,9532.2861328125,9647.1328125,9578.224609375,9555.2548828125,9633.351171875,9724.08037109375
2024-10-16,9830.888350238663,9853.85771554296,9624.1640625,9624.1640625,63255900,9761.9794921875,9647.1328125,9532.2861328125,9647.1328125,9578.224609375,9642.5390625,9717.189599609375
2024-10-17,9693.071869536714,9922.765515734263,9647.133140297205,9853.857421875,66993300,9624.1640625,9761.9794921875,9647.1328125,9532.2861328125,9647.1328125,9683.883984375,9709.15029296875
2024-10-18,9991.672987827034,9991.672987827034,9853.856808684592,9876.826171875,56299600,9853.857421875,9624.1640625,9761.9794921875,9647.1328125,9532.2861328125,9752.7919921875,9708.001806640625
2024-10-21,9968.704501793032,9968.704501793032,9807.9189453125,9807.9189453125,36472500,9876.826171875,9853.857421875,9624.1640625,9761.9794921875,9647.1328125,9784.94921875,9695.368603515624
2024-10-22,9624.163448660714,9739.010267857142,9624.163448660714,9647.1328125,94799500,9807.9189453125,9876.826171875,9853.857421875,9624.1640625,9761.9794921875,9761.9798828125,9681.586962890626
2024-10-23,9624.16366820716,9784.94921875,9624.16366820716,9784.94921875,48903000,9647.1328125,9807.9189453125,9876.826171875,9853.857421875,9624.1640625,9794.1369140625,9672.399267578125
2024-10-24,9853.858037930782,9968.704868209696,9830.888671875,9830.888671875,85341200,9784.94921875,9647.1328125,9807.9189453125,9876.826171875,9853.857421875,9789.5431640625,9672.399267578125
2024-10-25,9784.948719113372,9876.826171875,9761.979355922966,9876.826171875,34847500,9830.888671875,9784.94921875,9647.1328125,9807.9189453125,9876.826171875,9789.5431640625,9676.993115234374
2024-10-28,9945.735026809403,9945.735026809403,9739.0107421875,9739.0107421875,39061500,9876.826171875,9830.888671875,9784.94921875,9647.1328125,9807.9189453125,9775.7615234375,9689.62626953125
2024-10-29,9670.102176339286,9716.040904017857,9647.1328125,9647.1328125,49680100,9739.0107421875,9876.826171875,9830.888671875,9784.94921875,9647.1328125,9775.7615234375,9687.329345703123
2024-10-30,9440.409285835598,9555.256114130434,9440.409285835598,9509.3173828125,114484100,9647.1328125,9739.0107421875,9876.826171875,9830.888671875,9784.94921875,9720.63515625,9680.43857421875
2024-10-31,9486.347546684452,9624.163733803354,9417.439453125,9417.439453125,97553400,9509.3173828125,9647.1328125,9739.0107421875,9876.826171875,9830.888671875,9637.9453125,9671.250830078125
2024-11-01,9440.408427945144,9578.224609375,9440.408427945144,9578.224609375,47710000,9417.439453125,9509.3173828125,9647.1328125,9739.0107421875,9876.826171875,9578.225,9668.953857421877
2024-11-04,9578.224861163404,9647.13295368976,9463.378040286145,9532.2861328125,49275700,9578.224609375,9417.439453125,9509.3173828125,9647.1328125,9739.0107421875,9536.880078125,9672.399267578125
2024-11-05,9463.377901785714,9716.040904017857,9463.377901785714,9647.1328125,50296500,9532.2861328125,9578.224609375,9417.439453125,9509.3173828125,9647.1328125,9536.880078125,9676.9931640625
2024-11-06,9624.163700377543,9647.133064817584,9532.286242617374,9601.1943359375,50324900,9647.1328125,9532.2861328125,9578.224609375,9417.439453125,9509.3173828125,9555.25546875,9678.141650390626
2024-11-07,9486.347435503683,9601.194256756757,9348.53125,9348.53125,131579100,9601.1943359375,9647.1328125,9532.2861328125,9578.224609375,9417.439453125,9541.473828125,9663.211572265624
2024-11-08,9371.500135700991,9394.469498778692,9233.683957234802,9256.6533203125,92166100,9348.53125,9601.1943359375,9647.1328125,9532.2861328125,9578.224609375,9477.1595703125,9649.429931640623
2024-11-11,9003.990924284826,9233.6845703125,9003.990924284826,9233.6845703125,128707600,9256.6533203125,9348.53125,9601.1943359375,9647.1328125,9532.2861328125,9417.4392578125,9628.75751953125
2024-11-12,9279.621824969212,9394.468629733685,9187.744381157636,9325.560546875,80378500,9233.6845703125,9256.6533203125,9348.53125,9601.1943359375,9647.1328125,9353.1248046875,9606.936572265626
2024-11-13,9394.468629733685,9417.437990686576,9325.560546875,9325.560546875,62933100,9325.560546875,9233.6845703125,9256.6533203125,9348.53125,9601.1943359375,9297.998046875,9592.006396484376
2024-11-14,9302.593389832147,9348.532122621442,9233.685290648204,9279.6240234375,56381400,9325.560546875,9325.560546875,9233.6845703125,9256.6533203125,9348.53125,9284.2166015625,9563.2947265625
